household_size,number_of_rooms,daily_supply_hours,light_bulb_count,fan_count,television_count,fridge_count,ac_count,average_ac_usage_hours,bulb_energy_proxy,fan_energy_proxy,tv_energy_proxy,fridge_energy_proxy,ac_energy_proxy,total_selected_appliances,cooling_appliance_count,room_person_ratio,estimated_monthly_kwh
18,8,4.0,15,8,2,1,0,0,60.0,32.0,8.0,12,0,26,8,0.4444444444444444,39.3
10,9,6.0,12,1,1,0,0,0,72.0,6.0,4.0,0,0,14,1,0.9,12.375
6,5,12.0,6,2,1,0,0,0,36.0,16.0,4.0,0,0,9,2,0.8333333333333334,51.22500000000001
10,10,12.0,20,6,1,1,0,0,120.0,48.0,4.0,12,0,28,6,1.0,153.2325
6,3,5.0,3,0,0,0,0,0,15.0,0.0,0.0,0,0,3,0,0.5,4.875
4,5,4.0,5,1,1,1,0,0,20.0,4.0,4.0,12,0,8,1,1.25,15.6
9,10,6.0,10,0,0,0,0,0,60.0,0.0,0.0,0,0,10,0,1.1111111111111112,4.8
21,9,8.0,8,0,0,0,0,0,48.0,0.0,0.0,0,0,8,0,0.42857142857142855,6.2
14,8,5.0,10,0,2,0,0,0,50.0,0.0,8.0,0,0,12,0,0.5714285714285714,9.65625
8,5,6.0,5,0,0,0,0,0,30.0,0.0,0.0,0,0,5,0,0.625,7.387499999999999
5,2,8.0,5,1,1,1,0,0,30.0,8.0,4.0,12,0,8,1,0.4,32.3
8,5,4.0,4,2,1,0,0,0,16.0,8.0,4.0,0,0,7,2,0.625,9.0
9,2,5.0,6,0,0,0,0,0,30.0,0.0,0.0,0,0,6,0,0.2222222222222222,3.28125
6,5,4.0,8,5,0,0,0,0,32.0,20.0,0.0,0,0,13,5,0.8333333333333334,13.14
11,3,2.0,5,0,1,0,0,0,10.0,0.0,2.0,0,0,6,0,0.2727272727272727,5.16
8,3,6.0,7,1,1,0,0,0,42.0,6.0,4.0,0,0,9,1,0.375,13.0875
24,17,4.0,20,4,2,0,0,0,80.0,16.0,8.0,0,0,26,4,0.7083333333333334,25.290000000000003
8,5,9.0,13,2,1,0,0,0,78.0,16.0,4.0,0,0,16,2,0.625,34.03125
15,10,0.0,0,1,1,0,0,0,0.0,0.0,0.0,0,0,2,1,0.6666666666666666,0.96
9,5,8.0,6,0,0,0,0,0,36.0,0.0,0.0,0,0,6,0,0.5555555555555556,5.9
6,3,11.0,2,0,0,0,0,0,12.0,0.0,0.0,0,0,2,0,0.5,5.9125
11,8,12.0,9,2,1,0,0,0,54.0,16.0,4.0,0,0,12,2,0.7272727272727273,52.95
10,4,0.0,6,2,0,1,0,0,0.0,0.0,0.0,12,0,9,2,0.4,19.92
23,9,7.0,10,6,4,1,0,0,60.0,42.0,16.0,12,0,21,6,0.391304347826087,90.125
6,3,6.0,6,2,1,0,0,0,36.0,12.0,4.0,0,0,9,2,0.5,12.1125
15,6,0.0,12,6,2,0,0,0,0.0,0.0,0.0,0,0,20,6,0.4,57.84
7,4,8.0,5,0,0,0,0,0,30.0,0.0,0.0,0,0,5,0,0.5714285714285714,4.4
6,5,5.0,6,0,0,0,0,0,30.0,0.0,0.0,0,0,6,0,0.8333333333333334,1.5
7,5,14.0,7,4,2,1,0,0,42.0,32.0,8.0,12,0,14,4,0.7142857142857143,87.41250000000001
12,6,5.0,19,6,2,0,0,0,95.0,30.0,8.0,0,0,27,6,0.5,23.75
13,12,5.0,13,0,1,0,0,0,65.0,0.0,4.0,0,0,14,0,0.9230769230769231,8.687500000000002
6,8,7.0,11,1,2,0,0,0,66.0,7.0,8.0,0,0,14,1,1.3333333333333333,12.20625
6,4,6.0,3,0,1,0,0,0,18.0,0.0,4.0,0,0,4,0,0.6666666666666666,3.0
7,7,3.0,9,0,1,0,0,0,27.0,0.0,3.0,0,0,10,0,1.0,9.87
4,7,10.0,7,3,1,0,0,0,42.0,24.0,4.0,0,0,11,3,1.75,19.812500000000004
18,9,2.0,12,0,0,0,0,0,24.0,0.0,0.0,0,0,12,0,0.5,5.040000000000001
10,9,3.0,11,0,0,0,0,0,33.0,0.0,0.0,0,0,11,0,0.9,5.76
14,5,4.0,3,0,0,0,0,0,12.0,0.0,0.0,0,0,3,0,0.35714285714285715,0.9
8,4,21.0,8,3,1,1,0,0,48.0,24.0,4.0,12,0,13,3,0.5,153.2325
5,3,2.0,3,0,0,0,0,0,6.0,0.0,0.0,0,0,3,0,0.6,0.24
8,8,3.0,8,0,0,0,0,0,24.0,0.0,0.0,0,0,8,0,1.0,0.99
7,5,5.0,1,0,0,0,0,0,5.0,0.0,0.0,0,0,1,0,0.7142857142857143,2.0625
5,8,3.0,4,1,1,1,0,0,12.0,3.0,3.0,12,0,7,1,1.6,19.02
4,7,2.0,1,0,1,0,0,0,2.0,0.0,2.0,0,0,2,0,1.75,0.75
6,6,3.0,10,1,1,0,0,0,30.0,3.0,3.0,0,0,12,1,1.0,6.18
4,8,2.0,8,3,2,1,0,0,16.0,6.0,4.0,12,0,14,3,2.0,17.22
6,10,8.0,7,0,1,0,0,0,42.0,0.0,4.0,0,0,8,0,1.6666666666666667,10.2
12,2,0.0,3,1,1,0,0,0,0.0,0.0,0.0,0,0,5,1,0.16666666666666666,9.48
2,2,5.0,4,0,1,0,0,0,20.0,0.0,4.0,0,0,5,0,1.0,8.25
7,1,21.0,3,0,0,0,0,0,18.0,0.0,0.0,0,0,3,0,0.14285714285714285,7.612499999999999
3,5,2.0,3,0,1,0,0,0,6.0,0.0,2.0,0,0,4,0,1.6666666666666667,2.1900000000000004
12,11,14.0,13,6,4,1,1,4,78.0,48.0,16.0,12,4,25,7,0.9166666666666666,153.2325
5,7,2.0,10,0,0,0,0,0,20.0,0.0,0.0,0,0,10,0,1.4,2.76
7,6,5.0,5,0,1,0,0,0,25.0,0.0,4.0,0,0,6,0,0.8571428571428571,2.78125
14,8,6.0,17,3,3,0,0,0,102.0,18.0,12.0,0,0,23,3,0.5714285714285714,22.8
2,11,10.0,1,1,1,1,0,0,6.0,8.0,4.0,12,0,4,1,5.5,50.875
7,7,7.0,8,3,3,0,0,0,48.0,21.0,12.0,0,0,14,3,1.0,25.112500000000004
21,13,0.0,25,14,0,0,0,0,0.0,0.0,0.0,0,0,39,14,0.6190476190476191,57.18
6,4,4.0,15,2,2,0,0,0,60.0,8.0,8.0,0,0,19,2,0.6666666666666666,17.82
13,8,7.0,7,0,2,0,0,0,42.0,0.0,8.0,0,0,9,0,0.6153846153846154,8.79375
1,1,10.0,4,1,1,0,0,0,24.0,8.0,4.0,0,0,6,1,1.0,31.25
19,6,1.0,5,0,0,0,0,0,5.0,0.0,0.0,0,0,5,0,0.3157894736842105,1.32
2,5,5.0,11,2,1,0,0,0,55.0,10.0,4.0,0,0,14,2,2.5,8.187500000000002
4,4,0.0,6,0,0,0,0,0,0.0,0.0,0.0,0,0,6,0,1.0,5.7
5,4,21.0,6,2,1,1,0,0,36.0,16.0,4.0,12,0,10,2,0.8,139.9125
26,7,0.0,8,4,1,0,0,0,0.0,0.0,0.0,0,0,13,4,0.2692307692307692,4.14
3,4,3.0,6,0,0,0,0,0,18.0,0.0,0.0,0,0,6,0,1.3333333333333333,2.9400000000000004
3,3,4.0,6,0,0,0,0,0,24.0,0.0,0.0,0,0,6,0,1.0,5.760000000000001
8,8,3.0,10,8,1,0,0,0,30.0,24.0,3.0,0,0,19,8,1.0,30.930000000000003
6,3,14.0,2,3,0,0,0,0,12.0,24.0,0.0,0,0,5,3,0.5,26.25
15,4,21.0,4,0,1,0,0,0,24.0,0.0,4.0,0,0,5,0,0.26666666666666666,38.98125
8,7,10.0,8,0,0,0,0,0,48.0,0.0,0.0,0,0,8,0,0.875,9.5
8,5,9.0,5,2,0,0,0,0,30.0,16.0,0.0,0,0,7,2,0.625,26.55
8,5,19.0,6,3,1,1,0,0,36.0,24.0,4.0,12,0,11,3,0.625,152.2375
8,3,21.0,5,3,1,1,0,0,30.0,24.0,4.0,12,0,10,3,0.375,136.76250000000002
21,6,19.0,10,6,2,1,0,0,60.0,48.0,8.0,12,0,19,6,0.2857142857142857,153.2325
12,6,6.0,0,0,0,0,0,0,0.0,0.0,0.0,0,0,0,0,0.5,1.65
13,6,8.0,4,0,0,0,0,0,24.0,0.0,0.0,0,0,4,0,0.46153846153846156,4.4
5,6,14.0,11,5,2,1,1,4,66.0,40.0,8.0,12,4,20,6,1.2,153.2325
10,7,7.0,9,3,2,0,0,0,54.0,21.0,8.0,0,0,14,3,0.7,46.1125
28,19,0.0,0,0,0,0,0,0,0.0,0.0,0.0,0,0,0,0,0.6785714285714286,0.3
4,4,0.0,0,0,0,0,0,0,0.0,0.0,0.0,0,0,0,0,1.0,1.62
5,3,9.0,5,2,1,1,0,0,30.0,16.0,4.0,12,0,9,2,0.6,46.9125
7,11,3.0,4,0,2,0,0,0,12.0,0.0,6.0,0,0,6,0,1.5714285714285714,4.74
10,6,21.0,10,2,1,0,0,0,60.0,16.0,4.0,0,0,13,2,0.6,132.16875000000002
10,6,11.0,9,4,1,1,0,0,54.0,32.0,4.0,12,0,15,4,0.6,94.4625
1,10,8.0,8,1,0,0,0,0,48.0,8.0,0.0,0,0,9,1,10.0,10.4
12,5,6.0,4,0,1,0,0,0,24.0,0.0,4.0,0,0,5,0,0.4166666666666667,9.75
5,6,6.0,2,1,1,0,0,0,12.0,6.0,4.0,0,0,4,1,1.2,11.325
13,6,0.0,6,0,0,0,0,0,0.0,0.0,0.0,0,0,6,0,0.46153846153846156,2.640000000000001
4,3,5.0,6,1,1,1,1,4,30.0,5.0,4.0,12,4,10,2,0.75,51.65625
10,5,4.0,10,5,1,1,0,0,40.0,20.0,4.0,12,0,17,5,0.5,52.08
1,3,4.0,5,1,1,1,0,0,20.0,4.0,4.0,12,0,8,1,3.0,14.31
6,4,0.0,4,2,1,0,0,0,0.0,0.0,0.0,0,0,7,2,0.6666666666666666,9.840000000000002
8,5,3.0,4,0,0,0,0,0,12.0,0.0,0.0,0,0,4,0,0.625,0.9
10,6,3.0,4,0,0,0,0,0,12.0,0.0,0.0,0,0,4,0,0.6,0.81
22,6,7.0,6,0,0,1,0,0,36.0,0.0,0.0,12,0,7,0,0.2727272727272727,26.775
4,11,3.0,4,0,0,0,0,0,12.0,0.0,0.0,0,0,4,0,2.75,0.75
4,6,4.0,4,0,1,1,0,0,16.0,0.0,4.0,12,0,6,0,1.5,16.080000000000002
13,2,8.0,3,0,0,0,0,0,18.0,0.0,0.0,0,0,3,0,0.15384615384615385,1.6
3,1,9.0,2,2,0,0,0,0,12.0,16.0,0.0,0,0,4,2,0.3333333333333333,14.5125
6,5,3.0,4,0,1,0,0,0,12.0,0.0,3.0,0,0,5,0,0.8333333333333334,2.61
5,6,3.0,6,0,0,0,0,0,18.0,0.0,0.0,0,0,6,0,1.2,1.2600000000000002
7,6,3.0,3,0,0,0,0,0,9.0,0.0,0.0,0,0,3,0,0.8571428571428571,0.6300000000000001
8,6,3.0,8,0,0,0,0,0,24.0,0.0,0.0,0,0,8,0,0.75,1.5300000000000002
12,8,1.0,6,5,4,1,0,0,6.0,5.0,4.0,12,0,16,5,0.6666666666666666,24.480000000000004
13,6,7.0,8,0,0,0,0,0,48.0,0.0,0.0,0,0,8,0,0.46153846153846156,5.6000000000000005
20,10,6.0,12,5,2,1,0,0,72.0,30.0,8.0,12,0,20,5,0.5,69.375
20,6,5.0,7,1,0,0,0,0,35.0,5.0,0.0,0,0,8,1,0.3,11.5625
4,5,5.0,8,1,1,1,0,0,40.0,5.0,4.0,12,0,11,1,1.25,23.25
5,3,18.0,4,3,1,1,1,4,24.0,24.0,4.0,12,4,10,4,0.6,153.2325
5,7,7.0,13,0,1,0,0,0,78.0,0.0,4.0,0,0,14,0,1.4,20.2125
8,4,18.0,10,3,2,1,0,0,60.0,24.0,8.0,12,0,16,3,0.5,153.2325
3,3,20.0,10,3,1,1,0,0,60.0,24.0,4.0,12,0,15,3,1.0,153.2325
2,3,5.0,5,2,0,1,0,0,25.0,10.0,0.0,12,0,8,2,1.5,20.125
4,3,20.0,3,3,1,1,0,0,18.0,24.0,4.0,12,0,8,3,0.75,153.2325
9,6,8.0,3,2,0,0,0,0,18.0,16.0,0.0,0,0,5,2,0.6666666666666666,7.649999999999999
5,3,6.0,4,0,1,1,0,0,24.0,0.0,4.0,12,0,6,0,0.6,23.25
3,3,6.0,4,1,1,1,0,0,24.0,6.0,4.0,12,0,7,1,1.0,23.7
3,11,0.0,0,0,0,0,0,0,0.0,0.0,0.0,0,0,0,0,3.6666666666666665,0.12
3,3,9.0,6,3,2,1,1,4,36.0,24.0,8.0,12,4,13,4,1.0,104.85
6,3,21.0,6,3,1,1,1,4,36.0,24.0,4.0,12,4,12,4,0.5,153.2325
4,2,9.0,4,2,0,0,0,0,24.0,16.0,0.0,0,0,6,2,0.5,16.65
5,3,6.0,5,0,1,0,0,0,30.0,0.0,4.0,0,0,6,0,0.6,9.0
5,2,5.0,5,0,0,0,0,0,25.0,0.0,0.0,0,0,5,0,0.4,2.5625000000000004
5,3,12.0,3,2,1,0,0,0,18.0,16.0,4.0,0,0,6,2,0.6,43.425
13,5,2.0,8,1,0,0,0,0,16.0,2.0,0.0,0,0,9,1,0.38461538461538464,4.32
8,6,3.0,15,2,1,0,0,0,45.0,6.0,3.0,0,0,18,2,0.75,11.25
9,2,2.0,8,0,1,0,0,0,16.0,0.0,2.0,0,0,9,0,0.2222222222222222,5.550000000000001
7,3,5.0,6,3,1,1,0,0,30.0,15.0,4.0,12,0,11,3,0.42857142857142855,17.96875
20,7,0.0,6,1,1,0,0,0,0.0,0.0,0.0,0,0,8,1,0.35,1.05
6,4,0.0,4,2,1,1,0,0,0.0,0.0,0.0,12,0,8,2,0.6666666666666666,12.06
6,4,24.0,16,6,1,1,0,0,96.0,48.0,4.0,12,0,24,6,0.6666666666666666,153.2325
3,8,0.0,0,0,0,0,0,0,0.0,0.0,0.0,0,0,0,0,2.6666666666666665,0.36
8,3,0.0,2,1,0,0,0,0,0.0,0.0,0.0,0,0,3,1,0.375,0.5700000000000001
6,4,3.0,13,4,1,1,0,0,39.0,12.0,3.0,12,0,19,4,0.6666666666666666,23.58
5,4,4.0,4,4,1,0,0,0,16.0,16.0,4.0,0,0,9,4,0.8,13.980000000000002
8,4,4.0,8,1,1,0,0,0,32.0,4.0,4.0,0,0,10,1,0.5,7.2
2,3,0.0,0,0,0,0,0,0,0.0,0.0,0.0,0,0,0,0,1.5,0.18
5,5,0.0,0,0,0,0,0,0,0.0,0.0,0.0,0,0,0,0,1.0,0.48
11,5,7.0,4,0,0,0,0,0,24.0,0.0,0.0,0,0,4,0,0.45454545454545453,2.275
7,5,3.0,4,0,0,0,0,0,12.0,0.0,0.0,0,0,4,0,0.7142857142857143,1.35
10,5,9.0,9,1,0,0,0,0,54.0,8.0,0.0,0,0,10,1,0.5,23.85
9,4,10.0,3,0,0,0,0,0,18.0,0.0,0.0,0,0,3,0,0.4444444444444444,6.5
1,2,0.0,2,1,0,0,0,0,0.0,0.0,0.0,0,0,3,1,2.0,3.69
16,5,0.0,12,0,0,0,0,0,0.0,0.0,0.0,0,0,12,0,0.3125,0.27
12,6,0.0,6,6,0,0,0,0,0.0,0.0,0.0,0,0,12,6,0.5,1.3200000000000005
32,19,20.0,9,0,0,0,0,0,54.0,0.0,0.0,0,0,9,0,0.59375,14.125
17,10,10.0,10,0,0,0,0,0,60.0,0.0,0.0,0,0,10,0,0.5882352941176471,6.875
10,4,6.0,5,4,1,0,0,0,30.0,24.0,4.0,0,0,10,4,0.4,11.55
14,8,4.0,9,0,0,0,0,0,36.0,0.0,0.0,0,0,9,0,0.5714285714285714,3.24
18,7,21.0,11,8,4,1,0,0,66.0,64.0,16.0,12,0,24,8,0.3888888888888889,153.2325
9,6,21.0,10,6,2,0,0,0,60.0,48.0,8.0,0,0,18,6,0.6666666666666666,153.2325
1,2,5.0,2,1,1,0,0,0,10.0,5.0,4.0,0,0,4,1,2.0,4.9375
2,2,14.0,9,0,0,1,0,0,54.0,0.0,0.0,12,0,10,0,1.0,57.400000000000006
3,2,11.0,6,1,0,1,0,0,36.0,8.0,0.0,12,0,8,1,0.6666666666666666,48.88125
5,6,11.0,12,5,4,1,1,4,72.0,40.0,16.0,12,4,23,6,1.2,153.2325
7,1,6.0,0,1,1,0,0,0,0.0,6.0,4.0,0,0,2,1,0.14285714285714285,7.575
28,5,4.0,8,5,0,0,0,0,32.0,20.0,0.0,0,0,13,5,0.17857142857142858,13.65
6,8,22.0,5,2,1,1,0,0,30.0,16.0,4.0,12,0,9,2,1.3333333333333333,153.2325
5,4,7.0,4,0,0,0,0,0,24.0,0.0,0.0,0,0,4,0,0.8,3.1500000000000004
4,4,7.0,4,4,0,0,0,0,24.0,28.0,0.0,0,0,8,4,1.0,25.9
18,6,6.0,10,0,0,0,0,0,60.0,0.0,0.0,0,0,10,0,0.3333333333333333,5.25
1,1,5.0,2,0,0,0,0,0,10.0,0.0,0.0,0,0,2,0,1.0,0.46875
2,6,24.0,7,2,0,1,0,0,42.0,16.0,0.0,12,0,10,2,3.0,144.0
18,3,0.0,4,0,0,0,0,0,0.0,0.0,0.0,0,0,4,0,0.16666666666666666,0.12
10,3,7.0,8,2,1,1,0,0,48.0,14.0,4.0,12,0,12,2,0.3,25.725
6,6,10.0,7,1,0,0,0,0,42.0,8.0,0.0,0,0,8,1,1.0,24.250000000000004
4,6,2.0,6,1,0,0,0,0,12.0,2.0,0.0,0,0,7,1,1.5,9.15
5,3,3.0,11,4,3,1,0,0,33.0,12.0,9.0,12,0,19,4,0.6,48.15
7,3,5.0,9,3,2,1,0,0,45.0,15.0,8.0,12,0,15,3,0.42857142857142855,52.78125
2,3,18.0,10,3,1,1,0,0,60.0,24.0,4.0,12,0,15,3,1.5,153.2325
12,7,6.0,7,4,1,0,0,0,42.0,24.0,4.0,0,0,12,4,0.5833333333333334,24.9375
8,6,9.0,6,0,0,0,0,0,36.0,0.0,0.0,0,0,6,0,0.75,6.862500000000001
8,5,9.0,5,2,0,1,0,0,30.0,16.0,0.0,12,0,8,2,0.625,33.974999999999994
2,2,3.0,5,2,1,1,0,0,15.0,6.0,3.0,12,0,9,2,1.0,21.9
8,6,5.0,2,3,2,1,1,4,10.0,15.0,8.0,12,4,9,4,0.75,62.40625000000001
11,3,11.0,14,5,0,0,0,0,84.0,40.0,0.0,0,0,19,5,0.2727272727272727,55.48125
3,5,4.0,8,1,0,0,0,0,32.0,4.0,0.0,0,0,9,1,1.6666666666666667,12.420000000000002
7,3,7.0,3,1,1,0,0,0,18.0,7.0,4.0,0,0,5,1,0.42857142857142855,7.262500000000001
5,4,22.0,8,5,1,1,0,0,48.0,40.0,4.0,12,0,15,5,0.8,153.2325
2,4,8.0,5,1,0,0,0,0,30.0,8.0,0.0,0,0,6,1,2.0,7.7
6,2,9.0,5,0,0,0,0,0,30.0,0.0,0.0,0,0,5,0,0.3333333333333333,5.0625
12,3,19.0,2,2,0,0,0,0,12.0,16.0,0.0,0,0,4,2,0.25,29.925
7,6,4.0,12,1,1,1,1,4,48.0,4.0,4.0,12,4,16,2,0.8571428571428571,51.39
5,6,7.0,6,3,1,1,0,0,36.0,21.0,4.0,12,0,11,3,1.2,56.087500000000006
5,5,0.0,9,5,1,1,0,0,0.0,0.0,0.0,12,0,16,5,1.0,23.340000000000003
2,5,11.0,13,1,1,1,1,4,78.0,8.0,4.0,12,4,17,2,2.5,148.225
13,8,3.0,10,4,2,1,0,0,30.0,12.0,6.0,12,0,17,4,0.6153846153846154,29.22000000000001
2,2,0.0,6,0,2,0,0,0,0.0,0.0,0.0,0,0,8,0,1.0,15.840000000000002
3,3,0.0,2,0,0,0,0,0,0.0,0.0,0.0,0,0,2,0,1.0,0.6000000000000001
4,3,0.0,4,0,0,0,0,0,0.0,0.0,0.0,0,0,4,0,0.75,1.29
4,4,0.0,7,2,0,0,0,0,0.0,0.0,0.0,0,0,9,2,1.0,11.340000000000002
26,9,0.0,9,2,0,0,0,0,0.0,0.0,0.0,0,0,11,2,0.34615384615384615,0.0
10,5,8.0,8,3,1,0,0,0,48.0,24.0,4.0,0,0,12,3,0.5,34.0
8,5,9.0,2,0,0,0,0,0,12.0,0.0,0.0,0,0,2,0,0.625,1.5750000000000002
4,4,6.0,4,0,0,0,0,0,24.0,0.0,0.0,0,0,4,0,1.0,1.65
7,4,8.0,5,2,1,1,0,0,30.0,16.0,4.0,12,0,9,2,0.5714285714285714,33.45
5,4,12.0,6,3,1,1,0,0,36.0,24.0,4.0,12,0,11,3,0.8,71.625
11,12,4.0,10,2,2,0,0,0,40.0,8.0,8.0,0,0,14,2,1.0909090909090908,12.75
13,7,15.0,6,3,0,0,0,0,36.0,24.0,0.0,0,0,9,3,0.5384615384615384,54.0
10,2,8.0,5,0,0,0,0,0,30.0,0.0,0.0,0,0,5,0,0.2,8.799999999999999
12,4,8.0,12,4,0,1,0,0,72.0,32.0,0.0,12,0,17,4,0.3333333333333333,68.4
6,3,5.0,8,4,1,1,0,0,40.0,20.0,4.0,12,0,14,4,0.5,24.562500000000004
16,9,10.0,6,12,6,1,0,0,36.0,96.0,24.0,12,0,25,12,0.5625,153.2325
4,3,11.0,4,1,0,0,0,0,24.0,8.0,0.0,0,0,5,1,0.75,16.6375
9,5,10.0,7,3,1,0,0,0,42.0,24.0,4.0,0,0,11,3,0.5555555555555556,45.375
12,8,1.0,6,5,2,1,0,0,6.0,5.0,2.0,12,0,14,5,0.6666666666666666,30.960000000000004
8,4,0.0,4,0,0,0,0,0,0.0,0.0,0.0,0,0,4,0,0.5,1.92
11,6,0.0,4,0,0,0,0,0,0.0,0.0,0.0,0,0,4,0,0.5454545454545454,3.0
15,8,0.0,8,0,0,0,0,0,0.0,0.0,0.0,0,0,8,0,0.5333333333333333,2.28
14,6,1.0,6,0,0,0,0,0,6.0,0.0,0.0,0,0,6,0,0.42857142857142855,2.5200000000000005
4,4,1.0,3,0,0,0,0,0,3.0,0.0,0.0,0,0,3,0,1.0,1.02
30,10,2.0,12,4,0,0,0,0,24.0,8.0,0.0,0,0,16,4,0.3333333333333333,8.459999999999999
12,6,0.0,6,0,0,0,0,0,0.0,0.0,0.0,0,0,6,0,0.5,2.28
13,6,4.0,6,0,0,0,0,0,24.0,0.0,0.0,0,0,6,0,0.46153846153846156,3.24
8,2,7.0,6,1,1,0,0,0,36.0,7.0,4.0,0,0,8,1,0.25,17.587500000000002
15,9,3.0,6,3,1,1,0,0,18.0,9.0,3.0,12,0,11,3,0.6,20.040000000000003
4,3,8.0,5,2,1,1,1,4,30.0,16.0,4.0,12,4,10,3,0.75,94.85
1,3,9.0,15,1,1,1,0,0,90.0,8.0,4.0,12,0,18,1,3.0,53.77499999999999
5,9,6.0,9,3,0,0,0,0,54.0,18.0,0.0,0,0,12,3,1.8,15.1875
4,3,8.0,6,3,1,1,0,0,36.0,24.0,4.0,12,0,11,3,0.75,62.1
11,3,5.0,9,3,1,0,0,0,45.0,15.0,4.0,0,0,13,3,0.2727272727272727,18.9375
7,5,7.0,12,2,1,0,0,0,72.0,14.0,4.0,0,0,15,2,0.7142857142857143,23.1875
5,1,10.0,1,0,0,0,0,0,6.0,0.0,0.0,0,0,1,0,0.2,8.625
7,6,9.0,4,0,0,0,0,0,24.0,0.0,0.0,0,0,4,0,0.8571428571428571,4.949999999999999
18,10,6.0,12,0,1,0,0,0,72.0,0.0,4.0,0,0,13,0,0.5555555555555556,17.7
1,2,7.0,3,0,0,0,0,0,18.0,0.0,0.0,0,0,3,0,2.0,6.78125
16,4,6.0,6,0,3,0,0,0,36.0,0.0,12.0,0,0,9,0,0.25,15.075
9,4,8.0,6,0,0,0,0,0,36.0,0.0,0.0,0,0,6,0,0.4444444444444444,5.0
11,3,14.0,4,0,0,0,0,0,24.0,0.0,0.0,0,0,4,0,0.2727272727272727,7.7
5,3,15.0,4,3,0,0,0,0,24.0,24.0,0.0,0,0,7,3,0.6,47.25
4,2,0.0,6,0,0,0,0,0,0.0,0.0,0.0,0,0,6,0,0.5,2.58
16,7,8.0,10,6,1,0,0,0,60.0,48.0,4.0,0,0,17,6,0.4375,40.5
7,4,0.0,6,0,0,0,0,0,0.0,0.0,0.0,0,0,6,0,0.5714285714285714,2.5200000000000005
1,4,9.0,2,1,0,0,0,0,12.0,8.0,0.0,0,0,3,1,4.0,4.1625000000000005
8,5,2.0,10,1,1,1,0,0,20.0,2.0,2.0,12,0,13,1,0.625,17.28
11,5,3.0,6,1,0,0,0,0,18.0,3.0,0.0,0,0,7,1,0.45454545454545453,9.15
3,2,0.0,0,0,0,0,0,0,0.0,0.0,0.0,0,0,0,0,0.6666666666666666,0.3
5,2,9.0,3,0,0,0,0,0,18.0,0.0,0.0,0,0,3,0,0.4,4.7250000000000005
10,5,0.0,5,0,0,0,0,0,0.0,0.0,0.0,0,0,5,0,0.5,0.36
17,7,0.0,0,0,0,0,0,0,0.0,0.0,0.0,0,0,0,0,0.4117647058823529,0.36
12,7,8.0,0,0,0,0,0,0,0.0,0.0,0.0,0,0,0,0,0.5833333333333334,2.8
9,5,0.0,0,0,0,0,0,0,0.0,0.0,0.0,0,0,0,0,0.5555555555555556,3.0
9,6,0.0,6,0,0,0,0,0,0.0,0.0,0.0,0,0,6,0,0.6666666666666666,1.4400000000000002
7,7,4.0,3,3,2,1,0,0,12.0,12.0,8.0,12,0,9,3,1.0,26.67
3,3,6.0,13,5,2,1,0,0,78.0,30.0,8.0,12,0,21,5,1.0,46.125
5,3,7.0,12,4,3,1,0,0,72.0,28.0,12.0,12,0,20,4,0.6,70.17500000000001
2,3,6.0,6,2,1,0,0,0,36.0,12.0,4.0,0,0,9,2,1.5,24.075000000000003
8,7,7.0,9,5,3,0,0,0,54.0,35.0,12.0,0,0,17,5,0.875,68.11875
5,4,10.0,4,1,0,0,0,0,24.0,8.0,0.0,0,0,5,1,0.8,13.375000000000002
10,4,21.0,8,4,1,1,0,0,48.0,32.0,4.0,12,0,14,4,0.4,153.2325
13,4,0.0,0,0,0,0,0,0,0.0,0.0,0.0,0,0,0,0,0.3076923076923077,1.08
8,4,0.0,3,0,0,0,0,0,0.0,0.0,0.0,0,0,3,0,0.5,0.9
7,5,9.0,10,5,3,1,0,0,60.0,40.0,12.0,12,0,19,5,0.7142857142857143,84.9375
4,2,4.0,6,3,1,1,0,0,24.0,12.0,4.0,12,0,11,3,0.5,33.81
8,7,11.0,8,4,1,1,0,0,48.0,32.0,4.0,12,0,14,4,0.875,87.175
3,4,4.0,5,2,1,1,0,0,20.0,8.0,4.0,12,0,9,2,1.3333333333333333,24.0
8,4,4.0,12,3,1,1,1,4,48.0,12.0,4.0,12,4,18,4,0.5,50.94
4,2,20.0,5,2,1,1,0,0,30.0,16.0,4.0,12,0,9,2,0.5,107.5
4,3,3.0,4,1,1,1,0,0,12.0,3.0,3.0,12,0,7,1,0.75,20.700000000000003
4,3,0.0,3,0,0,0,0,0,0.0,0.0,0.0,0,0,3,0,0.75,1.62
2,8,18.0,12,3,1,1,0,0,72.0,24.0,4.0,12,0,17,3,4.0,153.2325
22,8,21.0,22,8,3,1,0,0,132.0,64.0,12.0,12,0,34,8,0.36363636363636365,153.2325
5,5,5.0,6,2,1,1,0,0,30.0,10.0,4.0,12,0,10,2,1.0,30.9375
6,5,4.0,9,3,1,1,0,0,36.0,12.0,4.0,12,0,14,3,0.8333333333333334,30.78
4,6,5.0,6,3,1,1,0,0,30.0,15.0,4.0,12,0,11,3,1.5,30.750000000000007
6,7,5.0,8,3,1,1,0,0,40.0,15.0,4.0,12,0,13,3,1.1666666666666667,32.375
5,4,2.0,10,2,2,1,0,0,20.0,4.0,4.0,12,0,15,2,0.8,21.27
5,3,7.0,8,3,1,0,0,0,48.0,21.0,4.0,0,0,12,3,0.6,33.3375
4,4,3.0,16,4,2,1,0,0,48.0,12.0,6.0,12,0,23,4,1.0,39.60000000000001
6,5,5.0,5,3,1,1,1,4,25.0,15.0,4.0,12,4,11,4,0.8333333333333334,55.5
8,3,12.0,6,2,1,1,0,0,36.0,16.0,4.0,12,0,10,2,0.375,68.55
8,6,13.0,8,3,2,1,1,4,48.0,24.0,8.0,12,4,15,4,0.75,153.2325
7,11,3.0,13,5,2,1,1,4,39.0,15.0,6.0,12,4,22,6,1.5714285714285714,92.91
2,2,2.0,4,1,1,0,0,0,8.0,2.0,2.0,0,0,6,1,1.0,4.2
5,6,4.0,8,2,0,0,0,0,32.0,8.0,0.0,0,0,10,2,1.2,5.220000000000001
3,2,4.0,8,1,1,1,0,0,32.0,4.0,4.0,12,0,11,1,0.6666666666666666,15.96
2,1,4.0,4,1,0,0,0,0,16.0,4.0,0.0,0,0,5,1,0.5,2.52
2,1,4.0,5,1,1,1,0,0,20.0,4.0,4.0,12,0,8,1,0.5,19.44
20,12,8.0,25,7,6,1,0,0,150.0,56.0,24.0,12,0,39,7,0.6,153.2325
8,5,4.0,5,0,1,1,0,0,20.0,0.0,4.0,12,0,7,0,0.625,15.3
4,3,6.0,8,2,1,1,0,0,48.0,12.0,4.0,12,0,12,2,0.75,31.65
5,2,4.0,3,0,0,0,0,0,12.0,0.0,0.0,0,0,3,0,0.4,1.92
5,4,10.0,14,5,1,1,0,0,84.0,40.0,4.0,12,0,21,5,0.8,94.875
4,4,8.0,10,3,2,1,1,4,60.0,24.0,8.0,12,4,17,4,1.0,113.9
3,5,6.0,5,4,2,1,0,0,30.0,24.0,8.0,12,0,12,4,1.6666666666666667,51.0
3,2,1.0,3,2,1,1,0,0,3.0,2.0,1.0,12,0,7,2,0.6666666666666666,12.6
7,3,2.0,8,3,1,1,0,0,16.0,6.0,2.0,12,0,13,3,0.42857142857142855,20.700000000000003
9,2,5.0,5,2,1,1,0,0,25.0,10.0,4.0,12,0,9,2,0.2222222222222222,33.6875
9,6,0.0,10,4,0,0,0,0,0.0,0.0,0.0,0,0,14,4,0.6666666666666666,8.52
15,3,0.0,6,3,1,1,0,0,0.0,0.0,0.0,12,0,11,3,0.2,17.61
9,2,2.0,3,1,1,0,0,0,6.0,2.0,2.0,0,0,5,1,0.2222222222222222,6.359999999999999
9,3,0.0,3,1,0,0,0,0,0.0,0.0,0.0,0,0,4,1,0.3333333333333333,2.16
6,4,8.0,6,2,1,0,0,0,36.0,16.0,4.0,0,0,9,2,0.6666666666666666,20.5
6,5,24.0,6,3,1,1,0,0,36.0,24.0,4.0,12,0,11,3,0.8333333333333334,153.2325
2,2,6.0,4,1,1,1,0,0,24.0,6.0,4.0,12,0,7,1,1.0,21.075
4,2,5.0,2,1,0,0,0,0,10.0,5.0,0.0,0,0,3,1,0.5,2.0625
6,4,24.0,5,2,1,1,0,0,30.0,16.0,4.0,12,0,9,2,0.6666666666666666,141.6
2,3,24.0,3,1,1,1,0,0,18.0,8.0,4.0,12,0,6,1,1.5,118.8
1,1,0.0,1,0,0,0,0,0,0.0,0.0,0.0,0,0,1,0,1.0,0.12
4,3,5.0,4,2,1,1,0,0,20.0,10.0,4.0,12,0,8,2,0.75,17.375000000000004
6,3,0.0,4,1,0,0,0,0,0.0,0.0,0.0,0,0,5,1,0.5,1.6800000000000002
3,1,4.0,2,1,0,0,0,0,8.0,4.0,0.0,0,0,3,1,0.3333333333333333,1.4400000000000002
4,4,0.0,5,0,0,0,0,0,0.0,0.0,0.0,0,0,5,0,1.0,1.4400000000000002
1,1,0.0,1,0,0,0,0,0,0.0,0.0,0.0,0,0,1,0,1.0,0.24
1,9,5.0,3,1,0,1,0,0,15.0,5.0,0.0,12,0,5,1,9.0,18.375
1,4,3.0,5,1,1,1,0,0,15.0,3.0,3.0,12,0,8,1,4.0,21.39
17,6,8.0,10,0,0,1,0,0,60.0,0.0,0.0,12,0,11,0,0.35294117647058826,33.2
7,3,10.0,5,0,0,0,0,0,30.0,0.0,0.0,0,0,5,0,0.42857142857142855,13.75
5,3,5.0,5,1,1,0,0,0,25.0,5.0,4.0,0,0,7,1,0.6,5.6875
4,2,10.0,3,1,0,0,0,0,18.0,8.0,0.0,0,0,4,1,0.5,4.250000000000001
4,2,5.0,4,2,1,0,0,0,20.0,10.0,4.0,0,0,7,2,0.5,6.625
2,1,3.0,2,1,0,0,0,0,6.0,3.0,0.0,0,0,3,1,0.5,1.4400000000000002
3,10,1.0,5,2,1,1,0,0,5.0,2.0,1.0,12,0,9,2,3.3333333333333335,16.35
6,2,14.0,3,3,1,1,0,0,18.0,24.0,4.0,12,0,8,3,0.3333333333333333,64.75
5,3,5.0,5,2,1,1,0,0,25.0,10.0,4.0,12,0,9,2,0.6,16.750000000000004
3,2,4.0,7,2,1,1,0,0,28.0,8.0,4.0,12,0,11,2,0.6666666666666666,32.22
4,3,6.0,4,2,1,0,0,0,24.0,12.0,4.0,0,0,7,2,0.75,7.050000000000001
5,3,6.0,4,1,1,1,0,0,24.0,6.0,4.0,12,0,7,1,0.6,18.975
5,3,8.0,2,1,1,0,0,0,12.0,8.0,4.0,0,0,4,1,0.6,11.6
5,3,24.0,3,1,0,1,0,0,18.0,8.0,0.0,12,0,5,1,0.6,67.65
5,3,0.0,3,0,0,0,0,0,0.0,0.0,0.0,0,0,3,0,0.6,1.32
6,3,8.0,5,2,0,0,0,0,30.0,16.0,0.0,0,0,7,2,0.5,9.1
6,2,0.0,4,1,1,0,0,0,0.0,0.0,0.0,0,0,6,1,0.3333333333333333,6.990000000000001
6,3,8.0,4,0,0,0,0,0,24.0,0.0,0.0,0,0,4,0,0.5,3.05
5,2,6.0,4,0,0,0,0,0,24.0,0.0,0.0,0,0,4,0,0.4,1.575
4,3,3.0,7,4,1,1,0,0,21.0,12.0,3.0,12,0,13,4,0.75,21.12
6,4,4.0,6,3,1,1,0,0,24.0,12.0,4.0,12,0,11,3,0.6666666666666666,23.94
5,3,3.0,6,3,1,1,0,0,18.0,9.0,3.0,12,0,11,3,0.6,23.76
7,3,24.0,8,1,0,0,0,0,48.0,8.0,0.0,0,0,9,1,0.42857142857142855,81.0
3,2,5.0,0,2,1,0,0,0,0.0,10.0,4.0,0,0,3,2,0.6666666666666666,7.156250000000001
3,3,8.0,5,0,1,1,0,0,30.0,0.0,4.0,12,0,7,0,1.0,25.95
1,1,4.0,1,0,0,0,0,0,4.0,0.0,0.0,0,0,1,0,1.0,0.24
6,4,5.0,5,2,1,0,0,0,25.0,10.0,4.0,0,0,8,2,0.6666666666666666,21.0625
5,5,7.0,12,3,1,1,0,0,72.0,21.0,4.0,12,0,17,3,1.0,57.00625000000001
5,24,12.0,15,6,1,1,0,0,90.0,48.0,4.0,12,0,23,6,4.8,130.2
4,2,6.0,5,1,0,0,0,0,30.0,6.0,0.0,0,0,6,1,0.5,6.75
5,5,6.0,8,4,1,0,0,0,48.0,24.0,4.0,0,0,13,4,1.0,26.7
9,4,7.0,9,3,1,1,0,0,54.0,21.0,4.0,12,0,14,3,0.4444444444444444,46.462500000000006
2,5,2.0,7,4,1,1,0,0,14.0,8.0,2.0,12,0,13,4,2.5,24.360000000000003
8,3,5.0,2,3,0,0,0,0,10.0,15.0,0.0,0,0,5,3,0.375,7.96875
1,1,6.0,3,1,1,1,0,0,18.0,6.0,4.0,12,0,6,1,1.0,38.475
1,1,4.0,2,1,0,0,0,0,8.0,4.0,0.0,0,0,3,1,1.0,7.38
16,8,10.0,15,6,4,1,0,0,90.0,48.0,16.0,12,0,26,6,0.5,142.5
6,2,20.0,3,2,1,0,0,0,18.0,16.0,4.0,0,0,6,2,0.3333333333333333,33.875
2,1,4.0,4,1,0,0,0,0,16.0,4.0,0.0,0,0,5,1,0.5,5.760000000000001
10,2,3.0,3,1,1,1,0,0,9.0,3.0,3.0,12,0,6,1,0.2,18.69
5,3,24.0,12,3,1,0,0,0,72.0,24.0,4.0,0,0,16,3,0.6,153.2325
2,2,20.0,2,1,1,1,0,0,12.0,8.0,4.0,12,0,5,1,1.0,88.5
8,2,5.0,4,1,1,1,0,0,20.0,5.0,4.0,12,0,7,1,0.25,16.96875
4,4,14.0,16,6,3,1,1,4,96.0,48.0,12.0,12,4,27,7,1.0,153.2325
5,3,6.0,8,3,2,1,0,0,48.0,18.0,8.0,12,0,14,3,0.6,68.55
4,1,15.0,4,1,1,1,0,0,24.0,8.0,4.0,12,0,7,1,0.25,96.1875
3,1,2.0,4,0,0,0,0,0,8.0,0.0,0.0,0,0,4,0,0.3333333333333333,0.48
28,5,5.0,10,5,0,0,0,0,50.0,25.0,0.0,0,0,15,5,0.17857142857142858,9.5625
13,6,5.0,0,5,1,0,0,0,0.0,25.0,4.0,0,0,6,5,0.46153846153846156,9.625000000000002
18,6,7.0,6,4,1,0,0,0,36.0,28.0,4.0,0,0,11,4,0.3333333333333333,14.91875
7,4,4.0,3,3,1,0,0,0,12.0,12.0,4.0,0,0,7,3,0.5714285714285714,7.2
10,6,4.0,3,3,0,0,0,0,12.0,12.0,0.0,0,0,6,3,0.6,4.5600000000000005
5,5,5.0,3,2,1,0,0,0,15.0,10.0,4.0,0,0,6,2,1.0,5.750000000000001
6,4,3.0,3,2,1,0,0,0,9.0,6.0,3.0,0,0,6,2,0.6666666666666666,4.800000000000001
3,4,4.0,3,2,0,0,0,0,12.0,8.0,0.0,0,0,5,2,1.3333333333333333,3.18
9,5,12.0,18,3,2,1,0,0,108.0,24.0,8.0,12,0,24,3,0.5555555555555556,69.75
1,1,7.0,2,0,0,1,0,0,12.0,0.0,0.0,12,0,3,0,1.0,16.3625
2,2,12.0,1,2,0,0,0,0,6.0,16.0,0.0,0,0,3,2,1.0,28.65
3,4,7.0,7,3,1,1,0,0,42.0,21.0,4.0,12,0,12,3,1.3333333333333333,42.7875
7,4,7.0,9,3,1,0,0,0,54.0,21.0,4.0,0,0,13,3,0.5714285714285714,18.1125
9,3,4.0,5,0,1,0,0,0,20.0,0.0,4.0,0,0,6,0,0.3333333333333333,8.76
3,1,17.0,6,1,1,1,0,0,36.0,8.0,4.0,12,0,9,1,0.3333333333333333,98.49375000000002
4,2,12.0,6,2,0,1,0,0,36.0,16.0,0.0,12,0,9,2,0.5,62.1
2,1,8.0,6,0,1,1,0,0,36.0,0.0,4.0,12,0,8,0,0.5,30.8
1,1,11.0,1,0,0,0,0,0,6.0,0.0,0.0,0,0,1,0,1.0,6.875
1,1,10.0,2,0,0,0,0,0,12.0,0.0,0.0,0,0,2,0,1.0,5.750000000000001
1,6,11.0,2,1,0,0,0,0,12.0,8.0,0.0,0,0,3,1,6.0,7.2875
8,7,11.0,13,4,2,1,0,0,78.0,32.0,8.0,12,0,20,4,0.875,132.54999999999995
9,20,12.0,20,6,3,1,0,0,120.0,48.0,12.0,12,0,30,6,2.2222222222222223,112.575
2,2,9.0,5,1,1,0,0,0,30.0,8.0,4.0,0,0,7,1,1.0,19.63125
4,4,12.0,4,2,1,1,0,0,24.0,16.0,4.0,12,0,8,2,1.0,76.5
1,3,9.0,5,1,1,0,0,0,30.0,8.0,4.0,0,0,7,1,3.0,19.012500000000003
5,9,11.0,6,2,0,0,0,0,36.0,16.0,0.0,0,0,8,2,1.8,25.36875
4,9,9.0,7,2,1,1,0,0,42.0,16.0,4.0,12,0,11,2,2.25,48.0375
1,2,8.0,3,1,0,0,0,0,18.0,8.0,0.0,0,0,4,1,2.0,1.25
2,5,5.0,6,0,0,0,0,0,30.0,0.0,0.0,0,0,6,0,2.5,3.0625
13,5,5.0,12,0,0,0,0,0,60.0,0.0,0.0,0,0,12,0,0.38461538461538464,9.0
9,1,11.0,2,3,3,0,0,0,12.0,24.0,12.0,0,0,8,3,0.1111111111111111,73.21874999999999
6,4,5.0,14,6,2,1,0,0,70.0,30.0,8.0,12,0,23,6,0.6666666666666666,84.0625
2,3,9.0,4,1,1,0,0,0,24.0,8.0,4.0,0,0,6,1,1.5,37.125
10,9,6.0,12,6,3,1,1,4,72.0,36.0,12.0,12,4,23,7,0.9,101.925
12,5,6.0,4,0,0,0,0,0,24.0,0.0,0.0,0,0,4,0,0.4166666666666667,2.25
10,12,3.0,8,4,0,0,0,0,24.0,12.0,0.0,0,0,12,4,1.2,11.61
15,11,6.0,5,0,0,0,0,0,30.0,0.0,0.0,0,0,5,0,0.7333333333333333,1.5
9,5,4.0,13,3,2,0,0,0,52.0,12.0,8.0,0,0,18,3,0.5555555555555556,21.72
11,4,4.0,3,2,0,0,0,0,12.0,8.0,0.0,0,0,5,2,0.36363636363636365,3.24
6,4,13.0,8,3,1,1,1,4,48.0,24.0,4.0,12,4,14,4,0.6666666666666666,153.2325
5,7,10.0,6,0,1,0,0,0,36.0,0.0,4.0,0,0,7,0,1.4,14.875000000000002
5,4,8.0,6,1,1,1,1,4,36.0,8.0,4.0,12,4,10,2,0.8,86.6
3,3,10.0,6,3,1,1,1,4,36.0,24.0,4.0,12,4,12,4,1.0,121.0
3,3,4.0,4,3,1,1,0,0,16.0,12.0,4.0,12,0,9,3,1.0,32.4
9,8,11.0,9,3,1,1,1,4,54.0,24.0,4.0,12,4,15,4,0.8888888888888888,136.95
6,5,4.0,5,1,1,1,1,4,20.0,4.0,4.0,12,4,9,2,0.8333333333333334,51.96000000000001
1,6,6.0,3,1,0,0,0,0,18.0,6.0,0.0,0,0,4,1,6.0,12.825
4,2,6.0,6,1,1,0,0,0,36.0,6.0,4.0,0,0,8,1,0.5,22.6875
8,7,4.0,7,3,1,0,0,0,28.0,12.0,4.0,0,0,11,3,0.875,14.76
5,2,5.0,3,1,1,0,0,0,15.0,5.0,4.0,0,0,5,1,0.4,7.5
7,2,11.0,3,1,0,0,0,0,18.0,8.0,0.0,0,0,4,1,0.2857142857142857,6.7375
4,5,11.0,9,1,1,0,0,0,54.0,8.0,4.0,0,0,11,1,1.25,24.6125
5,2,11.0,3,1,0,0,0,0,18.0,8.0,0.0,0,0,4,1,0.4,11.55
4,2,4.0,6,2,1,0,0,0,24.0,8.0,4.0,0,0,9,2,0.5,16.680000000000003
4,2,5.0,10,3,1,0,0,0,50.0,15.0,4.0,0,0,14,3,0.5,28.031250000000004
6,7,12.0,8,3,1,1,0,0,48.0,24.0,4.0,12,0,13,3,1.1666666666666667,78.3
11,1,12.0,4,4,2,1,0,0,24.0,32.0,8.0,12,0,11,4,0.09090909090909091,88.2
8,4,5.0,6,2,1,1,0,0,30.0,10.0,4.0,12,0,10,2,0.5,26.0625
6,8,6.0,20,3,1,1,0,0,120.0,18.0,4.0,12,0,25,3,1.3333333333333333,57.9
2,1,5.0,3,0,0,0,0,0,15.0,0.0,0.0,0,0,3,0,0.5,0.9375
4,1,7.0,2,0,0,0,0,0,12.0,0.0,0.0,0,0,2,0,0.25,1.05
6,1,5.0,2,1,1,1,0,0,10.0,5.0,4.0,12,0,5,1,0.16666666666666666,23.75
7,3,4.0,4,1,0,0,0,0,16.0,4.0,0.0,0,0,5,1,0.42857142857142855,8.22
5,5,7.0,3,0,1,0,0,0,18.0,0.0,4.0,0,0,4,0,1.0,2.40625
6,4,6.0,4,3,1,1,0,0,24.0,18.0,4.0,12,0,9,3,0.6666666666666666,42.525
45,22,11.0,20,0,0,0,0,0,120.0,0.0,0.0,0,0,20,0,0.4888888888888889,32.725
16,10,4.0,13,2,0,0,0,0,52.0,8.0,0.0,0,0,15,2,0.625,15.6
4,4,10.0,6,0,1,1,0,0,36.0,0.0,4.0,12,0,8,0,1.0,46.75
14,4,7.0,6,1,1,1,0,0,36.0,7.0,4.0,12,0,9,1,0.2857142857142857,25.025
18,9,10.0,9,4,1,0,0,0,54.0,32.0,4.0,0,0,14,4,0.5,29.375
29,9,8.0,10,0,1,0,0,0,60.0,0.0,4.0,0,0,11,0,0.3103448275862069,15.9
16,6,12.0,3,1,0,1,0,0,18.0,8.0,0.0,12,0,5,1,0.375,36.9
28,9,12.0,8,0,0,0,0,0,48.0,0.0,0.0,0,0,8,0,0.32142857142857145,15.15
15,6,4.0,7,0,1,0,0,0,28.0,0.0,4.0,0,0,8,0,0.4,5.940000000000001
8,4,4.0,3,0,0,0,0,0,12.0,0.0,0.0,0,0,3,0,0.5,1.4400000000000002
6,4,4.0,4,0,0,0,0,0,16.0,0.0,0.0,0,0,4,0,0.6666666666666666,3.3600000000000003
14,7,12.0,6,0,1,0,0,0,36.0,0.0,4.0,0,0,7,0,0.5,16.650000000000002
11,5,3.0,2,2,1,0,0,0,6.0,6.0,3.0,0,0,5,2,0.45454545454545453,8.190000000000001
14,4,3.0,5,0,1,0,0,0,15.0,0.0,3.0,0,0,6,0,0.2857142857142857,4.62
10,10,8.0,5,1,1,0,0,0,30.0,8.0,4.0,0,0,7,1,1.0,15.849999999999998
3,10,12.0,20,4,1,1,1,4,120.0,32.0,4.0,12,4,27,5,3.3333333333333335,153.2325
2,6,11.0,12,3,0,1,0,0,72.0,24.0,0.0,12,0,16,3,3.0,57.3375
3,1,9.0,8,2,0,1,0,0,48.0,16.0,0.0,12,0,11,2,0.3333333333333333,47.8125
4,8,7.0,20,6,3,1,1,4,120.0,42.0,12.0,12,4,31,7,2.0,137.33125
2,2,0.0,8,1,0,1,0,0,0.0,0.0,0.0,12,0,10,1,1.0,22.02
6,1,7.0,10,0,1,1,0,0,60.0,0.0,4.0,12,0,12,0,0.16666666666666666,29.925
10,6,3.0,7,2,1,0,0,0,21.0,6.0,3.0,0,0,10,2,0.6,10.5
10,4,12.0,6,1,2,0,0,0,36.0,8.0,8.0,0,0,9,1,0.4,32.25
16,4,4.0,6,0,0,1,0,0,24.0,0.0,0.0,12,0,7,0,0.25,18.0
16,7,6.0,6,1,0,0,0,0,36.0,6.0,0.0,0,0,7,1,0.4375,12.5625
17,12,4.0,10,0,0,0,0,0,40.0,0.0,0.0,0,0,10,0,0.7058823529411765,6.66
8,5,3.0,5,1,0,0,0,0,15.0,3.0,0.0,0,0,6,1,0.625,5.040000000000001
25,5,6.0,3,0,1,0,0,0,18.0,0.0,4.0,0,0,4,0,0.2,2.7
28,10,6.0,8,1,1,1,0,0,48.0,6.0,4.0,12,0,11,1,0.35714285714285715,30.75
15,6,8.0,12,1,2,0,0,0,72.0,8.0,8.0,0,0,15,1,0.4,29.3
19,7,6.0,5,2,0,0,0,0,30.0,12.0,0.0,0,0,7,2,0.3684210526315789,16.05
8,4,2.0,4,0,0,0,0,0,8.0,0.0,0.0,0,0,4,0,0.5,0.48
16,18,6.0,18,0,2,0,0,0,108.0,0.0,8.0,0,0,20,0,1.125,22.35
5,4,2.0,4,0,0,0,0,0,8.0,0.0,0.0,0,0,4,0,0.8,1.32
18,6,12.0,15,2,3,1,0,0,90.0,16.0,12.0,12,0,21,2,0.3333333333333333,111.15
45,10,10.0,10,2,3,0,0,0,60.0,16.0,12.0,0,0,15,2,0.2222222222222222,46.5
18,16,7.0,19,8,4,1,0,0,114.0,56.0,16.0,12,0,32,8,0.8888888888888888,107.8
15,5,6.0,3,1,1,0,0,0,18.0,6.0,4.0,0,0,5,1,0.3333333333333333,7.5
4,2,3.0,3,1,1,0,0,0,9.0,3.0,3.0,0,0,5,1,0.5,6.0
4,2,4.0,3,2,1,1,0,0,12.0,8.0,4.0,12,0,7,2,0.5,24.480000000000004
3,2,8.0,4,2,1,1,0,0,24.0,16.0,4.0,12,0,8,2,0.6666666666666666,41.3
2,2,5.0,3,1,1,1,0,0,15.0,5.0,4.0,12,0,6,1,1.0,20.25
3,4,8.0,5,1,0,1,0,0,30.0,8.0,0.0,12,0,7,1,1.3333333333333333,29.9
6,4,5.0,4,1,1,0,0,0,20.0,5.0,4.0,0,0,6,1,0.6666666666666666,4.40625
3,1,5.0,1,0,1,0,0,0,5.0,0.0,4.0,0,0,2,0,0.3333333333333333,6.1875
4,2,7.0,1,2,1,0,0,0,6.0,14.0,4.0,0,0,4,2,0.5,17.325
7,5,8.0,7,4,1,1,0,0,42.0,32.0,4.0,12,0,13,4,0.7142857142857143,26.4
5,6,12.0,12,5,2,1,1,4,72.0,40.0,8.0,12,4,21,6,1.2,153.2325
2,4,11.0,11,1,1,1,0,0,66.0,8.0,4.0,12,0,14,1,2.0,52.8
2,3,8.0,10,1,1,1,0,0,60.0,8.0,4.0,12,0,13,1,1.5,46.0
13,5,6.0,8,0,1,0,0,0,48.0,0.0,4.0,0,0,9,0,0.38461538461538464,11.7
3,2,6.0,4,3,1,1,0,0,24.0,18.0,4.0,12,0,9,3,0.6666666666666666,30.9
2,3,6.0,8,4,2,1,0,0,48.0,24.0,8.0,12,0,15,4,1.5,41.10000000000001
4,5,6.0,15,5,1,1,0,0,90.0,30.0,4.0,12,0,22,5,1.25,46.0125
11,2,6.0,7,3,1,1,0,0,42.0,18.0,4.0,12,0,12,3,0.18181818181818182,44.55
13,8,4.0,10,0,1,0,0,0,40.0,0.0,4.0,0,0,11,0,0.6153846153846154,8.16
8,4,3.0,5,0,0,0,0,0,15.0,0.0,0.0,0,0,5,0,0.5,2.52
4,3,4.0,3,0,0,0,0,0,12.0,0.0,0.0,0,0,3,0,0.75,1.3200000000000005
3,3,2.0,3,0,0,0,0,0,6.0,0.0,0.0,0,0,3,0,1.0,1.6800000000000002
7,3,5.0,2,1,1,0,0,0,10.0,5.0,4.0,0,0,4,1,0.42857142857142855,8.875
2,2,6.0,3,0,0,0,0,0,18.0,0.0,0.0,0,0,3,0,1.0,4.8375
23,2,6.0,5,2,1,0,0,0,30.0,12.0,4.0,0,0,8,2,0.08695652173913043,17.1
4,2,2.0,3,0,0,0,0,0,6.0,0.0,0.0,0,0,3,0,0.5,0.8100000000000002
7,7,4.0,10,7,1,0,0,0,40.0,28.0,4.0,0,0,18,7,1.0,22.950000000000003
3,3,6.0,4,2,0,0,0,0,24.0,12.0,0.0,0,0,6,2,1.0,7.65
2,4,6.0,4,0,0,0,0,0,24.0,0.0,0.0,0,0,4,0,2.0,2.7
6,2,4.0,4,1,1,0,0,0,16.0,4.0,4.0,0,0,6,1,0.3333333333333333,7.38
10,4,5.0,5,2,0,1,0,0,25.0,10.0,0.0,12,0,8,2,0.4,19.125000000000004
12,3,4.0,3,0,1,0,0,0,12.0,0.0,4.0,0,0,4,0,0.25,3.48
8,6,24.0,4,0,2,0,0,0,24.0,0.0,8.0,0,0,6,0,0.75,68.4
25,5,0.0,6,0,0,0,0,0,0.0,0.0,0.0,0,0,6,0,0.2,3.3600000000000003
15,6,0.0,6,0,0,0,0,0,0.0,0.0,0.0,0,0,6,0,0.4,3.3000000000000003
8,4,0.0,4,0,0,0,0,0,0.0,0.0,0.0,0,0,4,0,0.5,2.1
8,6,0.0,6,0,0,0,0,0,0.0,0.0,0.0,0,0,6,0,0.75,2.8800000000000003
2,2,0.0,3,2,0,0,0,0,0.0,0.0,0.0,0,0,5,2,1.0,13.98
12,6,0.0,6,0,0,0,0,0,0.0,0.0,0.0,0,0,6,0,0.5,3.12
6,5,4.0,7,2,1,0,0,0,28.0,8.0,4.0,0,0,10,2,0.8333333333333334,12.3
55,30,7.0,20,20,10,1,0,0,120.0,140.0,40.0,12,0,51,20,0.5454545454545454,104.825
8,7,7.0,14,0,1,1,0,0,84.0,0.0,4.0,12,0,16,0,0.875,32.900000000000006
14,9,4.0,4,2,0,0,0,0,16.0,8.0,0.0,0,0,6,2,0.6428571428571429,6.030000000000001
20,10,8.0,13,2,3,1,0,0,78.0,16.0,12.0,12,0,19,2,0.5,43.5
22,6,8.0,7,0,0,0,0,0,42.0,0.0,0.0,0,0,7,0,0.2727272727272727,3.65
13,5,8.0,6,0,0,0,0,0,36.0,0.0,0.0,0,0,6,0,0.38461538461538464,3.75
3,4,2.0,5,1,0,0,0,0,10.0,2.0,0.0,0,0,6,1,1.3333333333333333,4.5
7,8,2.0,8,5,1,0,0,0,16.0,10.0,2.0,0,0,14,5,1.1428571428571428,32.79
12,4,2.0,8,0,0,0,0,0,16.0,0.0,0.0,0,0,8,0,0.3333333333333333,2.8800000000000003
5,4,2.0,6,4,1,0,0,0,12.0,8.0,2.0,0,0,11,4,0.8,29.700000000000003
6,3,2.0,6,0,0,0,0,0,12.0,0.0,0.0,0,0,6,0,0.5,2.16
5,5,2.0,10,3,1,1,0,0,20.0,6.0,2.0,12,0,15,3,1.0,32.82
8,6,4.0,12,4,2,0,0,0,48.0,16.0,8.0,0,0,18,4,0.75,34.59
6,3,4.0,1,2,1,1,0,0,4.0,8.0,4.0,12,0,5,2,0.5,33.12
2,7,3.0,1,3,0,0,0,0,3.0,9.0,0.0,0,0,4,3,3.5,3.69
8,4,8.0,10,3,1,1,0,0,60.0,24.0,4.0,12,0,15,3,0.5,42.89999999999999
8,4,3.0,8,2,1,0,0,0,24.0,6.0,3.0,0,0,11,2,0.5,4.98
11,6,0.0,0,0,0,0,0,0,0.0,0.0,0.0,0,0,0,0,0.5454545454545454,1.2000000000000002
3,3,4.0,2,1,0,0,0,0,8.0,4.0,0.0,0,0,3,1,1.0,6.36
11,10,4.0,7,5,0,0,0,0,28.0,20.0,0.0,0,0,12,5,0.9090909090909091,23.16
12,11,10.0,11,4,0,1,0,0,66.0,32.0,0.0,12,0,16,4,0.9166666666666666,69.375
8,4,10.0,4,1,0,0,0,0,24.0,8.0,0.0,0,0,5,1,0.5,9.5
4,3,6.0,2,0,0,0,0,0,12.0,0.0,0.0,0,0,2,0,0.75,1.05
9,6,7.0,6,0,0,0,0,0,36.0,0.0,0.0,0,0,6,0,0.6666666666666666,5.25
7,6,10.0,5,0,0,0,0,0,30.0,0.0,0.0,0,0,5,0,0.8571428571428571,5.0
6,7,3.0,4,0,0,0,0,0,12.0,0.0,0.0,0,0,4,0,1.1666666666666667,1.6800000000000002
19,10,4.0,9,2,0,0,0,0,36.0,8.0,0.0,0,0,11,2,0.5263157894736842,10.62
25,7,4.0,9,0,0,0,0,0,36.0,0.0,0.0,0,0,9,0,0.28,3.78
10,6,4.0,6,0,0,0,0,0,24.0,0.0,0.0,0,0,6,0,0.6,3.24
5,6,10.0,5,0,0,0,0,0,30.0,0.0,0.0,0,0,5,0,1.2,3.125
3,2,5.0,5,4,1,1,0,0,25.0,20.0,4.0,12,0,11,4,0.6666666666666666,31.312500000000004
7,5,4.0,5,6,2,1,0,0,20.0,24.0,8.0,12,0,14,6,0.7142857142857143,40.92
2,2,5.0,5,3,1,1,0,0,25.0,15.0,4.0,12,0,10,3,1.0,29.9375
10,3,4.0,4,3,0,0,0,0,16.0,12.0,0.0,0,0,7,3,0.3,9.33
5,4,20.0,7,1,1,1,0,0,42.0,8.0,4.0,12,0,10,1,0.8,105.5
11,7,8.0,10,2,1,0,0,0,60.0,16.0,4.0,0,0,13,2,0.6363636363636364,45.29999999999999
7,4,4.0,7,2,1,1,0,0,28.0,8.0,4.0,12,0,11,2,0.5714285714285714,14.4
16,8,5.0,8,0,0,0,0,0,40.0,0.0,0.0,0,0,8,0,0.5,3.0
10,4,2.0,6,0,0,0,0,0,12.0,0.0,0.0,0,0,6,0,0.4,0.8400000000000001
4,4,5.0,5,2,0,1,0,0,25.0,10.0,0.0,12,0,8,2,1.0,24.53125
4,5,10.0,8,3,1,1,0,0,48.0,24.0,4.0,12,0,13,3,1.25,71.875
3,4,4.0,5,4,1,0,0,0,20.0,16.0,4.0,0,0,10,4,1.3333333333333333,23.160000000000004
6,8,3.0,7,4,1,0,0,0,21.0,12.0,3.0,0,0,12,4,1.3333333333333333,28.56
6,3,5.0,5,2,0,0,0,0,25.0,10.0,0.0,0,0,7,2,0.5,11.500000000000002
5,2,9.0,4,1,1,0,0,0,24.0,8.0,4.0,0,0,6,1,0.4,14.85
7,3,7.0,4,3,2,1,0,0,24.0,21.0,8.0,12,0,10,3,0.42857142857142855,51.45
15,28,10.0,30,9,5,0,0,0,180.0,72.0,20.0,0,0,44,9,1.8666666666666667,153.2325
14,14,14.0,5,0,0,0,0,0,30.0,0.0,0.0,0,0,5,0,1.0,38.9375
8,6,12.0,7,4,3,1,0,0,42.0,32.0,12.0,12,0,15,4,0.75,148.725
9,5,12.0,8,0,3,1,0,0,48.0,0.0,12.0,12,0,12,0,0.5555555555555556,104.625
11,5,12.0,8,0,3,1,0,0,48.0,0.0,12.0,12,0,12,0,0.45454545454545453,96.825
8,5,12.0,7,0,2,1,0,0,42.0,0.0,8.0,12,0,10,0,0.625,84.75
6,4,2.0,5,4,0,0,0,0,10.0,8.0,0.0,0,0,9,4,0.6666666666666666,15.27
4,3,2.0,5,0,1,0,0,0,10.0,0.0,2.0,0,0,6,0,0.75,8.88
10,6,7.0,9,6,2,1,0,0,54.0,42.0,8.0,12,0,18,6,0.6,82.86250000000001
5,3,8.0,3,2,1,0,0,0,18.0,16.0,4.0,0,0,6,2,0.6,19.8
6,5,2.0,8,3,1,1,0,0,16.0,6.0,2.0,12,0,13,3,0.8333333333333334,17.790000000000003
10,3,4.0,5,1,0,0,0,0,20.0,4.0,0.0,0,0,6,1,0.3,2.43
7,3,7.0,6,3,1,0,0,0,36.0,21.0,4.0,0,0,10,3,0.42857142857142855,26.25
9,6,8.0,8,4,3,1,0,0,48.0,32.0,12.0,12,0,16,4,0.6666666666666666,92.79999999999998
9,6,12.0,8,0,3,1,0,0,48.0,0.0,12.0,12,0,12,0,0.6666666666666666,100.125
11,6,12.0,8,0,3,1,0,0,48.0,0.0,12.0,12,0,12,0,0.5454545454545454,96.825
7,5,12.0,8,0,2,1,0,0,48.0,0.0,8.0,12,0,11,0,0.7142857142857143,86.4
5,5,6.0,12,5,1,1,0,0,72.0,30.0,4.0,12,0,19,5,1.0,60.0375
4,4,8.0,9,5,1,1,0,0,54.0,40.0,4.0,12,0,16,5,1.0,73.39999999999999
10,6,6.0,12,3,0,0,0,0,72.0,18.0,0.0,0,0,15,3,0.6,35.1
5,4,6.0,4,2,1,0,0,0,24.0,12.0,4.0,0,0,7,2,0.8,10.125
3,2,3.0,6,2,1,0,0,0,18.0,6.0,3.0,0,0,9,2,0.6666666666666666,5.220000000000001
8,7,4.0,8,3,1,0,0,0,32.0,12.0,4.0,0,0,12,3,0.875,12.840000000000002
4,2,4.0,4,0,1,0,0,0,16.0,0.0,4.0,0,0,5,0,0.5,7.2
6,4,4.0,6,2,0,1,0,0,24.0,8.0,0.0,12,0,9,2,0.6666666666666666,23.4
4,4,2.0,5,1,1,0,0,0,10.0,2.0,2.0,0,0,7,1,1.0,8.040000000000001
2,2,8.0,3,0,0,0,0,0,18.0,0.0,0.0,0,0,3,0,1.0,3.2
5,3,4.0,6,0,1,0,0,0,24.0,0.0,4.0,0,0,7,0,0.6,3.6
12,8,4.0,8,0,1,1,0,0,32.0,0.0,4.0,12,0,10,0,0.6666666666666666,15.66
7,5,4.0,6,0,0,0,0,0,24.0,0.0,0.0,0,0,6,0,0.7142857142857143,1.8
4,3,3.0,7,0,1,1,0,0,21.0,0.0,3.0,12,0,9,0,0.75,17.52
8,9,24.0,5,4,2,0,0,0,30.0,32.0,8.0,0,0,11,4,1.125,56.4
23,15,6.0,20,5,3,1,0,0,120.0,30.0,12.0,12,0,29,5,0.6521739130434783,61.5
5,4,6.0,3,2,0,0,0,0,18.0,12.0,0.0,0,0,5,2,0.8,7.65
4,3,9.0,5,3,1,1,0,0,30.0,24.0,4.0,12,0,10,3,0.75,57.4875
2,3,7.0,5,3,2,1,0,0,30.0,21.0,8.0,12,0,11,3,1.5,50.225
7,4,5.0,6,3,2,0,0,0,30.0,15.0,8.0,0,0,11,3,0.5714285714285714,11.53125
3,3,6.0,3,0,1,0,0,0,18.0,0.0,4.0,0,0,4,0,1.0,6.9
1,4,7.0,5,0,1,0,0,0,30.0,0.0,4.0,0,0,6,0,4.0,15.093750000000002
5,4,6.0,10,4,2,0,0,0,60.0,24.0,8.0,0,0,16,4,0.8,31.6875
1,2,12.0,10,3,3,1,0,0,60.0,24.0,12.0,12,0,17,3,2.0,153.2325
5,3,2.0,10,5,2,1,0,0,20.0,10.0,4.0,12,0,18,5,0.6,39.93000000000001
7,4,3.0,9,3,1,0,0,0,27.0,9.0,3.0,0,0,13,3,0.5714285714285714,23.16
8,4,4.0,12,3,3,1,0,0,48.0,12.0,12.0,12,0,19,3,0.5,46.56
2,2,5.0,5,1,1,1,0,0,25.0,5.0,4.0,12,0,8,1,1.0,27.375000000000004
2,2,6.0,3,2,1,1,1,4,18.0,12.0,4.0,12,4,8,3,1.0,58.8
6,4,6.0,6,3,1,1,0,0,36.0,18.0,4.0,12,0,11,3,0.6666666666666666,31.875
5,3,10.0,3,1,0,0,0,0,18.0,8.0,0.0,0,0,4,1,0.6,16.6875
6,2,10.0,10,2,2,1,1,4,60.0,16.0,8.0,12,4,16,3,0.3333333333333333,124.375
4,5,9.0,20,4,2,1,0,0,120.0,32.0,8.0,12,0,27,4,1.25,106.48125000000002
5,3,10.0,12,2,1,1,0,0,72.0,16.0,4.0,12,0,16,2,0.6,74.625
4,3,10.0,15,2,1,1,0,0,90.0,16.0,4.0,12,0,19,2,0.75,75.625
5,2,10.0,6,2,1,1,0,0,36.0,16.0,4.0,12,0,10,2,0.4,52.31250000000001
6,3,10.0,8,1,1,1,0,0,48.0,8.0,4.0,12,0,11,1,0.5,66.75
2,1,10.0,2,1,0,0,0,0,12.0,8.0,0.0,0,0,3,1,0.5,12.375000000000002
7,4,10.0,4,2,1,0,0,0,24.0,16.0,4.0,0,0,7,2,0.5714285714285714,25.75
4,1,10.0,2,1,1,0,0,0,12.0,8.0,4.0,0,0,4,1,0.25,20.0
5,4,5.0,6,3,2,1,1,4,30.0,15.0,8.0,12,4,13,4,0.8,66.06250000000001
5,8,4.0,11,0,1,0,0,0,44.0,0.0,4.0,0,0,12,0,1.6,6.24
5,6,5.0,1,0,1,0,0,0,5.0,0.0,4.0,0,0,2,0,1.2,5.09375
6,4,4.0,3,0,0,0,0,0,12.0,0.0,0.0,0,0,3,0,0.6666666666666666,0.54
8,7,7.0,5,0,0,0,0,0,30.0,0.0,0.0,0,0,5,0,0.875,1.5750000000000002
4,2,8.0,12,3,2,1,0,0,72.0,24.0,8.0,12,0,18,3,0.5,45.5
3,2,8.0,6,1,1,1,0,0,36.0,8.0,4.0,12,0,9,1,0.6666666666666666,29.0
10,6,9.0,9,0,1,1,0,0,54.0,0.0,4.0,12,0,11,0,0.6,33.1875
6,3,10.0,12,4,3,1,0,0,72.0,32.0,12.0,12,0,20,4,0.5,59.625000000000014
1,1,8.0,4,1,1,1,0,0,24.0,8.0,4.0,12,0,7,1,1.0,24.5
3,2,5.0,5,2,1,1,0,0,25.0,10.0,4.0,12,0,9,2,0.6666666666666666,17.0
4,2,8.0,5,2,1,1,0,0,30.0,16.0,4.0,12,0,9,2,0.5,26.7
11,6,21.0,12,6,4,1,1,4,72.0,48.0,16.0,12,4,24,7,0.5454545454545454,153.2325
8,6,8.0,13,3,1,1,0,0,78.0,24.0,4.0,12,0,18,3,0.75,38.7
5,5,14.0,16,3,1,1,0,0,96.0,24.0,4.0,12,0,21,3,1.0,78.75
6,2,14.0,6,2,1,1,0,0,36.0,16.0,4.0,12,0,10,2,0.3333333333333333,56.525000000000006
5,3,21.0,8,2,1,1,0,0,48.0,16.0,4.0,12,0,12,2,0.6,94.2375
6,4,21.0,8,4,2,1,0,0,48.0,32.0,8.0,12,0,15,4,0.6666666666666666,114.1875
6,5,21.0,8,4,1,0,0,0,48.0,32.0,4.0,0,0,13,4,0.8333333333333334,90.03750000000001
7,3,21.0,6,4,1,1,0,0,36.0,32.0,4.0,12,0,12,4,0.42857142857142855,101.0625
8,6,10.0,8,4,3,0,0,0,48.0,32.0,12.0,0,0,15,4,0.75,42.6875
10,7,21.0,12,8,3,1,0,0,72.0,64.0,12.0,12,0,24,8,0.7,153.2325
6,1,3.0,4,2,1,1,0,0,12.0,6.0,3.0,12,0,8,2,0.16666666666666666,15.66
6,7,21.0,11,2,2,1,0,0,66.0,16.0,8.0,12,0,16,2,1.1666666666666667,119.70000000000002
6,4,3.0,5,1,1,1,0,0,15.0,3.0,3.0,12,0,8,1,0.6666666666666666,18.3
1,1,0.0,2,1,0,0,0,0,0.0,0.0,0.0,0,0,3,1,1.0,1.5300000000000002
6,2,20.0,2,1,1,0,0,0,12.0,8.0,4.0,0,0,4,1,0.3333333333333333,13.250000000000002
20,3,20.0,5,0,0,0,0,0,30.0,0.0,0.0,0,0,5,0,0.15,6.25
10,4,20.0,6,2,3,1,0,0,36.0,16.0,12.0,12,0,12,2,0.4,97.5
36,12,7.0,15,7,5,1,0,0,90.0,49.0,20.0,12,0,28,7,0.3333333333333333,94.4125
3,5,1.0,6,4,1,0,0,0,6.0,4.0,1.0,0,0,11,4,1.6666666666666667,4.32
3,10,1.0,10,8,2,1,0,0,10.0,8.0,2.0,12,0,21,8,3.3333333333333335,29.910000000000004
4,2,1.0,7,2,1,0,0,0,7.0,2.0,1.0,0,0,10,2,0.5,19.17
4,2,12.0,8,0,0,0,0,0,48.0,0.0,0.0,0,0,8,0,0.5,15.0
5,4,5.0,4,2,0,0,0,0,20.0,10.0,0.0,0,0,6,2,0.8,5.1875
4,4,8.0,10,3,2,1,0,0,60.0,24.0,8.0,12,0,16,3,1.0,61.39999999999999
2,3,6.0,6,3,1,1,0,0,36.0,18.0,4.0,12,0,11,3,1.5,38.475
3,2,8.0,6,2,2,1,0,0,36.0,16.0,8.0,12,0,11,2,0.6666666666666666,51.7
6,3,10.0,10,3,3,1,0,0,60.0,24.0,12.0,12,0,17,3,0.5,112.37500000000004
4,2,7.0,7,2,1,1,0,0,42.0,14.0,4.0,12,0,11,2,0.5,39.025000000000006
5,3,6.0,8,3,1,1,0,0,48.0,18.0,4.0,12,0,13,3,0.6,27.45
3,1,24.0,5,2,1,1,0,0,30.0,16.0,4.0,12,0,9,2,0.3333333333333333,136.2
2,1,7.0,5,1,1,1,0,0,30.0,7.0,4.0,12,0,8,1,0.5,28.74375000000001
8,5,15.0,5,1,0,0,0,0,30.0,8.0,0.0,0,0,6,1,0.625,12.375
10,5,15.0,5,1,0,0,0,0,30.0,8.0,0.0,0,0,6,1,0.5,10.3125
7,5,8.0,5,0,0,0,0,0,30.0,0.0,0.0,0,0,5,0,0.7142857142857143,2.75
7,5,5.0,5,1,1,0,0,0,25.0,5.0,4.0,0,0,7,1,0.7142857142857143,6.5625
3,3,20.0,3,1,0,0,0,0,18.0,8.0,0.0,0,0,4,1,1.0,34.0
8,4,16.0,8,3,1,1,0,0,48.0,24.0,4.0,12,0,13,3,0.5,97.2
1,1,7.0,2,1,0,0,0,0,12.0,7.0,0.0,0,0,3,1,1.0,3.71875
2,1,8.0,2,1,0,0,0,0,12.0,8.0,0.0,0,0,3,1,0.5,5.1
4,3,10.0,4,1,1,1,0,0,24.0,8.0,4.0,12,0,7,1,0.75,67.00000000000001
5,4,10.0,6,3,1,1,0,0,36.0,24.0,4.0,12,0,11,3,0.8,61.25
3,2,12.0,4,1,0,0,0,0,24.0,8.0,0.0,0,0,5,1,0.6666666666666666,11.25
2,1,12.0,2,1,0,0,0,0,12.0,8.0,0.0,0,0,3,1,0.5,9.0
15,8,5.0,5,3,0,0,0,0,25.0,15.0,0.0,0,0,8,3,0.5333333333333333,8.1875
25,15,4.0,10,10,2,0,0,0,40.0,40.0,8.0,0,0,22,10,0.6,21.6
9,6,4.0,4,2,0,0,0,0,16.0,8.0,0.0,0,0,6,2,0.6666666666666666,4.08
7,5,4.0,3,2,0,0,0,0,12.0,8.0,0.0,0,0,5,2,0.7142857142857143,4.5
9,6,4.0,4,0,0,0,0,0,16.0,0.0,0.0,0,0,4,0,0.6666666666666666,1.11
6,6,15.0,4,2,0,0,0,0,24.0,16.0,0.0,0,0,6,2,1.0,15.5625
7,4,10.0,4,2,1,0,0,0,24.0,16.0,4.0,0,0,7,2,0.5714285714285714,13.375000000000002
10,4,3.0,4,0,0,0,0,0,12.0,0.0,0.0,0,0,4,0,0.4,2.04
2,9,4.0,15,0,0,0,0,0,60.0,0.0,0.0,0,0,15,0,4.5,9.72
4,4,9.0,3,0,0,0,0,0,18.0,0.0,0.0,0,0,3,0,1.0,3.31875
6,4,9.0,5,2,0,0,0,0,30.0,16.0,0.0,0,0,7,2,0.6666666666666666,16.5375
11,5,10.0,4,0,0,0,0,0,24.0,0.0,0.0,0,0,4,0,0.45454545454545453,3.5000000000000004
7,3,5.0,4,0,0,0,0,0,20.0,0.0,0.0,0,0,4,0,0.42857142857142855,1.875
7,7,4.0,4,0,0,1,0,0,16.0,0.0,0.0,12,0,5,0,1.0,13.02
6,5,5.0,3,0,0,0,0,0,15.0,0.0,0.0,0,0,3,0,0.8333333333333334,1.5
6,3,6.0,3,0,0,0,0,0,18.0,0.0,0.0,0,0,3,0,0.5,1.4625
13,8,9.0,10,2,0,0,0,0,60.0,16.0,0.0,0,0,12,2,0.6153846153846154,16.875
34,9,6.0,3,0,0,0,0,0,18.0,0.0,0.0,0,0,3,0,0.2647058823529412,1.65
2,5,9.0,6,0,0,0,0,0,36.0,0.0,0.0,0,0,6,0,2.5,7.143750000000001
12,7,9.0,5,4,1,0,0,0,30.0,32.0,4.0,0,0,10,4,0.5833333333333334,40.837500000000006
2,1,2.0,3,1,0,0,0,0,6.0,2.0,0.0,0,0,4,1,0.5,2.7
4,3,11.0,8,3,2,1,1,4,48.0,24.0,8.0,12,4,15,4,0.75,124.16249999999998
3,3,4.0,3,2,2,1,0,0,12.0,8.0,8.0,12,0,8,2,1.0,24.75
1,4,4.0,2,1,0,0,0,0,8.0,4.0,0.0,0,0,3,1,4.0,2.8800000000000003
1,2,4.0,1,1,0,0,0,0,4.0,4.0,0.0,0,0,2,1,2.0,6.0600000000000005
1,1,4.0,3,1,0,0,0,0,12.0,4.0,0.0,0,0,4,1,1.0,1.8000000000000005
1,20,8.0,2,1,1,1,0,0,12.0,8.0,4.0,12,0,5,1,20.0,36.7
2,2,8.0,2,1,0,0,0,0,12.0,8.0,0.0,0,0,3,1,1.0,2.8
4,3,5.0,3,1,0,0,0,0,15.0,5.0,0.0,0,0,4,1,0.75,2.75
1,15,3.0,1,1,0,0,0,0,3.0,3.0,0.0,0,0,2,1,15.0,1.74
2,10,6.0,4,1,1,0,0,0,24.0,6.0,4.0,0,0,6,1,5.0,16.4625
1,6,4.0,2,1,0,0,0,0,8.0,4.0,0.0,0,0,3,1,6.0,5.640000000000001
1,10,6.0,3,1,0,0,0,0,18.0,6.0,0.0,0,0,4,1,10.0,11.625
3,20,6.0,5,1,1,0,0,0,30.0,6.0,4.0,0,0,7,1,6.666666666666667,30.7875
2,5,3.0,2,1,0,0,0,0,6.0,3.0,0.0,0,0,3,1,2.5,2.19
2,6,6.0,2,1,0,0,0,0,12.0,6.0,0.0,0,0,3,1,3.0,8.25
10,6,24.0,4,0,0,0,0,0,24.0,0.0,0.0,0,0,4,0,0.6,4.35
15,7,0.0,5,0,0,0,0,0,0.0,0.0,0.0,0,0,5,0,0.4666666666666667,0.3
9,5,0.0,2,0,0,0,0,0,0.0,0.0,0.0,0,0,2,0,0.5555555555555556,0.0
7,3,0.0,4,0,1,0,0,0,0.0,0.0,0.0,0,0,5,0,0.42857142857142855,0.0
17,6,17.0,6,3,0,0,0,0,36.0,24.0,0.0,0,0,9,3,0.35294117647058826,6.375
3,2,8.0,5,2,1,1,0,0,30.0,16.0,4.0,12,0,9,2,0.6666666666666666,39.6
5,3,3.0,6,3,1,1,0,0,18.0,9.0,3.0,12,0,11,3,0.6,27.360000000000003
8,2,5.0,3,3,0,0,0,0,15.0,15.0,0.0,0,0,6,3,0.25,17.03125
2,4,11.0,3,1,1,0,0,0,18.0,8.0,4.0,0,0,5,1,2.0,38.98125
7,1,4.0,2,1,1,0,0,0,8.0,4.0,4.0,0,0,4,1,0.14285714285714285,21.360000000000003
2,1,4.0,5,1,1,0,1,4,20.0,4.0,4.0,0,4,8,2,0.5,48.36000000000001
7,2,12.0,2,2,1,0,0,0,12.0,16.0,4.0,0,0,5,2,0.2857142857142857,46.8
4,2,4.0,4,2,1,0,0,0,16.0,8.0,4.0,0,0,7,2,0.5,18.24
7,2,4.0,12,3,1,0,0,0,48.0,12.0,4.0,0,0,16,3,0.2857142857142857,27.420000000000005
3,1,9.0,1,1,1,0,0,0,6.0,8.0,4.0,0,0,3,1,0.3333333333333333,22.725
4,1,5.0,6,2,0,0,0,0,30.0,10.0,0.0,0,0,8,2,0.25,13.062500000000002
7,4,0.0,8,2,0,0,0,0,0.0,0.0,0.0,0,0,10,2,0.5714285714285714,15.060000000000002
7,3,4.0,5,2,0,0,0,0,20.0,8.0,0.0,0,0,7,2,0.42857142857142855,9.36
4,2,12.0,3,2,0,0,0,0,18.0,16.0,0.0,0,0,5,2,0.5,28.2
6,3,10.0,5,2,1,1,0,0,30.0,16.0,4.0,12,0,9,2,0.5,72.25
6,6,5.0,9,4,2,1,0,0,45.0,20.0,8.0,12,0,16,4,1.0,50.96875
5,4,8.0,3,2,1,0,0,0,18.0,16.0,4.0,0,0,6,2,0.8,26.399999999999995
7,4,11.0,4,2,1,1,0,0,24.0,16.0,4.0,12,0,8,2,0.5714285714285714,75.55624999999999
3,6,6.0,12,1,1,1,1,4,72.0,6.0,4.0,12,4,16,2,2.0,66.225
6,6,8.0,6,1,1,1,0,0,36.0,8.0,4.0,12,0,9,1,1.0,41.2
8,5,9.0,10,6,1,1,0,0,60.0,48.0,4.0,12,0,18,6,0.625,104.2875
4,15,7.0,3,1,0,1,0,0,18.0,7.0,0.0,12,0,5,1,3.75,27.9125
19,8,3.0,15,0,4,1,1,4,45.0,0.0,12.0,12,4,21,1,0.42105263157894735,63.120000000000005
8,1,5.0,2,1,2,0,0,0,10.0,5.0,8.0,0,0,5,1,0.125,11.90625
5,1,0.0,5,2,0,0,0,0,0.0,0.0,0.0,0,0,7,2,0.2,7.710000000000001
6,3,11.0,5,1,1,1,1,4,30.0,8.0,4.0,12,4,9,2,0.5,116.25625
4,3,11.0,5,3,1,1,1,4,30.0,24.0,4.0,12,4,11,4,0.75,129.525
4,3,12.0,5,2,1,1,0,0,30.0,16.0,4.0,12,0,9,2,0.75,70.65
8,4,5.0,4,2,1,1,0,0,20.0,10.0,4.0,12,0,8,2,0.5,26.25
4,2,10.0,5,1,1,1,0,0,30.0,8.0,4.0,12,0,8,1,0.5,49.625
5,3,13.0,4,1,1,1,1,4,24.0,8.0,4.0,12,4,8,2,0.6,129.1875
7,4,5.0,5,3,0,1,1,4,25.0,15.0,0.0,12,4,10,4,0.5714285714285714,56.125
6,5,18.0,5,1,1,1,1,4,30.0,8.0,4.0,12,4,9,2,0.8333333333333334,153.2325
5,5,5.0,5,1,1,1,1,4,25.0,5.0,4.0,12,4,9,2,1.0,61.25
4,4,0.0,4,0,0,0,0,0,0.0,0.0,0.0,0,0,4,0,1.0,1.5300000000000002
18,7,0.0,9,4,1,0,0,0,0.0,0.0,0.0,0,0,14,4,0.3888888888888889,36.66
10,7,4.0,14,4,1,1,0,0,56.0,16.0,4.0,12,0,20,4,0.7,41.28
3,1,0.0,2,1,1,0,0,0,0.0,0.0,0.0,0,0,4,1,0.3333333333333333,6.9
9,8,0.0,14,7,2,1,0,0,0.0,0.0,0.0,12,0,24,7,0.8888888888888888,66.96
4,3,0.0,4,1,0,0,0,0,0.0,0.0,0.0,0,0,5,1,0.75,4.62
3,2,0.0,3,0,0,0,0,0,0.0,0.0,0.0,0,0,3,0,0.6666666666666666,1.26
7,6,7.0,7,5,0,0,0,0,42.0,35.0,0.0,0,0,12,5,0.8571428571428571,26.3375
14,6,0.0,6,0,0,0,0,0,0.0,0.0,0.0,0,0,6,0,0.42857142857142855,2.8800000000000003
16,4,4.0,6,0,1,0,0,0,24.0,0.0,4.0,0,0,7,0,0.25,4.5600000000000005
12,5,0.0,0,0,0,0,0,0,0.0,0.0,0.0,0,0,0,0,0.4166666666666667,0.36
6,11,4.0,11,1,0,0,0,0,44.0,4.0,0.0,0,0,12,1,1.8333333333333333,6.36
10,4,6.0,4,0,0,0,0,0,24.0,0.0,0.0,0,0,4,0,0.4,0.225
5,4,2.0,3,0,0,0,0,0,6.0,0.0,0.0,0,0,3,0,0.8,0.48
10,7,4.0,4,0,0,0,0,0,16.0,0.0,0.0,0,0,4,0,0.7,0.48
8,7,5.0,8,3,2,0,0,0,40.0,15.0,8.0,0,0,13,3,0.875,19.812500000000004
2,4,12.0,4,1,0,0,0,0,24.0,8.0,0.0,0,0,5,1,2.0,6.6
8,7,2.0,6,0,0,0,0,0,12.0,0.0,0.0,0,0,6,0,0.875,0.81
4,3,7.0,7,1,0,0,0,0,42.0,7.0,0.0,0,0,8,1,0.75,19.03125
1,2,5.0,4,2,0,1,0,0,20.0,10.0,0.0,12,0,7,2,2.0,15.812500000000002
9,7,4.0,7,2,1,1,0,0,28.0,8.0,4.0,12,0,11,2,0.7777777777777778,18.660000000000004
1,3,5.0,3,1,1,1,0,0,15.0,5.0,4.0,12,0,6,1,3.0,22.90625
4,7,3.0,5,1,0,0,0,0,15.0,3.0,0.0,0,0,6,1,1.75,2.5500000000000003
29,2,3.0,6,0,0,0,0,0,18.0,0.0,0.0,0,0,6,0,0.06896551724137931,1.02
18,5,0.0,0,0,0,0,0,0,0.0,0.0,0.0,0,0,0,0,0.2777777777777778,0.18
16,4,3.0,4,0,0,0,0,0,12.0,0.0,0.0,0,0,4,0,0.25,4.86
3,4,2.0,9,1,0,1,0,0,18.0,2.0,0.0,12,0,11,1,1.3333333333333333,20.28
5,4,2.0,10,4,1,1,0,0,20.0,8.0,2.0,12,0,16,4,0.8,20.4
5,2,2.0,5,2,1,1,0,0,10.0,4.0,2.0,12,0,9,2,0.4,22.62
2,4,2.0,8,3,1,0,0,0,16.0,6.0,2.0,0,0,12,3,2.0,8.160000000000002
7,5,0.0,10,4,1,0,0,0,0.0,0.0,0.0,0,0,15,4,0.7142857142857143,9.06
4,6,2.0,6,2,1,1,0,0,12.0,4.0,2.0,12,0,10,2,1.5,17.94
4,3,2.0,6,2,1,1,0,0,12.0,4.0,2.0,12,0,10,2,0.75,18.6
4,5,2.0,8,2,1,1,0,0,16.0,4.0,2.0,12,0,12,2,1.25,18.24
2,3,0.0,3,1,0,0,0,0,0.0,0.0,0.0,0,0,4,1,1.5,1.2000000000000002
3,5,9.0,6,2,1,0,0,0,36.0,16.0,4.0,0,0,9,2,1.6666666666666667,32.849999999999994
10,5,0.0,9,2,0,0,0,0,0.0,0.0,0.0,0,0,11,2,0.5,13.05
9,6,4.0,4,2,0,0,0,0,16.0,8.0,0.0,0,0,6,2,0.6666666666666666,5.280000000000001
6,6,12.0,7,0,0,0,0,0,42.0,0.0,0.0,0,0,7,0,1.0,7.35
4,4,14.0,3,0,0,0,0,0,18.0,0.0,0.0,0,0,3,0,1.0,3.1500000000000004
9,6,0.0,7,0,0,0,0,0,0.0,0.0,0.0,0,0,7,0,0.6666666666666666,2.52
8,7,13.0,13,4,2,1,0,0,78.0,32.0,8.0,12,0,20,4,0.875,107.25
12,5,5.0,4,0,0,0,0,0,20.0,0.0,0.0,0,0,4,0,0.4166666666666667,1.46875
1,1,5.0,3,0,0,0,0,0,15.0,0.0,0.0,0,0,3,0,1.0,1.3125000000000002
2,3,8.0,2,1,0,0,0,0,12.0,8.0,0.0,0,0,3,1,1.5,7.2
7,3,6.0,7,2,1,0,0,0,42.0,12.0,4.0,0,0,10,2,0.42857142857142855,11.25
3,3,7.0,4,0,0,0,0,0,24.0,0.0,0.0,0,0,4,0,1.0,3.0625
4,3,8.0,4,0,0,0,0,0,24.0,0.0,0.0,0,0,4,0,0.75,2.7
7,4,5.0,8,2,1,1,0,0,40.0,10.0,4.0,12,0,12,2,0.5714285714285714,22.875
8,2,8.0,3,0,1,0,0,0,18.0,0.0,4.0,0,0,4,0,0.25,10.8
8,3,6.0,12,1,1,0,0,0,72.0,6.0,4.0,0,0,14,1,0.375,13.05
11,6,3.0,8,1,0,0,0,0,24.0,3.0,0.0,0,0,9,1,0.5454545454545454,4.5
7,10,7.0,10,1,0,0,0,0,60.0,7.0,0.0,0,0,11,1,1.4285714285714286,8.4875
9,8,5.0,6,1,0,0,0,0,30.0,5.0,0.0,0,0,7,1,0.8888888888888888,3.75
8,5,4.0,6,1,1,1,0,0,24.0,4.0,4.0,12,0,9,1,0.625,17.939999999999998
6,5,14.0,15,8,4,1,0,0,90.0,64.0,16.0,12,0,28,8,0.8333333333333334,153.2325
2,5,3.0,5,2,0,0,0,0,15.0,6.0,0.0,0,0,7,2,2.5,4.859999999999999
14,15,4.0,6,0,0,0,0,0,24.0,0.0,0.0,0,0,6,0,1.0714285714285714,1.2000000000000002
3,2,2.0,3,0,0,0,0,0,6.0,0.0,0.0,0,0,3,0,0.6666666666666666,0.6600000000000001
11,4,2.0,6,1,1,0,0,0,12.0,2.0,2.0,0,0,8,1,0.36363636363636365,3.54
8,4,2.0,4,0,0,0,0,0,8.0,0.0,0.0,0,0,4,0,0.5,0.8400000000000001
15,3,2.0,5,0,0,0,0,0,10.0,0.0,0.0,0,0,5,0,0.2,1.08
5,2,2.0,6,0,0,0,0,0,12.0,0.0,0.0,0,0,6,0,0.4,1.2000000000000002
8,3,2.0,3,0,0,0,0,0,6.0,0.0,0.0,0,0,3,0,0.375,0.6000000000000001
21,30,2.0,32,11,3,1,0,0,64.0,22.0,6.0,12,0,47,11,1.4285714285714286,29.28
7,8,3.0,10,0,0,1,0,0,30.0,0.0,0.0,12,0,11,0,1.1428571428571428,12.36
10,8,3.0,12,0,0,0,0,0,36.0,0.0,0.0,0,0,12,0,0.8,1.74
19,9,5.0,9,0,0,0,0,0,45.0,0.0,0.0,0,0,9,0,0.47368421052631576,1.3125000000000002
6,7,6.0,10,0,0,0,0,0,60.0,0.0,0.0,0,0,10,0,1.1666666666666667,1.575
9,7,6.0,8,1,0,0,0,0,48.0,6.0,0.0,0,0,9,1,0.7777777777777778,2.25
5,3,4.0,5,1,0,1,0,0,20.0,4.0,0.0,12,0,7,1,0.6,16.32
9,3,6.0,6,3,1,1,0,0,36.0,18.0,4.0,12,0,11,3,0.3333333333333333,37.95
3,2,5.0,4,0,0,0,0,0,20.0,0.0,0.0,0,0,4,0,0.6666666666666666,1.8125
5,2,24.0,6,2,1,1,0,0,36.0,16.0,4.0,12,0,10,2,0.4,106.2
5,3,9.0,11,5,1,1,0,0,66.0,40.0,4.0,12,0,18,5,0.6,62.15625
2,1,8.0,2,1,0,1,0,0,12.0,8.0,0.0,12,0,4,1,0.5,19.75
4,3,8.0,9,3,1,1,0,0,54.0,24.0,4.0,12,0,14,3,0.75,38.6
6,3,4.0,6,3,1,1,0,0,24.0,12.0,4.0,12,0,11,3,0.5,19.380000000000003
21,9,5.0,13,3,2,0,0,0,65.0,15.0,8.0,0,0,18,3,0.42857142857142855,29.187500000000007
10,8,12.0,10,6,2,1,1,4,60.0,48.0,8.0,12,4,20,7,0.8,153.075
4,4,9.0,4,3,0,0,0,0,24.0,24.0,0.0,0,0,7,3,1.0,22.6125
8,3,8.0,15,4,1,1,0,0,90.0,32.0,4.0,12,0,21,4,0.375,58.6
13,10,10.0,12,8,0,1,0,0,72.0,64.0,0.0,12,0,21,8,0.7692307692307693,109.5625
6,3,9.0,6,3,0,1,0,0,36.0,24.0,0.0,12,0,10,3,0.5,54.39375
25,7,4.0,3,0,1,0,0,0,12.0,0.0,4.0,0,0,4,0,0.28,4.77
17,6,0.0,8,5,1,0,0,0,0.0,0.0,0.0,0,0,14,5,0.35294117647058826,0.0
2,3,6.0,7,2,1,0,0,0,42.0,12.0,4.0,0,0,10,2,1.5,7.800000000000001
8,4,9.0,3,0,0,0,0,0,18.0,0.0,0.0,0,0,3,0,0.5,2.925
2,2,9.0,3,1,0,1,0,0,18.0,8.0,0.0,12,0,5,1,1.0,25.9875
6,4,5.0,4,1,0,0,0,0,20.0,5.0,0.0,0,0,5,1,0.6666666666666666,8.062500000000002
7,4,8.0,3,1,0,0,0,0,18.0,8.0,0.0,0,0,4,1,0.5714285714285714,5.85
2,3,6.0,7,5,1,0,0,0,42.0,30.0,4.0,0,0,13,5,1.5,15.825
8,3,7.0,8,0,1,0,0,0,48.0,0.0,4.0,0,0,9,0,0.375,6.4750000000000005
7,3,9.0,9,2,1,1,0,0,54.0,16.0,4.0,12,0,13,2,0.42857142857142855,49.78125
19,10,4.0,12,0,1,0,0,0,48.0,0.0,4.0,0,0,13,0,0.5263157894736842,11.79
10,9,4.0,11,0,0,0,0,0,44.0,0.0,0.0,0,0,11,0,0.9,4.86
13,3,4.0,3,0,0,0,0,0,12.0,0.0,0.0,0,0,3,0,0.23076923076923078,1.7100000000000002
18,10,4.0,11,0,0,0,0,0,44.0,0.0,0.0,0,0,11,0,0.5555555555555556,5.82
3,3,5.0,6,0,0,0,0,0,30.0,0.0,0.0,0,0,6,0,1.0,1.0
37,8,5.0,7,3,3,0,0,0,35.0,15.0,12.0,0,0,13,3,0.21621621621621623,0.0
2,5,6.0,3,0,0,1,0,0,18.0,0.0,0.0,12,0,4,0,2.5,15.3
18,6,6.0,15,1,1,0,0,0,90.0,6.0,4.0,0,0,17,1,0.3333333333333333,13.05
3,4,5.0,5,2,0,0,0,0,25.0,10.0,0.0,0,0,7,2,1.3333333333333333,8.125
6,8,8.0,9,2,1,0,0,0,54.0,16.0,4.0,0,0,12,2,1.3333333333333333,17.65
14,4,10.0,4,0,0,0,0,0,24.0,0.0,0.0,0,0,4,0,0.2857142857142857,1.6875
12,12,5.0,9,0,0,0,0,0,45.0,0.0,0.0,0,0,9,0,1.0,3.5625000000000004
4,3,8.0,3,0,0,0,0,0,18.0,0.0,0.0,0,0,3,0,0.75,0.6
8,6,3.0,6,0,0,0,0,0,18.0,0.0,0.0,0,0,6,0,0.75,2.76
3,4,2.0,4,0,0,0,0,0,8.0,0.0,0.0,0,0,4,0,1.3333333333333333,0.5399999999999999
5,5,4.0,5,0,0,0,0,0,20.0,0.0,0.0,0,0,5,0,1.0,0.99
6,7,4.0,6,0,0,0,0,0,24.0,0.0,0.0,0,0,6,0,1.1666666666666667,2.4600000000000004
12,8,6.0,10,0,0,0,0,0,60.0,0.0,0.0,0,0,10,0,0.6666666666666666,5.85
2,4,19.0,5,2,1,0,0,0,30.0,16.0,4.0,0,0,8,2,2.0,67.56875000000001
9,9,20.0,11,1,1,1,0,0,66.0,8.0,4.0,12,0,14,1,1.0,121.125
3,4,21.0,6,1,1,1,0,0,36.0,8.0,4.0,12,0,9,1,1.3333333333333333,150.01874999999998
10,9,12.0,6,1,1,0,0,0,36.0,8.0,4.0,0,0,8,1,0.9,31.125
4,8,19.0,7,4,1,1,0,0,42.0,32.0,4.0,12,0,13,4,2.0,153.2325
3,7,18.0,2,0,1,0,0,0,12.0,0.0,4.0,0,0,3,0,2.3333333333333335,27.0
3,4,23.0,6,1,1,0,0,0,36.0,8.0,4.0,0,0,8,1,1.3333333333333333,71.0125
2,4,5.0,15,1,1,1,0,0,75.0,5.0,4.0,12,0,18,1,2.0,34.375
12,6,5.0,9,6,2,1,0,0,45.0,30.0,8.0,12,0,18,6,0.5,53.53125
5,4,14.0,9,0,2,1,0,0,54.0,0.0,8.0,12,0,12,0,0.8,88.025
6,3,14.0,7,3,1,1,0,0,42.0,24.0,4.0,12,0,12,3,0.5,92.75
4,3,14.0,8,3,1,1,1,4,48.0,24.0,4.0,12,4,14,4,0.75,153.2325
11,8,0.0,10,0,0,0,0,0,0.0,0.0,0.0,0,0,10,0,0.7272727272727273,2.34
5,5,2.0,6,0,0,0,0,0,12.0,0.0,0.0,0,0,6,0,1.0,0.7200000000000001
13,7,2.0,10,4,1,0,0,0,20.0,8.0,2.0,0,0,15,4,0.5384615384615384,10.44
17,10,0.0,0,0,0,0,0,0,0.0,0.0,0.0,0,0,0,0,0.5882352941176471,1.2000000000000002
23,20,2.0,22,3,0,0,0,0,44.0,6.0,0.0,0,0,25,3,0.8695652173913043,5.1000000000000005
17,10,18.0,6,4,2,0,0,0,36.0,32.0,8.0,0,0,12,4,0.5882352941176471,55.8
7,6,16.0,3,1,1,0,0,0,18.0,8.0,4.0,0,0,5,1,0.8571428571428571,17.0
8,5,17.0,4,3,1,0,0,0,24.0,24.0,4.0,0,0,8,3,0.625,28.36875000000001
4,6,18.0,4,3,1,0,0,0,24.0,24.0,4.0,0,0,8,3,1.5,35.550000000000004
14,4,11.0,3,0,0,0,0,0,18.0,0.0,0.0,0,0,3,0,0.2857142857142857,2.2
9,6,10.0,4,3,1,0,0,0,24.0,24.0,4.0,0,0,8,3,0.6666666666666666,16.750000000000004
12,6,10.0,4,3,0,0,0,0,24.0,24.0,0.0,0,0,7,3,0.5,12.0
7,4,4.0,3,2,0,0,0,0,12.0,8.0,0.0,0,0,5,2,0.5714285714285714,3.78
18,9,5.0,15,6,2,0,0,0,75.0,30.0,8.0,0,0,23,6,0.5,34.5
8,6,4.0,10,2,1,0,0,0,40.0,8.0,4.0,0,0,13,2,0.75,13.110000000000005
8,5,5.0,12,4,2,1,0,0,60.0,20.0,8.0,12,0,19,4,0.625,40.56250000000001
3,3,5.0,5,3,1,1,0,0,25.0,15.0,4.0,12,0,10,3,1.0,28.6875
4,4,4.0,5,3,1,1,0,0,20.0,12.0,4.0,12,0,10,3,1.0,28.44
8,4,5.0,8,4,1,1,0,0,40.0,20.0,4.0,12,0,14,4,0.5,35.3125
7,4,12.0,4,0,0,0,0,0,24.0,0.0,0.0,0,0,4,0,0.5714285714285714,4.65
7,1,12.0,8,0,1,1,0,0,48.0,0.0,4.0,12,0,10,0,0.14285714285714285,71.4
6,1,12.0,6,2,0,1,0,0,36.0,16.0,0.0,12,0,9,2,0.16666666666666666,74.7
7,6,12.0,4,2,2,1,0,0,24.0,16.0,8.0,12,0,9,2,0.8571428571428571,100.8
9,3,12.0,4,2,0,1,0,0,24.0,16.0,0.0,12,0,7,2,0.3333333333333333,70.2
21,5,2.0,2,0,0,0,0,0,4.0,0.0,0.0,0,0,2,0,0.23809523809523808,0.42
10,6,9.0,8,4,0,0,0,0,48.0,32.0,0.0,0,0,12,4,0.6,39.993750000000006
5,2,4.0,5,1,1,1,0,0,20.0,4.0,4.0,12,0,8,1,0.4,17.76
31,6,8.0,8,6,1,0,0,0,48.0,48.0,4.0,0,0,15,6,0.1935483870967742,54.3
11,12,12.0,10,5,1,0,0,0,60.0,40.0,4.0,0,0,16,5,1.0909090909090908,93.675
11,9,0.0,6,3,3,0,0,0,0.0,0.0,0.0,0,0,12,3,0.8181818181818182,9.990000000000002
6,2,5.0,3,2,0,0,0,0,15.0,10.0,0.0,0,0,5,2,0.3333333333333333,5.0
4,3,1.0,4,1,1,0,0,0,4.0,1.0,1.0,0,0,6,1,0.75,20.46
14,9,0.0,10,1,1,0,0,0,0.0,0.0,0.0,0,0,12,1,0.6428571428571429,5.13
12,10,0.0,6,2,2,0,0,0,0.0,0.0,0.0,0,0,10,2,0.8333333333333334,18.72
8,8,0.0,8,1,1,0,0,0,0.0,0.0,0.0,0,0,10,1,1.0,8.730000000000002
6,8,12.0,6,2,1,1,0,0,36.0,16.0,4.0,12,0,10,2,1.3333333333333333,67.65
4,3,20.0,8,2,1,1,0,0,48.0,16.0,4.0,12,0,12,2,0.75,78.5
5,4,6.0,5,0,0,0,0,0,30.0,0.0,0.0,0,0,5,0,0.8,2.9625
6,4,2.0,8,0,1,0,0,0,16.0,0.0,2.0,0,0,9,0,0.6666666666666666,8.040000000000001
8,4,4.0,5,0,0,0,0,0,20.0,0.0,0.0,0,0,5,0,0.5,0.8400000000000001
12,9,7.0,14,4,1,0,0,0,84.0,28.0,4.0,0,0,19,4,0.75,8.6625
3,2,8.0,4,0,0,0,0,0,24.0,0.0,0.0,0,0,4,0,0.6666666666666666,0.8999999999999999
2,3,3.0,4,0,0,0,0,0,12.0,0.0,0.0,0,0,4,0,1.5,1.08
2,8,6.0,7,0,0,0,0,0,42.0,0.0,0.0,0,0,7,0,4.0,0.675
4,5,2.0,1,0,0,0,0,0,2.0,0.0,0.0,0,0,1,0,1.25,0.24
2,7,3.0,5,0,0,0,0,0,15.0,0.0,0.0,0,0,5,0,3.5,0.96
15,8,5.0,11,0,0,1,0,0,55.0,0.0,0.0,12,0,12,0,0.5333333333333333,14.96875
11,10,2.0,4,0,0,0,0,0,8.0,0.0,0.0,0,0,4,0,0.9090909090909091,1.02
2,2,2.0,3,0,0,0,0,0,6.0,0.0,0.0,0,0,3,0,1.0,0.54
6,4,2.0,5,0,0,0,0,0,10.0,0.0,0.0,0,0,5,0,0.6666666666666666,1.5
20,6,2.0,10,0,0,0,0,0,20.0,0.0,0.0,0,0,10,0,0.3,2.25
15,3,2.0,4,0,0,0,0,0,8.0,0.0,0.0,0,0,4,0,0.2,1.05
8,3,2.0,4,0,0,0,0,0,8.0,0.0,0.0,0,0,4,0,0.375,1.2000000000000002
7,4,2.0,6,2,0,0,0,0,12.0,4.0,0.0,0,0,8,2,0.5714285714285714,7.56
4,2,2.0,4,0,0,0,0,0,8.0,0.0,0.0,0,0,4,0,0.5,1.35
6,4,2.0,6,0,0,0,0,0,12.0,0.0,0.0,0,0,6,0,0.6666666666666666,1.8600000000000003
3,2,2.0,4,0,0,0,0,0,8.0,0.0,0.0,0,0,4,0,0.6666666666666666,1.35
6,4,20.0,5,4,1,1,0,0,30.0,32.0,4.0,12,0,11,4,0.6666666666666666,153.2325
5,4,22.0,5,3,1,0,0,0,30.0,24.0,4.0,0,0,9,3,0.8,114.125
4,3,21.0,4,2,1,0,0,0,24.0,16.0,4.0,0,0,7,2,0.75,90.95625
8,5,1.0,8,0,1,0,0,0,8.0,0.0,1.0,0,0,9,0,0.625,1.1700000000000002
5,3,0.0,4,0,1,0,0,0,0.0,0.0,0.0,0,0,5,0,0.6,3.78
3,3,0.0,3,0,0,0,0,0,0.0,0.0,0.0,0,0,3,0,1.0,1.08
7,4,20.0,8,3,1,1,0,0,48.0,24.0,4.0,12,0,13,3,0.5714285714285714,153.2325
9,6,0.0,6,0,0,0,0,0,0.0,0.0,0.0,0,0,6,0,0.6666666666666666,2.58
6,4,18.0,6,2,0,0,0,0,36.0,16.0,0.0,0,0,8,2,0.6666666666666666,57.712500000000006
3,3,7.0,4,1,1,1,0,0,24.0,7.0,4.0,12,0,7,1,1.0,33.1625
4,2,20.0,5,1,0,0,0,0,30.0,8.0,0.0,0,0,6,1,0.5,26.750000000000004
4,5,8.0,6,1,1,1,0,0,36.0,8.0,4.0,12,0,9,1,1.25,31.8
3,3,2.0,3,0,0,1,0,0,6.0,0.0,0.0,12,0,4,0,1.0,12.06
7,4,2.0,6,0,1,1,0,0,12.0,0.0,2.0,12,0,8,0,0.5714285714285714,14.52
4,3,8.0,4,0,1,1,0,0,24.0,0.0,4.0,12,0,6,0,0.75,31.7
3,5,10.0,28,4,2,1,1,4,168.0,32.0,8.0,12,4,36,5,1.6666666666666667,153.2325
2,2,5.0,11,2,0,1,0,0,55.0,10.0,0.0,12,0,14,2,1.0,24.1875
4,8,3.0,22,4,2,1,0,0,66.0,12.0,6.0,12,0,29,4,2.0,59.46
2,3,10.0,8,0,1,1,1,4,48.0,0.0,4.0,12,4,11,1,1.5,93.75
1,2,10.0,8,2,0,1,0,0,48.0,16.0,0.0,12,0,11,2,2.0,57.62500000000001
2,4,4.0,12,0,1,1,1,4,48.0,0.0,4.0,12,4,15,1,2.0,52.68
3,4,6.0,6,0,1,1,0,0,36.0,0.0,4.0,12,0,8,0,1.3333333333333333,25.8
3,2,2.0,5,2,1,0,0,0,10.0,4.0,2.0,0,0,8,2,0.6666666666666666,13.560000000000002
3,3,1.0,5,2,1,1,0,0,5.0,2.0,1.0,12,0,9,2,1.0,25.44
10,4,12.0,8,2,1,1,0,0,48.0,16.0,4.0,12,0,12,2,0.4,66.30000000000001
6,3,11.0,8,1,1,1,0,0,48.0,8.0,4.0,12,0,11,1,0.5,55.20625
7,5,12.0,12,1,1,1,0,0,72.0,8.0,4.0,12,0,15,1,0.7142857142857143,58.2
4,3,11.0,7,2,1,1,0,0,42.0,16.0,4.0,12,0,11,2,0.75,81.125
2,1,11.0,3,1,1,1,0,0,18.0,8.0,4.0,12,0,6,1,0.5,70.675
4,2,11.0,6,2,1,1,0,0,36.0,16.0,4.0,12,0,10,2,0.5,75.075
9,6,11.0,2,2,1,1,0,0,12.0,16.0,4.0,12,0,6,2,0.6666666666666666,54.17499999999999
2,4,5.0,5,0,0,0,0,0,25.0,0.0,0.0,0,0,5,0,2.0,2.8125
5,4,0.0,5,2,1,0,0,0,0.0,0.0,0.0,0,0,8,2,0.8,0.24
6,5,24.0,5,0,0,0,0,0,30.0,0.0,0.0,0,0,5,0,0.8333333333333334,25.95
5,5,24.0,3,0,0,0,0,0,18.0,0.0,0.0,0,0,3,0,1.0,12.6
7,5,5.0,4,0,0,0,0,0,20.0,0.0,0.0,0,0,4,0,0.7142857142857143,1.5625
7,6,0.0,3,0,0,0,0,0,0.0,0.0,0.0,0,0,3,0,0.8571428571428571,0.0
5,5,0.0,3,0,0,0,0,0,0.0,0.0,0.0,0,0,3,0,1.0,0.0
6,6,0.0,4,0,0,0,0,0,0.0,0.0,0.0,0,0,4,0,1.0,0.96
6,8,3.0,2,0,0,0,0,0,6.0,0.0,0.0,0,0,2,0,1.3333333333333333,0.9
6,6,0.0,5,0,1,0,0,0,0.0,0.0,0.0,0,0,6,0,1.0,3.870000000000001
9,7,5.0,14,4,1,0,0,0,70.0,20.0,4.0,0,0,19,4,0.7777777777777778,19.031250000000004
8,6,5.0,8,4,1,0,0,0,40.0,20.0,4.0,0,0,13,4,0.75,14.718750000000002
10,9,3.0,6,0,0,0,0,0,18.0,0.0,0.0,0,0,6,0,0.9,2.16
7,2,0.0,5,2,1,0,0,0,0.0,0.0,0.0,0,0,8,2,0.2857142857142857,3.6
18,20,0.0,26,3,3,1,0,0,0.0,0.0,0.0,12,0,33,3,1.1111111111111112,14.4
8,4,0.0,8,4,1,0,0,0,0.0,0.0,0.0,0,0,13,4,0.5,0.0
4,8,4.0,10,1,1,1,0,0,40.0,4.0,4.0,12,0,13,1,2.0,17.31
7,8,3.0,6,1,0,1,0,0,18.0,3.0,0.0,12,0,8,1,1.1428571428571428,17.31
7,5,2.0,3,0,1,0,0,0,6.0,0.0,2.0,0,0,4,0,0.7142857142857143,3.810000000000001
6,8,3.0,7,2,1,1,0,0,21.0,6.0,3.0,12,0,11,2,1.3333333333333333,18.36
4,4,3.0,2,1,0,0,0,0,6.0,3.0,0.0,0,0,3,1,1.0,2.64
11,8,5.0,9,1,1,1,0,0,45.0,5.0,4.0,12,0,12,1,0.7272727272727273,23.09375
4,2,8.0,5,1,1,1,0,0,30.0,8.0,4.0,12,0,8,1,0.5,32.7
6,7,2.0,4,0,0,0,0,0,8.0,0.0,0.0,0,0,4,0,1.1666666666666667,1.29
5,1,2.0,5,0,1,1,0,0,10.0,0.0,2.0,12,0,7,0,0.2,20.76
4,1,12.0,2,0,0,0,0,0,12.0,0.0,0.0,0,0,2,0,0.25,4.05
11,5,3.0,10,0,1,0,0,0,30.0,0.0,3.0,0,0,11,0,0.45454545454545453,13.86
8,8,2.0,15,0,2,0,0,0,30.0,0.0,4.0,0,0,17,0,1.0,15.9
4,3,3.0,5,1,2,0,0,0,15.0,3.0,6.0,0,0,8,1,0.75,18.12
2,2,3.0,3,1,1,0,0,0,9.0,3.0,3.0,0,0,5,1,1.0,11.340000000000002
14,10,3.0,7,0,1,1,0,0,21.0,0.0,3.0,12,0,9,0,0.7142857142857143,19.05
11,7,3.0,10,2,3,0,0,0,30.0,6.0,9.0,0,0,15,2,0.6363636363636364,16.26
2,2,11.0,6,2,1,0,0,0,36.0,16.0,4.0,0,0,9,2,1.0,34.2375
2,2,3.0,6,2,1,0,0,0,18.0,6.0,3.0,0,0,9,2,1.0,5.220000000000001
2,7,9.0,10,1,0,0,0,0,60.0,8.0,0.0,0,0,11,1,3.5,13.1625
2,5,20.0,5,1,1,0,0,0,30.0,8.0,4.0,0,0,7,1,2.5,32.00000000000001
4,1,5.0,4,0,0,0,0,0,20.0,0.0,0.0,0,0,4,0,0.25,0.8125
3,2,5.0,6,1,1,1,0,0,30.0,5.0,4.0,12,0,9,1,0.6666666666666666,16.875
3,3,8.0,5,1,1,0,0,0,30.0,8.0,4.0,0,0,7,1,1.0,2.7
2,3,5.0,4,1,1,0,0,0,20.0,5.0,4.0,0,0,6,1,1.5,2.5625000000000004
5,4,7.0,6,4,1,1,0,0,36.0,28.0,4.0,12,0,12,4,0.8,27.0375
7,5,14.0,7,3,2,1,0,0,42.0,24.0,8.0,12,0,13,3,0.7142857142857143,131.8625
6,4,8.0,6,1,1,1,0,0,36.0,8.0,4.0,12,0,9,1,0.6666666666666666,26.05
4,4,4.0,5,3,1,1,0,0,20.0,12.0,4.0,12,0,10,3,1.0,20.700000000000003
8,3,14.0,5,3,1,0,0,0,30.0,24.0,4.0,0,0,9,3,0.375,58.62500000000001
8,3,8.0,4,3,1,1,0,0,24.0,24.0,4.0,12,0,9,3,0.375,51.2
4,4,8.0,6,2,1,1,0,0,36.0,16.0,4.0,12,0,10,2,1.0,42.39999999999999
13,6,1.0,3,0,0,0,0,0,3.0,0.0,0.0,0,0,3,0,0.46153846153846156,0.8400000000000001
9,5,1.0,1,0,0,0,0,0,1.0,0.0,0.0,0,0,1,0,0.5555555555555556,0.12
12,8,1.0,8,5,2,0,0,0,8.0,5.0,2.0,0,0,15,5,0.6666666666666666,32.760000000000005
12,8,1.0,5,0,0,0,0,0,5.0,0.0,0.0,0,0,5,0,0.6666666666666666,1.8
11,11,1.0,19,5,4,1,0,0,19.0,5.0,4.0,12,0,29,5,1.0,47.22
11,8,4.0,5,0,0,0,0,0,20.0,0.0,0.0,0,0,5,0,0.7272727272727273,2.25
9,8,1.0,5,0,1,0,0,0,5.0,0.0,1.0,0,0,6,0,0.8888888888888888,4.800000000000001
10,8,1.0,8,0,0,0,0,0,8.0,0.0,0.0,0,0,8,0,0.8,2.4000000000000004
15,9,5.0,8,1,1,1,0,0,40.0,5.0,4.0,12,0,11,1,0.6,22.25
4,4,6.0,9,3,2,1,0,0,54.0,18.0,8.0,12,0,15,3,1.0,42.0
7,10,6.0,10,2,1,1,0,0,60.0,12.0,4.0,12,0,14,2,1.4285714285714286,23.8125
2,5,20.0,8,3,2,1,1,4,48.0,24.0,8.0,12,4,15,4,2.5,153.2325
6,6,18.0,8,4,3,1,1,4,48.0,32.0,12.0,12,4,17,5,1.0,153.2325
6,6,15.0,6,3,1,1,0,0,36.0,24.0,4.0,12,0,11,3,1.0,68.34375
1,3,18.0,3,2,1,1,0,0,18.0,16.0,4.0,12,0,7,2,3.0,104.2875
7,8,18.0,8,8,2,0,0,0,48.0,64.0,8.0,0,0,18,8,1.1428571428571428,126.225
2,3,15.0,3,1,0,0,0,0,18.0,8.0,0.0,0,0,4,1,1.5,31.3125
4,5,19.0,3,2,0,0,0,0,18.0,16.0,0.0,0,0,5,2,1.25,21.137500000000003
29,13,1.0,6,1,0,0,0,0,6.0,1.0,0.0,0,0,7,1,0.4482758620689655,0.8400000000000001
15,7,5.0,6,0,0,0,0,0,30.0,0.0,0.0,0,0,6,0,0.4666666666666667,0.0
12,5,3.0,7,1,2,0,0,0,21.0,3.0,6.0,0,0,10,1,0.4166666666666667,6.0600000000000005
5,4,8.0,12,5,2,1,0,0,72.0,40.0,8.0,12,0,20,5,0.8,65.85
4,3,7.0,5,2,1,1,0,0,30.0,14.0,4.0,12,0,9,2,0.75,36.05
5,5,15.0,20,8,2,1,1,4,120.0,64.0,8.0,12,4,32,9,1.0,153.2325
7,3,0.0,9,2,1,0,0,0,0.0,0.0,0.0,0,0,12,2,0.42857142857142855,16.290000000000003
4,2,3.0,6,1,1,0,0,0,18.0,3.0,3.0,0,0,8,1,0.5,11.670000000000002
1,1,4.0,4,1,0,0,0,0,16.0,4.0,0.0,0,0,5,1,1.0,6.93
7,4,5.0,10,3,2,1,0,0,50.0,15.0,8.0,12,0,16,3,0.5714285714285714,42.65625
8,4,4.0,10,3,1,1,0,0,40.0,12.0,4.0,12,0,15,3,0.5,31.8
7,4,4.0,12,2,1,1,0,0,48.0,8.0,4.0,12,0,16,2,0.5714285714285714,29.700000000000003
1,1,0.0,2,1,0,0,0,0,0.0,0.0,0.0,0,0,3,1,1.0,7.080000000000002
11,4,5.0,15,4,2,1,0,0,75.0,20.0,8.0,12,0,22,4,0.36363636363636365,50.25
5,8,11.0,6,2,1,0,0,0,36.0,16.0,4.0,0,0,9,2,1.6,37.4
5,7,5.0,6,1,1,0,0,0,30.0,5.0,4.0,0,0,8,1,1.4,11.875
5,6,14.0,10,4,0,0,0,0,60.0,32.0,0.0,0,0,14,4,1.2,84.525
6,5,8.0,4,2,0,0,0,0,24.0,16.0,0.0,0,0,6,2,0.8333333333333334,17.0
6,8,10.0,4,2,1,1,0,0,24.0,16.0,4.0,12,0,8,2,1.3333333333333333,61.5
5,4,6.0,1,2,1,0,0,0,6.0,12.0,4.0,0,0,4,2,0.8,26.325
6,4,11.0,1,2,1,0,0,0,6.0,16.0,4.0,0,0,4,2,0.6666666666666666,43.8625
5,8,8.0,1,2,1,1,0,0,6.0,16.0,4.0,12,0,5,2,1.6,48.7
10,3,10.0,10,3,1,0,0,0,60.0,24.0,4.0,0,0,14,3,0.3,58.75
7,5,18.0,7,4,2,1,1,4,42.0,32.0,8.0,12,4,15,5,0.7142857142857143,153.2325
4,2,18.0,6,2,1,1,0,0,36.0,16.0,4.0,12,0,10,2,0.5,110.70000000000002
6,5,19.0,11,6,2,1,0,0,66.0,48.0,8.0,12,0,20,6,0.8333333333333334,153.2325
5,4,18.0,6,2,1,1,0,0,36.0,16.0,4.0,12,0,10,2,0.8,108.0
1,2,18.0,4,1,1,1,0,0,24.0,8.0,4.0,12,0,7,1,2.0,89.10000000000001
9,10,3.0,26,0,0,0,0,0,78.0,0.0,0.0,0,0,26,0,1.1111111111111112,3.12
8,2,2.0,6,0,0,0,0,0,12.0,0.0,0.0,0,0,6,0,0.25,0.36
16,6,2.0,6,0,0,0,0,0,12.0,0.0,0.0,0,0,6,0,0.375,0.36
8,6,2.0,3,3,0,0,0,0,6.0,6.0,0.0,0,0,6,3,0.75,1.2600000000000002
9,6,2.0,9,3,0,0,0,0,18.0,6.0,0.0,0,0,12,3,0.6666666666666666,2.7
5,2,0.0,2,0,1,0,0,0,0.0,0.0,0.0,0,0,3,0,0.4,3.96
2,2,5.0,5,2,1,0,0,0,25.0,10.0,4.0,0,0,8,2,1.0,6.71875
3,2,0.0,2,1,0,0,0,0,0.0,0.0,0.0,0,0,3,1,0.6666666666666666,2.28
5,3,3.0,5,0,0,0,0,0,15.0,0.0,0.0,0,0,5,0,0.6,1.38
11,3,3.0,4,0,0,0,0,0,12.0,0.0,0.0,0,0,4,0,0.2727272727272727,0.81
5,2,3.0,3,0,0,0,0,0,9.0,0.0,0.0,0,0,3,0,0.4,0.6300000000000001
10,3,10.0,4,0,0,0,0,0,24.0,0.0,0.0,0,0,4,0,0.3,5.750000000000001
4,2,3.0,4,0,0,0,0,0,12.0,0.0,0.0,0,0,4,0,0.5,0.9
8,2,8.0,3,0,0,0,0,0,18.0,0.0,0.0,0,0,3,0,0.25,2.8
2,2,4.0,4,0,0,0,0,0,16.0,0.0,0.0,0,0,4,0,1.0,1.0799999999999998
5,2,2.0,4,0,0,0,0,0,8.0,0.0,0.0,0,0,4,0,0.4,0.5399999999999999
6,6,19.0,8,3,2,1,0,0,48.0,24.0,8.0,12,0,14,3,1.0,153.2325
7,4,5.0,8,2,1,1,0,0,40.0,10.0,4.0,12,0,12,2,0.5714285714285714,29.5
12,10,23.0,3,2,1,0,0,0,18.0,16.0,4.0,0,0,6,2,0.8333333333333334,46.575
2,2,1.0,4,1,0,0,0,0,4.0,1.0,0.0,0,0,5,1,1.0,2.43
4,3,5.0,7,0,0,0,0,0,35.0,0.0,0.0,0,0,7,0,0.75,0.0
7,3,10.0,5,2,0,0,0,0,30.0,16.0,0.0,0,0,7,2,0.42857142857142855,23.250000000000004
4,8,8.0,3,0,0,0,0,0,18.0,0.0,0.0,0,0,3,0,2.0,1.5
2,10,11.0,4,2,1,1,1,4,24.0,16.0,4.0,12,4,9,3,5.0,116.05
2,3,6.0,3,1,0,0,0,0,18.0,6.0,0.0,0,0,4,1,1.5,4.5
6,8,6.0,6,3,2,1,1,4,36.0,18.0,8.0,12,4,13,4,1.3333333333333333,85.8375
1,15,8.0,1,1,1,0,0,0,6.0,8.0,4.0,0,0,3,1,15.0,14.1
10,4,4.0,12,4,1,0,0,0,48.0,16.0,4.0,0,0,17,4,0.4,11.22
8,3,6.0,10,3,1,0,0,0,60.0,18.0,4.0,0,0,14,3,0.375,12.45
6,3,5.0,10,1,1,0,0,0,50.0,5.0,4.0,0,0,12,1,0.5,7.312500000000001
7,3,5.0,10,3,1,0,0,0,50.0,15.0,4.0,0,0,14,3,0.42857142857142855,10.0
9,3,6.0,8,3,0,0,0,0,48.0,18.0,0.0,0,0,11,3,0.3333333333333333,2.1
6,3,6.0,10,3,1,0,0,0,60.0,18.0,4.0,0,0,14,3,0.5,12.525
6,3,5.0,8,2,1,0,0,0,40.0,10.0,4.0,0,0,11,2,0.5,6.0
2,2,6.0,4,2,1,0,0,0,24.0,12.0,4.0,0,0,7,2,1.0,8.1
6,4,18.0,8,2,1,0,0,0,48.0,16.0,4.0,0,0,11,2,0.6666666666666666,41.7375
7,6,18.0,8,2,1,1,0,0,48.0,16.0,4.0,12,0,12,2,0.8571428571428571,106.20000000000002
7,6,17.0,8,3,1,1,0,0,48.0,24.0,4.0,12,0,13,3,0.8571428571428571,97.00625
5,6,15.0,5,3,1,0,0,0,30.0,24.0,4.0,0,0,9,3,1.2,56.43750000000001
7,4,8.0,8,3,1,1,0,0,48.0,24.0,4.0,12,0,13,3,0.5714285714285714,43.0
5,3,9.0,6,3,1,1,0,0,36.0,24.0,4.0,12,0,11,3,0.6,59.962500000000006
5,1,8.0,2,2,1,1,0,0,12.0,16.0,4.0,12,0,6,2,0.2,34.4
9,1,8.0,6,2,0,0,0,0,36.0,16.0,0.0,0,0,8,2,0.1111111111111111,18.4
2,1,0.0,1,0,0,0,0,0,0.0,0.0,0.0,0,0,1,0,0.5,0.54
4,3,2.0,3,2,1,1,0,0,6.0,4.0,2.0,12,0,7,2,0.75,17.94
1,2,20.0,7,2,1,1,0,0,42.0,16.0,4.0,12,0,11,2,2.0,89.5
2,7,0.0,18,3,1,0,0,0,0.0,0.0,0.0,0,0,22,3,3.5,16.2
4,5,4.0,5,2,1,0,0,0,20.0,8.0,4.0,0,0,8,2,1.25,7.800000000000001
4,1,5.0,4,1,0,1,0,0,20.0,5.0,0.0,12,0,6,1,0.25,13.375000000000002
3,1,0.0,2,0,0,0,0,0,0.0,0.0,0.0,0,0,2,0,0.3333333333333333,0.36
8,8,7.0,5,1,1,1,1,4,30.0,7.0,4.0,12,4,9,2,1.0,70.7875
6,5,7.0,4,1,1,1,0,0,24.0,7.0,4.0,12,0,7,1,0.8333333333333334,37.5375
7,5,8.0,4,3,1,1,0,0,24.0,24.0,4.0,12,0,9,3,0.7142857142857143,68.69999999999999
5,3,6.0,5,3,1,1,0,0,30.0,18.0,4.0,12,0,10,3,0.6,50.175
6,5,8.0,5,2,1,1,1,4,30.0,16.0,4.0,12,4,10,3,0.8333333333333334,93.29999999999998
14,8,3.0,4,1,1,0,0,0,12.0,3.0,3.0,0,0,6,1,0.5714285714285714,2.94
4,2,0.0,3,1,1,1,0,0,0.0,0.0,0.0,12,0,6,1,0.5,10.89
2,2,24.0,2,0,0,0,0,0,12.0,0.0,0.0,0,0,2,0,1.0,3.6
1,1,15.0,3,2,0,0,0,0,18.0,16.0,0.0,0,0,5,2,1.0,34.40625
4,2,10.0,1,1,1,0,0,0,6.0,8.0,4.0,0,0,3,1,0.5,28.687500000000004
1,1,6.0,4,0,0,0,0,0,24.0,0.0,0.0,0,0,4,0,1.0,1.6125
22,4,10.0,12,0,1,0,0,0,72.0,0.0,4.0,0,0,13,0,0.18181818181818182,21.437500000000004
4,2,10.0,5,1,1,0,0,0,30.0,8.0,4.0,0,0,7,1,0.5,12.625
2,2,8.0,6,0,0,0,0,0,36.0,0.0,0.0,0,0,6,0,1.0,1.8
5,2,3.0,5,1,1,0,0,0,15.0,3.0,3.0,0,0,7,1,0.4,7.14
3,2,24.0,4,0,0,1,0,0,24.0,0.0,0.0,12,0,5,0,0.6666666666666666,59.1
4,1,0.0,1,0,0,0,0,0,0.0,0.0,0.0,0,0,1,0,0.25,0.3
5,2,15.0,4,1,1,1,0,0,24.0,8.0,4.0,12,0,7,1,0.4,68.8125
4,2,8.0,3,1,1,0,0,0,18.0,8.0,4.0,0,0,5,1,0.5,10.75
2,1,4.0,2,1,1,0,0,0,8.0,4.0,4.0,0,0,4,1,0.5,4.44
5,3,6.0,6,4,1,1,0,0,36.0,24.0,4.0,12,0,12,4,0.6,29.775
3,2,0.0,3,1,0,0,0,0,0.0,0.0,0.0,0,0,4,1,0.6666666666666666,2.16
1,1,10.0,2,1,1,0,0,0,12.0,8.0,4.0,0,0,4,1,1.0,8.6875
3,1,10.0,2,1,1,0,0,0,12.0,8.0,4.0,0,0,4,1,0.3333333333333333,8.375000000000002
18,14,2.0,16,0,0,0,0,0,32.0,0.0,0.0,0,0,16,0,0.7777777777777778,5.25
8,4,2.0,6,0,0,0,0,0,12.0,0.0,0.0,0,0,6,0,0.5,1.1700000000000002
9,7,6.0,8,3,1,0,0,0,48.0,18.0,4.0,0,0,12,3,0.7777777777777778,23.475
6,6,8.0,3,1,0,0,0,0,18.0,8.0,0.0,0,0,4,1,1.0,7.299999999999999
3,3,7.0,4,1,1,0,0,0,24.0,7.0,4.0,0,0,6,1,1.0,15.225
1,7,5.0,3,1,1,0,0,0,15.0,5.0,4.0,0,0,5,1,7.0,9.250000000000002
4,6,12.0,5,2,1,0,0,0,30.0,16.0,4.0,0,0,8,2,1.5,37.05
1,10,10.0,3,1,1,0,0,0,18.0,8.0,4.0,0,0,5,1,10.0,9.0625
6,4,11.0,6,3,1,0,0,0,36.0,24.0,4.0,0,0,10,3,0.6666666666666666,45.375
3,6,11.0,4,1,1,0,0,0,24.0,8.0,4.0,0,0,6,1,2.0,23.925
2,8,13.0,3,1,1,0,0,0,18.0,8.0,4.0,0,0,5,1,4.0,25.1875
5,10,8.0,3,1,1,1,0,0,18.0,8.0,4.0,12,0,6,1,2.0,36.6
1,10,6.0,1,1,1,0,0,0,6.0,6.0,4.0,0,0,3,1,10.0,9.7125
8,3,9.0,6,2,1,1,0,0,36.0,16.0,4.0,12,0,10,2,0.375,51.1875
5,5,7.0,8,2,1,1,0,0,48.0,14.0,4.0,12,0,12,2,1.0,39.11250000000001
4,12,15.0,4,2,1,0,0,0,24.0,16.0,4.0,0,0,7,2,3.0,42.28125
5,9,10.0,5,2,1,1,0,0,30.0,16.0,4.0,12,0,9,2,1.8,47.25000000000001
7,5,2.0,6,0,0,0,0,0,12.0,0.0,0.0,0,0,6,0,0.7142857142857143,0.42
17,20,14.0,30,0,0,0,0,0,180.0,0.0,0.0,0,0,30,0,1.1764705882352942,45.150000000000006
7,15,0.0,18,0,0,0,0,0,0.0,0.0,0.0,0,0,18,0,2.142857142857143,8.64
7,6,13.0,5,0,0,0,0,0,30.0,0.0,0.0,0,0,5,0,0.8571428571428571,5.6875
19,8,0.0,20,0,0,0,0,0,0.0,0.0,0.0,0,0,20,0,0.42105263157894735,7.2
5,4,9.0,5,0,0,0,0,0,30.0,0.0,0.0,0,0,5,0,0.8,3.825
8,3,10.0,4,0,0,0,0,0,24.0,0.0,0.0,0,0,4,0,0.375,1.875
8,5,5.0,4,0,0,0,0,0,20.0,0.0,0.0,0,0,4,0,0.625,0.84375
7,6,10.0,7,3,2,1,0,0,42.0,24.0,8.0,12,0,13,3,0.8571428571428571,91.625
4,5,5.0,5,2,1,0,0,0,25.0,10.0,4.0,0,0,8,2,1.25,22.1875
8,5,7.0,3,0,0,0,0,0,18.0,0.0,0.0,0,0,3,0,0.625,1.1375
14,4,3.0,6,0,0,0,0,0,18.0,0.0,0.0,0,0,6,0,0.2857142857142857,1.8
8,7,4.0,4,2,0,1,0,0,16.0,8.0,0.0,12,0,7,2,0.875,15.6
16,8,12.0,13,1,0,0,0,0,78.0,8.0,0.0,0,0,14,1,0.5,37.2
9,10,7.0,16,7,2,1,0,0,96.0,49.0,8.0,12,0,26,7,1.1111111111111112,97.0375
3,6,4.0,15,0,2,0,0,0,60.0,0.0,8.0,0,0,17,0,2.0,22.230000000000004
4,4,3.0,4,4,0,0,0,0,12.0,12.0,0.0,0,0,8,4,1.0,10.47
10,8,12.0,18,4,2,0,0,0,108.0,32.0,8.0,0,0,24,4,0.8,101.4
6,3,5.0,3,3,2,1,0,0,15.0,15.0,8.0,12,0,9,3,0.5,33.59375
15,7,12.0,10,0,0,0,0,0,60.0,0.0,0.0,0,0,10,0,0.4666666666666667,19.5
16,23,10.0,43,12,3,1,0,0,258.0,96.0,12.0,12,0,59,12,1.4375,153.2325
5,3,4.0,5,2,1,0,0,0,20.0,8.0,4.0,0,0,8,2,0.6,9.42
11,5,0.0,10,4,3,0,0,0,0.0,0.0,0.0,0,0,17,4,0.45454545454545453,30.78
8,1,0.0,2,1,1,0,0,0,0.0,0.0,0.0,0,0,4,1,0.125,7.860000000000001
4,2,0.0,4,2,2,0,0,0,0.0,0.0,0.0,0,0,8,2,0.5,22.08
7,4,0.0,6,4,2,1,0,0,0.0,0.0,0.0,12,0,13,4,0.5714285714285714,37.470000000000006
14,5,8.0,7,0,0,1,0,0,42.0,0.0,0.0,12,0,8,0,0.35714285714285715,22.5
5,3,5.0,4,0,0,0,0,0,20.0,0.0,0.0,0,0,4,0,0.6,1.5
18,4,4.0,7,0,0,0,0,0,28.0,0.0,0.0,0,0,7,0,0.2222222222222222,1.98
4,3,4.0,8,0,0,0,0,0,32.0,0.0,0.0,0,0,8,0,0.75,2.4
8,4,2.0,5,3,1,0,0,0,10.0,6.0,2.0,0,0,9,3,0.5,4.5
8,4,2.0,5,2,1,0,0,0,10.0,4.0,2.0,0,0,8,2,0.5,8.34
6,3,3.0,5,2,1,0,0,0,15.0,6.0,3.0,0,0,8,2,0.5,4.98
5,2,3.0,7,3,1,1,0,0,21.0,9.0,3.0,12,0,12,3,0.4,18.0
7,4,5.0,10,4,1,1,0,0,50.0,20.0,4.0,12,0,16,4,0.5714285714285714,28.000000000000004
16,14,2.0,10,6,3,0,0,0,20.0,12.0,6.0,0,0,19,6,0.875,29.820000000000007
8,4,4.0,8,5,1,1,0,0,32.0,20.0,4.0,12,0,15,5,0.5,29.64
2,2,1.0,3,2,0,1,0,0,3.0,2.0,0.0,12,0,6,2,1.0,17.7
4,3,2.0,6,2,0,1,0,0,12.0,4.0,0.0,12,0,9,2,0.75,16.8
2,2,3.0,3,2,1,0,0,0,9.0,6.0,3.0,0,0,6,2,1.0,8.22
3,2,3.0,3,2,1,1,0,0,9.0,6.0,3.0,12,0,7,2,0.6666666666666666,17.460000000000004
2,2,5.0,2,0,0,0,0,0,10.0,0.0,0.0,0,0,2,0,1.0,0.9375
6,4,2.0,6,4,1,1,0,0,12.0,8.0,2.0,12,0,12,4,0.6666666666666666,29.34
3,3,3.0,8,3,1,1,0,0,24.0,9.0,3.0,12,0,13,3,1.0,19.32
3,3,5.0,8,1,1,1,1,4,40.0,5.0,4.0,12,4,12,2,1.0,44.53125
5,3,5.0,6,3,1,1,0,0,30.0,15.0,4.0,12,0,11,3,0.6,19.78125
4,3,5.0,10,1,1,1,0,0,50.0,5.0,4.0,12,0,13,1,0.75,22.1875
2,5,5.0,6,2,1,1,0,0,30.0,10.0,4.0,12,0,10,2,2.5,21.8125
9,5,2.0,8,0,0,0,0,0,16.0,0.0,0.0,0,0,8,0,0.5555555555555556,2.37
4,3,0.0,4,0,0,0,0,0,0.0,0.0,0.0,0,0,4,0,0.75,1.38
9,3,0.0,4,0,0,0,0,0,0.0,0.0,0.0,0,0,4,0,0.3333333333333333,0.0
5,3,0.0,3,0,0,0,0,0,0.0,0.0,0.0,0,0,3,0,0.6,0.0
4,3,6.0,4,0,0,0,0,0,24.0,0.0,0.0,0,0,4,0,0.75,1.95
6,2,0.0,4,0,0,0,0,0,0.0,0.0,0.0,0,0,4,0,0.3333333333333333,0.0
15,8,0.0,9,0,0,0,0,0,0.0,0.0,0.0,0,0,9,0,0.5333333333333333,3.93
11,6,0.0,7,5,0,0,0,0,0.0,0.0,0.0,0,0,12,5,0.5454545454545454,17.639999999999997
27,10,6.0,11,5,0,0,0,0,66.0,30.0,0.0,0,0,16,5,0.37037037037037035,35.25
14,8,7.0,12,7,4,1,0,0,72.0,49.0,16.0,12,0,24,7,0.5714285714285714,73.7625
15,9,4.0,7,0,0,0,0,0,28.0,0.0,0.0,0,0,7,0,0.6,3.84
4,2,3.0,3,0,0,0,0,0,9.0,0.0,0.0,0,0,3,0,0.5,1.5
1,2,0.0,3,1,0,0,0,0,0.0,0.0,0.0,0,0,4,1,2.0,0.27
6,5,0.0,7,0,0,0,0,0,0.0,0.0,0.0,0,0,7,0,0.8333333333333334,0.0
8,4,3.0,7,0,0,0,0,0,21.0,0.0,0.0,0,0,7,0,0.5,3.96
8,4,4.0,5,0,0,0,0,0,20.0,0.0,0.0,0,0,5,0,0.5,2.52
1,1,8.0,2,0,0,0,0,0,12.0,0.0,0.0,0,0,2,0,1.0,1.6
4,3,6.0,6,2,0,0,0,0,36.0,12.0,0.0,0,0,8,2,0.75,8.775000000000002
7,4,7.0,6,2,0,0,0,0,36.0,14.0,0.0,0,0,8,2,0.5714285714285714,12.25
2,3,12.0,6,0,0,0,0,0,36.0,0.0,0.0,0,0,6,0,1.5,8.4
10,6,8.0,6,3,0,0,0,0,36.0,24.0,0.0,0,0,9,3,0.6,21.2
7,2,11.0,10,3,2,1,0,0,60.0,24.0,8.0,12,0,16,3,0.2857142857142857,81.8125
11,6,18.0,12,3,1,0,0,0,72.0,24.0,4.0,0,0,16,3,0.5454545454545454,51.6375
6,4,18.0,8,3,1,1,0,0,48.0,24.0,4.0,12,0,13,3,0.6666666666666666,81.67500000000001
6,2,11.0,5,2,1,1,0,0,30.0,16.0,4.0,12,0,9,2,0.3333333333333333,57.475
6,2,21.0,8,3,1,1,0,0,48.0,24.0,4.0,12,0,13,3,0.3333333333333333,119.30625
5,4,11.0,7,2,1,0,0,0,42.0,16.0,4.0,0,0,10,2,0.8,24.54375
4,4,6.0,15,4,2,1,0,0,90.0,24.0,8.0,12,0,22,4,1.0,47.55
9,5,2.0,20,3,2,0,0,0,40.0,6.0,4.0,0,0,25,3,0.5555555555555556,31.92
7,5,6.0,20,5,2,1,0,0,120.0,30.0,8.0,12,0,28,5,0.7142857142857143,65.25
16,4,6.0,7,3,0,0,0,0,42.0,18.0,0.0,0,0,10,3,0.25,13.724999999999998
16,12,5.0,13,0,0,0,0,0,65.0,0.0,0.0,0,0,13,0,0.75,6.90625
2,2,7.0,4,0,0,0,0,0,24.0,0.0,0.0,0,0,4,0,1.0,2.8000000000000003
7,6,7.0,5,0,0,0,0,0,30.0,0.0,0.0,0,0,5,0,0.8571428571428571,2.7125000000000004
7,6,4.0,7,0,0,0,0,0,28.0,0.0,0.0,0,0,7,0,0.8571428571428571,2.8800000000000003
4,2,11.0,4,0,0,0,0,0,24.0,0.0,0.0,0,0,4,0,0.5,3.9875
3,2,6.0,3,0,0,0,0,0,18.0,0.0,0.0,0,0,3,0,0.6666666666666666,0.975
9,6,7.0,6,0,0,0,0,0,36.0,0.0,0.0,0,0,6,0,0.6666666666666666,3.2375000000000007
10,6,7.0,5,0,0,0,0,0,30.0,0.0,0.0,0,0,5,0,0.6,2.7125000000000004
11,6,10.0,7,0,0,0,0,0,42.0,0.0,0.0,0,0,7,0,0.5454545454545454,4.625
3,4,7.0,5,0,0,0,0,0,30.0,0.0,0.0,0,0,5,0,1.3333333333333333,2.7125000000000004
13,5,2.0,6,1,0,0,0,0,12.0,2.0,0.0,0,0,7,1,0.38461538461538464,2.5200000000000005
27,10,5.0,6,0,0,0,0,0,30.0,0.0,0.0,0,0,6,0,0.37037037037037035,1.5
6,7,12.0,10,3,1,0,0,0,60.0,24.0,4.0,0,0,14,3,1.1666666666666667,25.8
4,6,1.0,3,0,0,0,0,0,3.0,0.0,0.0,0,0,3,0,1.5,0.36
13,8,1.0,11,4,0,0,0,0,11.0,4.0,0.0,0,0,15,4,0.6153846153846154,13.2
8,2,3.0,5,0,0,0,0,0,15.0,0.0,0.0,0,0,5,0,0.25,1.2000000000000002
9,6,4.0,5,0,0,0,0,0,20.0,0.0,0.0,0,0,5,0,0.6666666666666666,1.47
12,14,4.0,10,4,2,0,0,0,40.0,16.0,8.0,0,0,16,4,1.1666666666666667,15.72
5,6,3.0,3,0,0,0,0,0,9.0,0.0,0.0,0,0,3,0,1.2,0.7200000000000001
12,6,4.0,7,0,0,0,0,0,28.0,0.0,0.0,0,0,7,0,0.5,3.78
4,4,11.0,5,0,0,0,0,0,30.0,0.0,0.0,0,0,5,0,1.0,4.2625
14,8,1.0,10,0,0,0,0,0,10.0,0.0,0.0,0,0,10,0,0.5714285714285714,0.7200000000000001
7,5,1.0,5,1,0,0,0,0,5.0,1.0,0.0,0,0,6,1,0.7142857142857143,1.14
23,10,1.0,12,0,0,0,0,0,12.0,0.0,0.0,0,0,12,0,0.43478260869565216,0.8400000000000001
7,3,0.0,0,0,0,0,0,0,0.0,0.0,0.0,0,0,0,0,0.42857142857142855,0.3
10,6,7.0,9,3,1,1,0,0,54.0,21.0,4.0,12,0,14,3,0.6,49.525000000000006
8,7,12.0,6,2,1,1,0,0,36.0,16.0,4.0,12,0,10,2,0.875,88.19999999999999
10,6,0.0,0,0,0,0,0,0,0.0,0.0,0.0,0,0,0,0,0.6,0.54
5,4,14.0,5,0,0,0,0,0,30.0,0.0,0.0,0,0,5,0,0.8,15.4875
6,6,12.0,4,2,2,1,0,0,24.0,16.0,8.0,12,0,9,2,1.0,99.6
10,1,12.0,5,0,1,1,0,0,30.0,0.0,4.0,12,0,7,0,0.1,58.05
8,5,12.0,6,2,0,1,0,0,36.0,16.0,0.0,12,0,9,2,0.625,61.65
10,6,12.0,5,2,0,0,0,0,30.0,16.0,0.0,0,0,7,2,0.6,54.15
10,1,12.0,6,2,0,0,0,0,36.0,16.0,0.0,0,0,8,2,0.1,59.400000000000006
9,7,12.0,3,0,0,0,0,0,18.0,0.0,0.0,0,0,3,0,0.7777777777777778,4.725
5,5,3.0,6,3,1,0,0,0,18.0,9.0,3.0,0,0,10,3,1.0,21.36
6,9,3.0,6,2,2,1,0,0,18.0,6.0,6.0,12,0,11,2,1.5,29.85
8,5,4.0,14,1,0,0,0,0,56.0,4.0,0.0,0,0,15,1,0.625,10.02
18,14,3.0,3,1,0,0,0,0,9.0,3.0,0.0,0,0,4,1,0.7777777777777778,3.0600000000000005
9,6,3.0,6,4,2,1,0,0,18.0,12.0,6.0,12,0,13,4,0.6666666666666666,31.200000000000003
7,5,4.0,8,2,1,1,0,0,32.0,8.0,4.0,12,0,12,2,0.7142857142857143,25.08
7,8,2.0,6,0,0,0,0,0,12.0,0.0,0.0,0,0,6,0,1.1428571428571428,2.1
12,5,3.0,2,0,0,0,0,0,6.0,0.0,0.0,0,0,2,0,0.4166666666666667,0.36
5,3,1.0,4,1,0,0,0,0,4.0,1.0,0.0,0,0,5,1,0.6,0.0
10,3,1.0,4,0,0,0,0,0,4.0,0.0,0.0,0,0,4,0,0.3,0.42
4,5,2.0,5,0,0,1,0,0,10.0,0.0,0.0,12,0,6,0,1.25,10.8
4,2,4.0,3,0,0,0,0,0,12.0,0.0,0.0,0,0,3,0,0.5,0.96
10,4,4.0,6,2,1,0,0,0,24.0,8.0,4.0,0,0,9,2,0.4,10.44
4,2,4.0,4,0,0,0,0,0,16.0,0.0,0.0,0,0,4,0,0.5,1.2000000000000002
5,3,4.0,1,0,0,0,0,0,4.0,0.0,0.0,0,0,1,0,0.6,0.48
11,4,6.0,5,0,1,0,0,0,30.0,0.0,4.0,0,0,6,0,0.36363636363636365,5.475
4,2,5.0,4,0,1,1,0,0,20.0,0.0,4.0,12,0,6,0,0.5,14.312500000000002
7,4,4.0,5,1,1,0,0,0,20.0,4.0,4.0,0,0,7,1,0.5714285714285714,5.16
3,2,4.0,4,0,1,1,0,0,16.0,0.0,4.0,12,0,6,0,0.6666666666666666,14.340000000000002
9,3,5.0,8,1,0,0,0,0,40.0,5.0,0.0,0,0,9,1,0.3333333333333333,11.093750000000002
4,3,4.0,6,1,0,0,0,0,24.0,4.0,0.0,0,0,7,1,0.75,10.26
9,4,5.0,8,1,0,0,0,0,40.0,5.0,0.0,0,0,9,1,0.4444444444444444,12.0625
9,4,0.0,4,0,0,0,0,0,0.0,0.0,0.0,0,0,4,0,0.4444444444444444,5.1000000000000005
6,4,5.0,8,2,0,0,0,0,40.0,10.0,0.0,0,0,10,2,0.6666666666666666,15.75
10,5,1.0,9,2,0,0,0,0,9.0,2.0,0.0,0,0,11,2,0.5,14.760000000000003
10,4,5.0,9,2,1,0,0,0,45.0,10.0,4.0,0,0,12,2,0.4,18.375
5,4,1.0,9,2,0,0,0,0,9.0,2.0,0.0,0,0,11,2,0.8,12.66
11,4,4.0,8,2,0,0,0,0,32.0,8.0,0.0,0,0,10,2,0.36363636363636365,14.28
3,3,5.0,5,2,1,1,1,4,25.0,10.0,4.0,12,4,10,3,1.0,49.0
1,1,7.0,4,1,0,0,0,0,24.0,7.0,0.0,0,0,5,1,1.0,9.625
5,3,1.0,10,3,1,1,0,0,10.0,3.0,1.0,12,0,15,3,0.6,19.680000000000003
7,5,2.0,6,0,0,0,0,0,12.0,0.0,0.0,0,0,6,0,0.7142857142857143,1.14
10,4,1.0,8,3,0,0,0,0,8.0,3.0,0.0,0,0,11,3,0.4,4.859999999999999
10,3,3.0,5,2,0,1,0,0,15.0,6.0,0.0,12,0,8,2,0.3,20.22
8,8,6.0,18,0,2,0,0,0,108.0,0.0,8.0,0,0,20,0,1.0,16.425
9,13,5.0,11,0,0,0,0,0,55.0,0.0,0.0,0,0,11,0,1.4444444444444444,3.0
15,9,5.0,8,1,1,0,0,0,40.0,5.0,4.0,0,0,10,1,0.6,4.75
5,3,5.0,8,3,0,0,0,0,40.0,15.0,0.0,0,0,11,3,0.6,7.906250000000001
1,20,6.0,1,1,0,1,1,4,6.0,6.0,0.0,12,4,4,2,20.0,52.125
3,3,7.0,7,4,0,0,0,0,42.0,28.0,0.0,0,0,11,4,1.0,20.25625
2,10,7.0,3,1,1,0,0,0,18.0,7.0,4.0,0,0,5,1,5.0,13.5625
2,16,11.0,3,1,1,1,0,0,18.0,8.0,4.0,12,0,6,1,8.0,53.625
5,7,7.0,4,2,1,1,0,0,24.0,14.0,4.0,12,0,8,2,1.4,38.675
6,10,7.0,13,5,1,1,0,0,78.0,35.0,4.0,12,0,20,5,1.6666666666666667,83.3875
5,15,19.0,7,5,2,1,0,0,42.0,40.0,8.0,12,0,15,5,3.0,153.2325
5,4,14.0,5,2,1,1,0,0,30.0,16.0,4.0,12,0,9,2,0.8,84.525
6,5,16.0,7,4,1,1,0,0,42.0,32.0,4.0,12,0,13,4,0.8333333333333334,137.2
4,2,16.0,3,0,0,0,0,0,18.0,0.0,0.0,0,0,3,0,0.5,6.0
4,3,10.0,5,2,1,0,0,0,30.0,16.0,4.0,0,0,8,2,0.75,35.0
3,2,9.0,3,1,0,0,0,0,18.0,8.0,0.0,0,0,4,1,0.6666666666666666,8.212499999999999
5,4,10.0,6,2,1,0,0,0,36.0,16.0,4.0,0,0,9,2,0.8,27.0
27,10,0.0,12,3,0,0,0,0,0.0,0.0,0.0,0,0,15,3,0.37037037037037035,11.55
6,3,6.0,12,3,1,1,0,0,72.0,18.0,4.0,12,0,17,3,0.5,40.95
5,3,5.0,8,2,0,0,0,0,40.0,10.0,0.0,0,0,10,2,0.6,12.3125
16,6,10.0,13,1,1,1,0,0,78.0,8.0,4.0,12,0,16,1,0.375,59.50000000000001
5,3,6.0,3,1,0,0,0,0,18.0,6.0,0.0,0,0,4,1,0.6,8.1
9,4,14.0,15,5,1,1,0,0,90.0,40.0,4.0,12,0,22,5,0.4444444444444444,153.2325
6,2,10.0,8,2,1,1,0,0,48.0,16.0,4.0,12,0,12,2,0.3333333333333333,64.875
4,2,8.0,8,2,1,1,0,0,48.0,16.0,4.0,12,0,12,2,0.5,51.0
8,3,12.0,12,4,1,1,0,0,72.0,32.0,4.0,12,0,18,4,0.375,97.2
4,3,0.0,5,3,1,0,0,0,0.0,0.0,0.0,0,0,9,3,0.75,16.95
6,3,5.0,5,2,1,0,0,0,25.0,10.0,4.0,0,0,8,2,0.5,10.4375
5,6,0.0,30,10,1,1,1,4,0.0,0.0,0.0,12,4,43,11,1.2,89.76
5,7,3.0,10,6,3,1,0,0,30.0,18.0,9.0,12,0,20,6,1.4,64.89000000000001
11,6,0.0,8,6,0,0,0,0,0.0,0.0,0.0,0,0,14,6,0.5454545454545454,26.58
9,5,0.0,6,4,2,1,0,0,0.0,0.0,0.0,12,0,13,4,0.5555555555555556,36.48
14,5,0.0,5,3,1,0,0,0,0.0,0.0,0.0,0,0,9,3,0.35714285714285715,18.24
2,3,0.0,4,2,0,0,0,0,0.0,0.0,0.0,0,0,6,2,1.5,8.4
10,5,0.0,3,1,0,0,0,0,0.0,0.0,0.0,0,0,4,1,0.5,5.760000000000001
6,5,4.0,6,3,2,1,0,0,24.0,12.0,8.0,12,0,12,3,0.8333333333333334,36.12
12,4,0.0,3,0,0,0,0,0,0.0,0.0,0.0,0,0,3,0,0.3333333333333333,1.8
8,5,0.0,8,2,1,0,0,0,0.0,0.0,0.0,0,0,11,2,0.625,15.090000000000002
8,6,0.0,8,4,0,0,0,0,0.0,0.0,0.0,0,0,12,4,0.75,23.58
4,6,9.0,10,3,1,1,0,0,60.0,24.0,4.0,12,0,15,3,1.5,61.087500000000006
4,12,0.0,6,1,0,0,0,0,0.0,0.0,0.0,0,0,7,1,3.0,11.64
2,6,6.0,10,3,1,0,0,0,60.0,18.0,4.0,0,0,14,3,3.0,29.25
2,8,10.0,12,5,1,1,0,0,72.0,40.0,4.0,12,0,19,5,4.0,90.625
5,3,3.0,4,2,1,0,0,0,12.0,6.0,3.0,0,0,7,2,0.6,9.54
4,3,9.0,7,2,1,1,0,0,42.0,16.0,4.0,12,0,11,2,0.75,56.25
1,5,4.0,22,5,1,1,0,0,88.0,20.0,4.0,12,0,29,5,5.0,56.28
6,6,3.0,10,6,2,1,0,0,30.0,18.0,6.0,12,0,19,6,1.0,56.640000000000015
11,6,4.0,20,2,2,1,0,0,80.0,8.0,8.0,12,0,25,2,0.5454545454545454,49.68000000000001
7,6,9.0,5,1,1,0,0,0,30.0,8.0,4.0,0,0,7,1,0.8571428571428571,19.575000000000003
6,6,1.0,7,3,1,0,0,0,7.0,3.0,1.0,0,0,11,3,1.0,27.12
6,4,6.0,10,3,1,1,0,0,60.0,18.0,4.0,12,0,15,3,0.6666666666666666,52.95
14,5,7.0,12,7,4,0,0,0,72.0,49.0,16.0,0,0,23,7,0.35714285714285715,47.6
8,4,7.0,8,0,0,0,0,0,48.0,0.0,0.0,0,0,8,0,0.5,4.85625
10,7,10.0,11,6,0,1,0,0,66.0,48.0,0.0,12,0,18,6,0.7,58.3125
16,10,5.0,10,8,3,1,0,0,50.0,40.0,12.0,12,0,22,8,0.625,34.0625
14,3,4.0,3,3,0,0,0,0,12.0,12.0,0.0,0,0,6,3,0.21428571428571427,6.48
11,5,0.0,6,3,0,0,0,0,0.0,0.0,0.0,0,0,9,3,0.45454545454545453,0.0
2,5,0.0,11,3,2,0,0,0,0.0,0.0,0.0,0,0,16,3,2.5,0.0
7,4,0.0,5,2,0,0,0,0,0.0,0.0,0.0,0,0,7,2,0.5714285714285714,0.0
7,3,0.0,3,0,0,0,0,0,0.0,0.0,0.0,0,0,3,0,0.42857142857142855,0.0
10,6,0.0,4,0,0,0,0,0,0.0,0.0,0.0,0,0,4,0,0.6,0.0
3,3,0.0,4,1,0,0,0,0,0.0,0.0,0.0,0,0,5,1,1.0,0.0
7,5,1.0,2,4,2,1,0,0,2.0,4.0,2.0,12,0,9,4,0.7142857142857143,27.42
10,5,4.0,7,4,3,1,0,0,28.0,16.0,12.0,12,0,15,4,0.5,31.92
6,9,2.0,1,0,0,0,0,0,2.0,0.0,0.0,0,0,1,0,1.5,0.09
14,5,1.0,5,0,0,0,0,0,5.0,0.0,0.0,0,0,5,0,0.35714285714285715,3.93
8,7,4.0,7,0,0,0,0,0,28.0,0.0,0.0,0,0,7,0,0.875,4.11
10,5,2.0,10,4,2,1,0,0,20.0,8.0,4.0,12,0,17,4,0.5,31.08
11,10,4.0,11,10,2,1,0,0,44.0,40.0,8.0,12,0,24,10,0.9090909090909091,57.63
17,4,2.0,5,3,2,1,0,0,10.0,6.0,4.0,12,0,11,3,0.23529411764705882,30.9
18,7,4.0,10,0,1,0,0,0,40.0,0.0,4.0,0,0,11,0,0.3888888888888889,9.3
8,4,2.0,10,3,0,1,0,0,20.0,6.0,0.0,12,0,14,3,0.5,21.9
15,2,2.0,3,2,2,0,0,0,6.0,4.0,4.0,0,0,7,2,0.13333333333333333,14.939999999999998
2,4,4.0,12,2,1,1,0,0,48.0,8.0,4.0,12,0,16,2,2.0,27.480000000000004
23,6,1.0,4,0,0,0,0,0,4.0,0.0,0.0,0,0,4,0,0.2608695652173913,0.5399999999999999
5,6,2.0,1,1,1,0,0,0,2.0,2.0,2.0,0,0,3,1,1.2,7.23
6,7,2.0,4,2,1,0,0,0,8.0,4.0,2.0,0,0,7,2,1.1666666666666667,8.88
3,3,4.0,6,2,0,0,0,0,24.0,8.0,0.0,0,0,8,2,1.0,0.0
10,4,2.0,4,0,0,0,0,0,8.0,0.0,0.0,0,0,4,0,0.4,0.0
8,5,0.0,6,0,0,0,0,0,0.0,0.0,0.0,0,0,6,0,0.625,0.0
11,6,6.0,5,0,0,0,0,0,30.0,0.0,0.0,0,0,5,0,0.5454545454545454,0.0
7,4,0.0,4,0,0,0,0,0,0.0,0.0,0.0,0,0,4,0,0.5714285714285714,0.0
9,5,4.0,5,2,1,0,0,0,20.0,8.0,4.0,0,0,8,2,0.5555555555555556,7.56
7,3,2.0,6,0,0,0,0,0,12.0,0.0,0.0,0,0,6,0,0.42857142857142855,0.0
2,4,5.0,6,3,1,1,0,0,30.0,15.0,4.0,12,0,11,3,2.0,23.781250000000004
12,3,4.0,8,2,1,1,0,0,32.0,8.0,4.0,12,0,12,2,0.25,25.41
4,6,3.0,6,3,1,1,0,0,18.0,9.0,3.0,12,0,11,3,1.5,17.01
5,3,10.0,6,3,1,1,0,0,36.0,24.0,4.0,12,0,11,3,0.6,47.25000000000001
3,2,1.0,6,2,1,1,0,0,6.0,2.0,1.0,12,0,10,2,0.6666666666666666,17.7
4,2,3.0,6,2,1,0,0,0,18.0,6.0,3.0,0,0,9,2,0.5,7.470000000000001
4,1,9.0,4,1,1,0,0,0,24.0,8.0,4.0,0,0,6,1,0.25,21.262500000000003
3,4,9.0,7,1,1,1,0,0,42.0,8.0,4.0,12,0,10,1,1.3333333333333333,44.55
8,4,3.0,4,1,0,0,0,0,12.0,3.0,0.0,0,0,5,1,0.5,5.940000000000001
10,3,3.0,4,1,0,0,0,0,12.0,3.0,0.0,0,0,5,1,0.3,2.16
10,4,3.0,8,3,1,1,0,0,24.0,9.0,3.0,12,0,13,3,0.4,21.27
17,5,3.0,8,4,1,0,0,0,24.0,12.0,3.0,0,0,13,4,0.29411764705882354,7.83
12,6,2.0,8,3,0,0,0,0,16.0,6.0,0.0,0,0,11,3,0.5,4.5
8,5,3.0,4,0,2,0,0,0,12.0,0.0,6.0,0,0,6,0,0.625,17.19
9,6,4.0,7,0,1,0,0,0,28.0,0.0,4.0,0,0,8,0,0.6666666666666666,4.0200000000000005
2,6,3.0,10,1,1,0,0,0,30.0,3.0,3.0,0,0,12,1,3.0,5.760000000000001
2,4,4.0,7,1,0,1,0,0,28.0,4.0,0.0,12,0,9,1,2.0,13.26
2,1,3.0,2,1,1,0,0,0,6.0,3.0,3.0,0,0,4,1,0.5,3.6
2,6,5.0,10,1,1,1,0,0,50.0,5.0,4.0,12,0,13,1,3.0,21.25
2,5,2.0,10,1,1,0,0,0,20.0,2.0,2.0,0,0,12,1,2.5,3.24
1,4,6.0,10,1,1,0,0,0,60.0,6.0,4.0,0,0,12,1,4.0,3.975
3,2,13.0,7,1,1,1,0,0,42.0,8.0,4.0,12,0,10,1,0.6666666666666666,73.125
4,2,5.0,7,1,1,0,0,0,35.0,5.0,4.0,0,0,9,1,0.5,10.375
9,10,5.0,15,4,2,1,0,0,75.0,20.0,8.0,12,0,22,4,1.1111111111111112,40.34375
10,5,5.0,6,1,0,1,0,0,30.0,5.0,0.0,12,0,8,1,0.5,16.625
9,9,2.0,6,3,0,1,0,0,12.0,6.0,0.0,12,0,10,3,1.0,21.96
11,4,2.0,8,1,1,0,0,0,16.0,2.0,2.0,0,0,10,1,0.36363636363636365,11.340000000000002
9,5,4.0,5,0,0,1,0,0,20.0,0.0,0.0,12,0,6,0,0.5555555555555556,12.9
11,6,4.0,6,3,1,1,0,0,24.0,12.0,4.0,12,0,11,3,0.5454545454545454,27.72
2,1,3.0,3,0,0,0,0,0,9.0,0.0,0.0,0,0,3,0,0.5,1.08
8,3,6.0,3,0,1,0,0,0,18.0,0.0,4.0,0,0,4,0,0.375,5.85
2,2,6.0,4,1,1,0,0,0,24.0,6.0,4.0,0,0,6,1,1.0,7.275
8,6,2.0,6,0,0,1,0,0,12.0,0.0,0.0,12,0,7,0,0.75,13.44
5,2,6.0,3,0,0,0,0,0,18.0,0.0,0.0,0,0,3,0,0.4,1.35
6,2,8.0,3,1,1,1,0,0,18.0,8.0,4.0,12,0,6,1,0.3333333333333333,22.0
2,1,6.0,1,0,1,0,0,0,6.0,0.0,4.0,0,0,2,0,0.5,0.8624999999999999
3,1,6.0,2,1,0,0,0,0,12.0,6.0,0.0,0,0,3,1,0.3333333333333333,2.4
7,5,4.0,7,4,0,1,0,0,28.0,16.0,0.0,12,0,12,4,0.7142857142857143,24.24
2,1,6.0,2,1,1,0,0,0,12.0,6.0,4.0,0,0,4,1,0.5,5.7
7,3,4.0,3,2,1,0,0,0,12.0,8.0,4.0,0,0,6,2,0.42857142857142855,9.36
15,6,4.0,8,5,2,1,0,0,32.0,20.0,8.0,12,0,16,5,0.4,47.79
10,6,3.0,8,4,2,1,0,0,24.0,12.0,6.0,12,0,15,4,0.6,29.4
7,4,4.0,8,3,0,1,0,0,32.0,12.0,0.0,12,0,12,3,0.5714285714285714,20.22
5,2,5.0,4,2,1,1,0,0,20.0,10.0,4.0,12,0,8,2,0.4,18.312500000000004
2,2,6.0,5,2,1,0,0,0,30.0,12.0,4.0,0,0,8,2,1.0,10.6125
2,1,9.0,4,0,0,1,0,0,24.0,0.0,0.0,12,0,5,0,0.5,22.5
4,2,4.0,1,1,1,1,0,0,4.0,4.0,4.0,12,0,4,1,0.5,18.42
3,2,1.0,1,1,0,0,0,0,1.0,1.0,0.0,0,0,2,1,0.6666666666666666,1.7400000000000002
3,1,5.0,3,0,0,0,0,0,15.0,0.0,0.0,0,0,3,0,0.3333333333333333,0.75
4,2,3.0,6,0,2,0,0,0,18.0,0.0,6.0,0,0,8,0,0.5,4.859999999999999
15,10,4.0,9,0,0,0,0,0,36.0,0.0,0.0,0,0,9,0,0.6666666666666666,1.08
9,6,3.0,7,4,0,0,0,0,21.0,12.0,0.0,0,0,11,4,0.6666666666666666,5.580000000000001
10,7,2.0,7,0,0,0,0,0,14.0,0.0,0.0,0,0,7,0,0.7,1.6800000000000002
9,6,2.0,7,6,0,0,0,0,14.0,12.0,0.0,0,0,13,6,0.6666666666666666,7.739999999999999
14,8,4.0,14,1,0,0,0,0,56.0,4.0,0.0,0,0,15,1,0.5714285714285714,3.96
3,2,13.0,6,0,0,0,0,0,36.0,0.0,0.0,0,0,6,0,0.6666666666666666,33.9625
1,2,5.0,6,1,0,0,0,0,30.0,5.0,0.0,0,0,7,1,2.0,12.250000000000002
6,7,14.0,21,5,3,1,0,0,126.0,40.0,12.0,12,0,30,5,1.1666666666666667,153.2325
2,5,6.0,19,0,2,1,1,4,114.0,0.0,8.0,12,4,23,1,2.5,75.6
3,4,8.0,18,0,1,0,1,4,108.0,0.0,4.0,0,4,20,1,1.3333333333333333,75.6
4,3,8.0,8,3,1,1,0,0,48.0,24.0,4.0,12,0,13,3,0.75,72.5
2,2,11.0,8,2,1,1,0,0,48.0,16.0,4.0,12,0,12,2,1.0,71.5
6,5,10.0,4,1,1,1,0,0,24.0,8.0,4.0,12,0,7,1,0.8333333333333334,54.87500000000001
7,9,6.0,8,2,1,1,0,0,48.0,12.0,4.0,12,0,12,2,1.2857142857142858,34.6125
5,8,11.0,7,2,1,1,0,0,42.0,16.0,4.0,12,0,11,2,1.6,71.77499999999999
7,8,16.0,13,2,1,1,0,0,78.0,16.0,4.0,12,0,17,2,1.1428571428571428,131.2
5,6,16.0,9,2,1,1,0,0,54.0,16.0,4.0,12,0,13,2,1.2,121.2
4,10,11.0,5,2,1,0,0,0,30.0,16.0,4.0,0,0,8,2,2.5,53.2125
5,3,6.0,3,3,0,0,0,0,18.0,18.0,0.0,0,0,6,3,0.6,8.8125
4,3,12.0,10,4,2,1,0,0,60.0,32.0,8.0,12,0,17,4,0.75,146.4
2,2,6.0,5,3,1,1,0,0,30.0,18.0,4.0,12,0,10,3,1.0,28.05
4,3,8.0,5,3,1,1,0,0,30.0,24.0,4.0,12,0,10,3,0.75,57.6
2,3,8.0,5,3,1,1,0,0,30.0,24.0,4.0,12,0,10,3,1.5,53.3
3,3,12.0,5,2,1,1,0,0,30.0,16.0,4.0,12,0,9,2,1.0,79.725
7,4,8.0,9,4,0,0,0,0,54.0,32.0,0.0,0,0,13,4,0.5714285714285714,27.3
8,3,5.0,6,3,1,0,0,0,30.0,15.0,4.0,0,0,10,3,0.375,11.75
5,4,4.0,5,1,0,0,0,0,20.0,4.0,0.0,0,0,6,1,0.8,3.84
12,5,3.0,6,4,1,0,0,0,18.0,12.0,3.0,0,0,11,4,0.4166666666666667,13.740000000000002
6,3,0.0,3,2,0,0,0,0,0.0,0.0,0.0,0,0,5,2,0.5,4.62
10,4,4.0,6,4,0,0,0,0,24.0,16.0,0.0,0,0,10,4,0.4,12.6
2,3,5.0,4,2,1,1,0,0,20.0,10.0,4.0,12,0,8,2,1.5,19.5
3,3,5.0,6,2,1,1,0,0,30.0,10.0,4.0,12,0,10,2,1.0,19.03125
4,3,5.0,4,2,1,1,0,0,20.0,10.0,4.0,12,0,8,2,0.75,28.6875
2,3,5.0,5,2,1,1,0,0,25.0,10.0,4.0,12,0,9,2,1.5,19.4375
4,5,6.0,18,0,1,1,0,0,108.0,0.0,4.0,12,0,20,0,1.25,38.475
4,5,5.0,20,6,2,1,0,0,100.0,30.0,8.0,12,0,29,6,1.25,65.21875
7,4,5.0,11,0,1,0,0,0,55.0,0.0,4.0,0,0,12,0,0.5714285714285714,10.9375
6,5,4.0,15,3,2,1,0,0,60.0,12.0,8.0,12,0,21,3,0.8333333333333334,45.27
5,5,4.0,18,0,2,1,0,0,72.0,0.0,8.0,12,0,21,0,1.0,35.13
5,4,4.0,10,4,1,1,0,0,40.0,16.0,4.0,12,0,16,4,0.8,33.300000000000004
1,1,20.0,3,1,1,0,0,0,18.0,8.0,4.0,0,0,5,1,1.0,56.25
5,10,12.0,9,2,1,0,0,0,54.0,16.0,4.0,0,0,12,2,2.0,35.7
6,12,21.0,5,2,1,1,0,0,30.0,16.0,4.0,12,0,9,2,2.0,140.70000000000002
2,14,23.0,9,1,1,1,0,0,54.0,8.0,4.0,12,0,12,1,7.0,153.2325
6,3,22.0,6,4,1,1,0,0,36.0,32.0,4.0,12,0,12,4,0.5,153.2325
5,12,2.0,6,3,0,1,1,4,12.0,6.0,0.0,12,4,11,4,2.4,50.55
5,12,22.0,6,2,1,1,0,0,36.0,16.0,4.0,12,0,10,2,2.4,138.6
4,6,11.0,5,2,1,1,0,0,30.0,16.0,4.0,12,0,9,2,1.5,94.1875
3,3,20.0,4,2,1,0,1,4,24.0,16.0,4.0,0,4,8,3,1.0,153.2325
4,6,21.0,6,2,1,1,1,4,36.0,16.0,4.0,12,4,11,3,1.5,153.2325
4,6,11.0,4,2,1,1,0,0,24.0,16.0,4.0,12,0,8,2,1.5,58.78125
4,9,23.0,6,3,2,1,1,4,36.0,24.0,8.0,12,4,13,4,2.25,153.2325
2,8,23.0,5,2,1,1,0,0,30.0,16.0,4.0,12,0,9,2,4.0,143.60625000000002
10,3,11.0,4,0,0,0,0,0,24.0,0.0,0.0,0,0,4,0,0.3,2.95625
11,5,4.0,4,0,0,0,0,0,16.0,0.0,0.0,0,0,4,0,0.45454545454545453,1.38
18,6,4.0,4,0,1,0,0,0,16.0,0.0,4.0,0,0,5,0,0.3333333333333333,5.04
8,5,3.0,4,0,0,0,0,0,12.0,0.0,0.0,0,0,4,0,0.625,0.9
9,5,10.0,4,0,0,0,0,0,24.0,0.0,0.0,0,0,4,0,0.5555555555555556,1.6875
8,5,2.0,4,0,1,1,0,0,8.0,0.0,2.0,12,0,6,0,0.625,13.92
5,7,3.0,5,2,1,1,0,0,15.0,6.0,3.0,12,0,9,2,1.4,19.62
14,5,3.0,4,0,0,0,0,0,12.0,0.0,0.0,0,0,4,0,0.35714285714285715,1.0200000000000002
8,7,5.0,8,5,2,1,0,0,40.0,25.0,8.0,12,0,16,5,0.875,64.75
6,5,6.0,5,3,1,1,1,4,30.0,18.0,4.0,12,4,11,4,0.8333333333333334,71.925
8,5,11.0,5,3,2,1,1,4,30.0,24.0,8.0,12,4,12,4,0.625,153.2325
4,4,16.0,3,3,1,1,0,0,18.0,24.0,4.0,12,0,8,3,1.0,120.29999999999998
7,7,6.0,3,3,1,1,1,4,18.0,18.0,4.0,12,4,9,4,1.0,69.45
8,6,6.0,5,5,2,1,1,4,30.0,30.0,8.0,12,4,14,6,0.75,121.95
8,3,18.0,8,4,1,0,1,4,48.0,32.0,4.0,0,4,14,5,0.375,153.2325
5,4,13.0,12,6,3,1,1,4,72.0,48.0,12.0,12,4,23,7,0.8,153.2325
5,4,13.0,10,3,1,0,0,0,60.0,24.0,4.0,0,0,14,3,0.8,72.14999999999999
6,5,24.0,12,4,2,1,1,4,72.0,32.0,8.0,12,4,20,5,0.8333333333333334,153.2325
6,5,24.0,11,3,2,1,1,4,66.0,24.0,8.0,12,4,18,4,0.8333333333333334,153.2325
5,5,24.0,8,4,2,1,1,4,48.0,32.0,8.0,12,4,16,5,1.0,153.2325
6,5,24.0,8,3,2,1,1,4,48.0,24.0,8.0,12,4,15,4,0.8333333333333334,153.2325
5,5,24.0,8,4,2,1,1,4,48.0,32.0,8.0,12,4,16,5,1.0,153.2325
6,5,24.0,9,3,2,1,1,4,54.0,24.0,8.0,12,4,16,4,0.8333333333333334,153.2325
5,5,24.0,10,3,2,1,1,4,60.0,24.0,8.0,12,4,17,4,1.0,153.2325
6,5,24.0,9,3,1,1,1,4,54.0,24.0,4.0,12,4,15,4,0.8333333333333334,153.2325
9,5,14.0,11,4,1,1,0,0,66.0,32.0,4.0,12,0,17,4,0.5555555555555556,120.925
6,6,7.0,6,2,1,0,0,0,36.0,14.0,4.0,0,0,9,2,1.0,10.325
4,1,14.0,2,1,0,1,0,0,12.0,8.0,0.0,12,0,4,1,0.25,41.475
2,2,2.0,6,2,1,1,0,0,12.0,4.0,2.0,12,0,10,2,1.0,25.380000000000003
28,11,17.0,16,11,4,1,0,0,96.0,88.0,16.0,12,0,32,11,0.39285714285714285,153.2325
6,1,1.0,1,1,0,0,0,0,1.0,1.0,0.0,0,0,2,1,0.16666666666666666,2.1
11,3,7.0,9,5,2,1,0,0,54.0,35.0,8.0,12,0,17,5,0.2727272727272727,94.9375
3,1,7.0,3,1,1,0,0,0,18.0,7.0,4.0,0,0,5,1,0.3333333333333333,8.575
20,5,8.0,3,0,0,0,0,0,18.0,0.0,0.0,0,0,3,0,0.25,3.05
8,4,6.0,5,0,0,0,0,0,30.0,0.0,0.0,0,0,5,0,0.5,2.25
10,5,8.0,5,0,0,0,0,0,30.0,0.0,0.0,0,0,5,0,0.5,2.5
6,3,0.0,4,0,0,0,0,0,0.0,0.0,0.0,0,0,4,0,0.5,2.64
12,5,0.0,4,0,0,0,0,0,0.0,0.0,0.0,0,0,4,0,0.4166666666666667,1.92
10,6,6.0,5,0,0,0,0,0,30.0,0.0,0.0,0,0,5,0,0.6,2.325
23,5,6.0,5,0,1,0,0,0,30.0,0.0,4.0,0,0,6,0,0.21739130434782608,7.5
5,3,0.0,5,0,0,0,0,0,0.0,0.0,0.0,0,0,5,0,0.6,1.74
3,2,10.0,3,0,1,0,0,0,18.0,0.0,4.0,0,0,4,0,0.6666666666666666,22.125
4,3,7.0,5,1,1,1,0,0,30.0,7.0,4.0,12,0,8,1,0.75,32.1125
5,5,5.0,6,1,1,0,0,0,30.0,5.0,4.0,0,0,8,1,1.0,9.375
4,3,6.0,6,1,1,1,0,0,36.0,6.0,4.0,12,0,9,1,0.75,28.35
6,3,10.0,6,2,1,1,0,0,36.0,16.0,4.0,12,0,10,2,0.5,54.0
4,3,10.0,4,0,0,0,0,0,24.0,0.0,0.0,0,0,4,0,0.75,4.25
5,4,10.0,6,1,1,1,0,0,36.0,8.0,4.0,12,0,9,1,0.8,39.0
4,3,0.0,4,0,1,1,0,0,0.0,0.0,0.0,12,0,6,0,0.75,17.040000000000003
3,2,6.0,4,0,1,0,0,0,24.0,0.0,4.0,0,0,5,0,0.6666666666666666,11.25
3,3,4.0,4,0,1,1,0,0,16.0,0.0,4.0,12,0,6,0,1.0,15.12
2,3,0.0,0,0,0,0,0,0,0.0,0.0,0.0,0,0,0,0,1.5,0.7200000000000001
6,3,0.0,0,0,0,0,0,0,0.0,0.0,0.0,0,0,0,0,0.5,0.7200000000000001
9,6,13.0,8,3,2,1,0,0,48.0,24.0,8.0,12,0,14,3,0.6666666666666666,117.8125
7,4,16.0,8,3,2,1,0,0,48.0,24.0,8.0,12,0,14,3,0.5714285714285714,153.2325
4,6,15.0,8,3,2,1,1,4,48.0,24.0,8.0,12,4,15,4,1.5,153.2325
6,4,16.0,8,3,2,1,1,4,48.0,24.0,8.0,12,4,15,4,0.6666666666666666,153.2325
5,3,16.0,4,2,1,1,0,0,24.0,16.0,4.0,12,0,8,2,0.6,115.29999999999998
7,4,16.0,6,2,1,1,0,0,36.0,16.0,4.0,12,0,10,2,0.5714285714285714,99.6
5,3,16.0,8,2,1,1,0,0,48.0,16.0,4.0,12,0,12,2,0.6,129.79999999999998
5,3,17.0,9,2,1,1,0,0,54.0,16.0,4.0,12,0,13,2,0.6,109.33125
7,3,16.0,12,2,2,1,0,0,72.0,16.0,8.0,12,0,17,2,0.42857142857142855,124.59999999999998
5,3,16.0,6,1,1,1,0,0,36.0,8.0,4.0,12,0,9,1,0.6,88.79999999999998
4,3,16.0,10,1,1,1,0,0,60.0,8.0,4.0,12,0,13,1,0.75,89.2
6,3,17.0,6,2,1,1,0,0,36.0,16.0,4.0,12,0,10,2,0.5,143.33125
6,3,4.0,3,0,1,0,0,0,12.0,0.0,4.0,0,0,4,0,0.5,6.06
3,2,4.0,3,0,1,1,0,0,12.0,0.0,4.0,12,0,5,0,0.6666666666666666,13.68
5,3,5.0,8,3,1,1,0,0,40.0,15.0,4.0,12,0,13,3,0.6,26.5
8,4,2.0,8,5,1,1,0,0,16.0,10.0,2.0,12,0,15,5,0.5,20.340000000000003
5,3,4.0,8,5,1,1,0,0,32.0,20.0,4.0,12,0,15,5,0.6,28.47
5,3,5.0,6,2,1,1,0,0,30.0,10.0,4.0,12,0,10,2,0.6,21.906250000000004
4,8,4.0,13,5,1,0,0,0,52.0,20.0,4.0,0,0,19,5,2.0,19.26
2,2,4.0,2,1,1,0,0,0,8.0,4.0,4.0,0,0,4,1,1.0,10.14
6,2,10.0,4,4,2,1,1,4,24.0,32.0,8.0,12,4,12,5,0.3333333333333333,126.25
3,1,12.0,6,2,1,1,0,0,36.0,16.0,4.0,12,0,10,2,0.3333333333333333,44.7
7,3,12.0,6,3,1,1,0,0,36.0,24.0,4.0,12,0,11,3,0.42857142857142855,68.175
1,1,12.0,5,2,1,1,0,0,30.0,16.0,4.0,12,0,9,2,1.0,48.75
2,2,11.0,8,3,1,1,1,4,48.0,24.0,4.0,12,4,14,4,1.0,116.1875
4,3,5.0,12,4,2,1,0,0,60.0,20.0,8.0,12,0,19,4,0.75,35.9375
9,3,24.0,4,0,0,0,0,0,24.0,0.0,0.0,0,0,4,0,0.3333333333333333,9.3
5,2,24.0,3,0,1,0,0,0,18.0,0.0,4.0,0,0,4,0,0.4,31.2
8,3,9.0,6,1,1,0,0,0,36.0,8.0,4.0,0,0,8,1,0.375,23.45625
8,5,2.0,5,3,1,0,0,0,10.0,6.0,2.0,0,0,9,3,0.625,4.260000000000001
4,1,24.0,6,1,0,0,0,0,36.0,8.0,0.0,0,0,7,1,0.25,62.7
5,3,24.0,3,1,1,0,0,0,18.0,8.0,4.0,0,0,5,1,0.6,101.4
8,7,24.0,6,0,1,1,0,0,36.0,0.0,4.0,12,0,8,0,0.875,122.1
8,2,20.0,2,0,0,0,0,0,12.0,0.0,0.0,0,0,2,0,0.25,8.625
21,6,20.0,8,2,1,1,0,0,48.0,16.0,4.0,12,0,12,2,0.2857142857142857,153.2325
8,1,20.0,2,0,0,0,0,0,12.0,0.0,0.0,0,0,2,0,0.125,9.25
10,1,20.0,1,1,1,0,0,0,6.0,8.0,4.0,0,0,3,1,0.1,102.0
6,3,20.0,3,0,2,1,0,0,18.0,0.0,8.0,12,0,6,0,0.5,130.0
8,4,20.0,4,0,2,0,0,0,24.0,0.0,8.0,0,0,6,0,0.5,60.75000000000001
1,4,4.0,7,1,1,0,0,0,28.0,4.0,4.0,0,0,9,1,4.0,5.460000000000001
7,15,24.0,7,3,1,1,0,0,42.0,24.0,4.0,12,0,12,3,2.142857142857143,153.2325
6,10,24.0,3,0,0,0,0,0,18.0,0.0,0.0,0,0,3,0,1.6666666666666667,7.2
2,6,7.0,6,1,1,1,0,0,36.0,7.0,4.0,12,0,9,1,3.0,47.6875
12,15,3.0,22,7,2,0,0,0,66.0,21.0,6.0,0,0,31,7,1.25,48.12
13,12,5.0,19,7,1,1,0,0,95.0,35.0,4.0,12,0,28,7,0.9230769230769231,39.46875
4,3,2.0,6,3,1,0,0,0,12.0,6.0,2.0,0,0,10,3,0.75,5.7
5,3,4.0,13,5,2,1,0,0,52.0,20.0,8.0,12,0,21,5,0.6,31.65
3,3,24.0,4,0,1,1,0,0,24.0,0.0,4.0,12,0,6,0,1.0,79.2
4,2,5.0,4,1,1,1,0,0,20.0,5.0,4.0,12,0,7,1,0.5,21.750000000000004
2,2,9.0,2,0,1,0,0,0,12.0,0.0,4.0,0,0,3,0,1.0,15.75
5,3,24.0,3,0,0,0,0,0,18.0,0.0,0.0,0,0,3,0,0.6,4.8
6,4,10.0,5,1,1,0,0,0,30.0,8.0,4.0,0,0,7,1,0.6666666666666666,22.375000000000004
2,2,6.0,4,0,1,1,0,0,24.0,0.0,4.0,12,0,6,0,1.0,26.55
2,2,24.0,2,0,0,0,0,0,12.0,0.0,0.0,0,0,2,0,1.0,4.5
6,3,24.0,4,1,1,1,0,0,24.0,8.0,4.0,12,0,7,1,0.5,123.0
3,3,5.0,5,1,1,1,0,0,25.0,5.0,4.0,12,0,8,1,1.0,23.125
5,6,3.0,9,3,1,1,0,0,27.0,9.0,3.0,12,0,14,3,1.2,31.980000000000004
7,9,7.0,11,3,4,0,0,0,66.0,21.0,16.0,0,0,18,3,1.2857142857142858,35.525
5,4,3.0,6,2,1,0,0,0,18.0,6.0,3.0,0,0,9,2,0.8,15.78
6,8,3.0,5,2,2,1,0,0,15.0,6.0,6.0,12,0,10,2,1.3333333333333333,28.5
5,6,2.0,8,2,0,0,0,0,16.0,4.0,0.0,0,0,10,2,1.2,3.0
5,4,5.0,6,4,1,1,0,0,30.0,20.0,4.0,12,0,12,4,0.8,28.937500000000004
6,15,2.0,1,3,1,1,0,0,2.0,6.0,2.0,12,0,6,3,2.5,22.260000000000005
6,5,3.0,13,6,1,1,0,0,39.0,18.0,3.0,12,0,21,6,0.8333333333333334,42.36000000000001
5,4,4.0,8,1,1,0,0,0,32.0,4.0,4.0,0,0,10,1,0.8,23.010000000000005
4,4,3.0,6,2,1,1,0,0,18.0,6.0,3.0,12,0,10,2,1.0,24.0
5,4,4.0,5,4,2,1,0,0,20.0,16.0,8.0,12,0,12,4,0.8,35.279999999999994
9,6,5.0,10,6,2,1,0,0,50.0,30.0,8.0,12,0,19,6,0.6666666666666666,46.40625
5,5,4.0,6,5,1,1,0,0,24.0,20.0,4.0,12,0,13,5,1.0,31.23
2,3,3.0,5,3,1,1,0,0,15.0,9.0,3.0,12,0,10,3,1.5,31.380000000000003
14,9,5.0,15,8,2,1,0,0,75.0,40.0,8.0,12,0,26,8,0.6428571428571429,55.06250000000001
6,4,0.0,5,5,0,0,0,0,0.0,0.0,0.0,0,0,10,5,0.6666666666666666,22.41
8,3,4.0,5,3,0,1,0,0,20.0,12.0,0.0,12,0,9,3,0.375,25.32
3,3,4.0,5,5,1,1,0,0,20.0,20.0,4.0,12,0,12,5,1.0,34.080000000000005
8,4,1.0,8,4,0,0,0,0,8.0,4.0,0.0,0,0,12,4,0.5,2.16
3,3,3.0,6,1,0,0,0,0,18.0,3.0,0.0,0,0,7,1,1.0,3.18
5,4,1.0,4,0,0,0,0,0,4.0,0.0,0.0,0,0,4,0,0.8,4.2
7,6,1.0,8,6,0,0,0,0,8.0,6.0,0.0,0,0,14,6,0.8571428571428571,6.75
6,5,0.0,5,3,1,0,0,0,0.0,0.0,0.0,0,0,9,3,0.8333333333333334,5.760000000000001
22,11,1.0,12,6,2,0,0,0,12.0,6.0,2.0,0,0,20,6,0.5,8.940000000000001
15,5,2.0,8,2,1,0,0,0,16.0,4.0,2.0,0,0,11,2,0.3333333333333333,4.68
12,8,2.0,9,4,0,0,0,0,18.0,8.0,0.0,0,0,13,4,0.6666666666666666,5.040000000000001
7,6,12.0,5,2,0,1,0,0,30.0,16.0,0.0,12,0,8,2,0.8571428571428571,74.85
12,8,12.0,4,2,1,1,0,0,24.0,16.0,4.0,12,0,8,2,0.6666666666666666,62.1
9,4,10.0,4,1,1,0,0,0,24.0,8.0,4.0,0,0,6,1,0.4444444444444444,20.125
7,6,10.0,4,2,1,1,0,0,24.0,16.0,4.0,12,0,8,2,0.8571428571428571,56.93750000000001
4,5,18.0,8,4,1,0,0,0,48.0,32.0,4.0,0,0,13,4,1.25,111.825
5,5,0.0,7,3,1,1,0,0,0.0,0.0,0.0,12,0,12,3,1.0,14.7
7,4,0.0,6,0,0,0,0,0,0.0,0.0,0.0,0,0,6,0,0.5714285714285714,0.0
7,6,6.0,7,3,0,0,0,0,42.0,18.0,0.0,0,0,10,3,0.8571428571428571,11.55
5,4,0.0,5,0,0,0,0,0,0.0,0.0,0.0,0,0,5,0,0.8,0.0
9,6,0.0,5,2,0,0,0,0,0.0,0.0,0.0,0,0,7,2,0.6666666666666666,3.6
3,5,12.0,7,3,1,1,0,0,42.0,24.0,4.0,12,0,12,3,1.6666666666666667,64.5
2,7,5.0,10,4,1,1,0,0,50.0,20.0,4.0,12,0,16,4,3.5,27.9375
8,8,6.0,8,4,1,1,0,0,48.0,24.0,4.0,12,0,14,4,1.0,37.725
9,4,12.0,5,3,0,1,0,0,30.0,24.0,0.0,12,0,9,3,0.4444444444444444,56.55
6,3,6.0,4,3,1,1,0,0,24.0,18.0,4.0,12,0,9,3,0.5,33.6
9,4,6.0,5,3,1,1,0,0,30.0,18.0,4.0,12,0,10,3,0.4444444444444444,31.5
15,8,8.0,18,8,5,1,0,0,108.0,64.0,20.0,12,0,32,8,0.5333333333333333,153.2325
7,4,6.0,6,6,2,1,0,0,36.0,36.0,8.0,12,0,15,6,0.5714285714285714,59.55
4,3,8.0,6,3,1,1,0,0,36.0,24.0,4.0,12,0,11,3,0.75,45.5
6,3,6.0,5,3,1,1,0,0,30.0,18.0,4.0,12,0,10,3,0.5,39.150000000000006
4,4,6.0,6,3,1,1,0,0,36.0,18.0,4.0,12,0,11,3,1.0,38.7
6,6,8.0,7,5,0,1,0,0,42.0,40.0,0.0,12,0,13,5,1.0,55.6
6,3,6.0,8,3,1,1,0,0,48.0,18.0,4.0,12,0,13,3,0.5,33.825
8,6,7.0,8,3,1,1,0,0,48.0,21.0,4.0,12,0,13,3,0.75,40.1625
8,6,7.0,6,3,3,1,1,4,36.0,21.0,12.0,12,4,14,4,0.75,114.625
4,4,7.0,4,0,1,0,0,0,24.0,0.0,4.0,0,0,5,0,1.0,9.0125
5,4,7.0,6,2,1,0,0,0,36.0,14.0,4.0,0,0,9,2,0.8,17.2375
8,8,6.0,12,5,3,1,0,0,72.0,30.0,12.0,12,0,21,5,1.0,78.525
8,7,7.0,12,4,2,1,0,0,72.0,28.0,8.0,12,0,19,4,0.875,49.0
2,2,7.0,5,2,0,1,0,0,30.0,14.0,0.0,12,0,8,2,1.0,22.18125
2,2,5.0,6,3,2,1,0,0,30.0,15.0,8.0,12,0,12,3,1.0,32.31250000000001
7,6,3.0,8,0,0,0,0,0,24.0,0.0,0.0,0,0,8,0,0.8571428571428571,1.62
9,5,5.0,10,0,0,0,0,0,50.0,0.0,0.0,0,0,10,0,0.5555555555555556,2.0625
7,6,4.0,6,0,0,0,0,0,24.0,0.0,0.0,0,0,6,0,0.8571428571428571,1.7100000000000002
5,7,3.0,3,0,0,0,0,0,9.0,0.0,0.0,0,0,3,0,1.4,0.8400000000000001
8,6,5.0,8,0,1,0,0,0,40.0,0.0,4.0,0,0,9,0,0.75,4.968750000000001
8,6,5.0,6,0,0,0,0,0,30.0,0.0,0.0,0,0,6,0,0.75,1.6875
6,6,3.0,4,0,0,0,0,0,12.0,0.0,0.0,0,0,4,0,1.0,1.14
6,10,4.0,11,1,1,0,0,0,44.0,4.0,4.0,0,0,13,1,1.6666666666666667,8.4
5,4,3.0,9,1,1,1,0,0,27.0,3.0,3.0,12,0,12,1,0.8,17.22
10,6,4.0,8,0,0,0,0,0,32.0,0.0,0.0,0,0,8,0,0.6,2.16
6,4,4.0,6,0,0,0,0,0,24.0,0.0,0.0,0,0,6,0,0.6666666666666666,1.56
5,6,6.0,7,2,1,1,0,0,42.0,12.0,4.0,12,0,11,2,1.2,27.225
5,7,3.0,4,0,0,0,0,0,12.0,0.0,0.0,0,0,4,0,1.4,1.14
6,4,10.0,4,1,0,0,0,0,24.0,8.0,0.0,0,0,5,1,0.6666666666666666,10.1875
6,10,10.0,24,3,1,0,0,0,144.0,24.0,4.0,0,0,28,3,1.6666666666666667,83.6875
17,12,10.0,20,5,0,1,0,0,120.0,40.0,0.0,12,0,26,5,0.7058823529411765,112.5
1,6,13.0,7,0,0,0,0,0,42.0,0.0,0.0,0,0,7,0,6.0,14.95
5,8,10.0,11,3,1,1,0,0,66.0,24.0,4.0,12,0,16,3,1.6,82.62500000000001
8,8,0.0,10,2,1,0,0,0,0.0,0.0,0.0,0,0,13,2,1.0,23.58
1,4,7.0,7,0,1,0,0,0,42.0,0.0,4.0,0,0,8,0,4.0,16.625
7,11,9.0,10,5,1,1,0,0,60.0,40.0,4.0,12,0,17,5,1.5714285714285714,66.375
3,5,10.0,8,2,1,0,0,0,48.0,16.0,4.0,0,0,11,2,1.6666666666666667,44.625
6,6,8.0,6,1,1,0,0,0,36.0,8.0,4.0,0,0,8,1,1.0,26.0
8,4,8.0,7,3,1,1,0,0,42.0,24.0,4.0,12,0,12,3,0.5,52.3
4,3,9.0,6,2,1,0,0,0,36.0,16.0,4.0,0,0,9,2,0.75,28.6875
1,1,6.0,3,1,1,1,0,0,18.0,6.0,4.0,12,0,6,1,1.0,26.25
7,4,4.0,6,2,1,0,0,0,24.0,8.0,4.0,0,0,9,2,0.5714285714285714,6.63
5,3,6.0,8,2,1,1,0,0,48.0,12.0,4.0,12,0,12,2,0.6,32.625
1,1,19.0,2,1,0,0,0,0,12.0,8.0,0.0,0,0,3,1,1.0,7.6
5,2,6.0,3,1,0,1,0,0,18.0,6.0,0.0,12,0,5,1,0.4,22.2
8,6,8.0,15,4,1,0,0,0,90.0,32.0,4.0,0,0,20,4,0.75,44.2
7,3,8.0,8,2,1,1,0,0,48.0,16.0,4.0,12,0,12,2,0.42857142857142855,49.6
7,3,14.0,10,3,1,1,0,0,60.0,24.0,4.0,12,0,15,3,0.42857142857142855,105.2625
10,5,15.0,15,5,1,1,0,0,90.0,40.0,4.0,12,0,22,5,0.5,148.3125
5,2,14.0,6,2,1,1,0,0,36.0,16.0,4.0,12,0,10,2,0.4,87.85000000000002
5,2,14.0,8,2,1,1,0,0,48.0,16.0,4.0,12,0,12,2,0.4,95.1125
7,3,15.0,10,3,1,1,0,0,60.0,24.0,4.0,12,0,15,3,0.42857142857142855,123.0
4,2,12.0,8,2,1,1,0,0,48.0,16.0,4.0,12,0,12,2,0.5,76.2
7,6,24.0,5,1,1,1,0,0,30.0,8.0,4.0,12,0,8,1,0.8571428571428571,103.5
7,3,24.0,8,0,1,0,0,0,48.0,0.0,4.0,0,0,9,0,0.42857142857142855,58.2
8,3,23.0,5,2,1,1,0,0,30.0,16.0,4.0,12,0,9,2,0.375,133.1125
5,4,22.0,6,2,2,1,0,0,36.0,16.0,8.0,12,0,11,2,0.8,153.2325
8,4,22.0,6,0,1,1,0,0,36.0,0.0,4.0,12,0,8,0,0.5,93.9125
5,3,22.0,6,0,1,1,0,0,36.0,0.0,4.0,12,0,8,0,0.6,94.59999999999998
14,6,20.0,10,4,3,1,0,0,60.0,32.0,12.0,12,0,18,4,0.42857142857142855,153.2325
3,2,22.0,5,2,1,1,0,0,30.0,16.0,4.0,12,0,9,2,0.6666666666666666,125.125
10,8,5.0,7,0,0,0,0,0,35.0,0.0,0.0,0,0,7,0,0.8,1.7500000000000002
17,11,5.0,5,0,0,0,0,0,25.0,0.0,0.0,0,0,5,0,0.6470588235294118,1.5625
10,8,8.0,10,0,0,0,0,0,60.0,0.0,0.0,0,0,10,0,0.8,10.5
5,3,7.0,3,0,0,0,0,0,18.0,0.0,0.0,0,0,3,0,0.6,1.3125
10,11,6.0,8,0,0,0,0,0,48.0,0.0,0.0,0,0,8,0,1.1,4.5
26,20,2.0,20,0,0,0,0,0,40.0,0.0,0.0,0,0,20,0,0.7692307692307693,6.0
8,5,6.0,2,0,0,0,0,0,12.0,0.0,0.0,0,0,2,0,0.625,0.6
10,6,6.0,6,0,0,0,0,0,36.0,0.0,0.0,0,0,6,0,0.6,1.8
9,6,3.0,5,1,0,0,0,0,15.0,3.0,0.0,0,0,6,1,0.6666666666666666,2.4000000000000004
12,8,3.0,12,1,0,0,0,0,36.0,3.0,0.0,0,0,13,1,0.6666666666666666,3.66
8,4,0.0,4,0,0,0,0,0,0.0,0.0,0.0,0,0,4,0,0.5,1.02
3,4,0.0,2,0,0,0,0,0,0.0,0.0,0.0,0,0,2,0,1.3333333333333333,0.3
8,3,0.0,4,0,0,0,0,0,0.0,0.0,0.0,0,0,4,0,0.375,0.9
10,4,0.0,9,5,0,0,0,0,0.0,0.0,0.0,0,0,14,5,0.4,0.0
7,2,0.0,5,0,0,0,0,0,0.0,0.0,0.0,0,0,5,0,0.2857142857142857,0.9
7,4,0.0,9,2,0,0,0,0,0.0,0.0,0.0,0,0,11,2,0.5714285714285714,12.78
9,4,0.0,8,2,0,0,0,0,0.0,0.0,0.0,0,0,10,2,0.4444444444444444,14.16
8,3,5.0,9,3,1,1,0,0,45.0,15.0,4.0,12,0,14,3,0.375,38.81250000000001
5,2,3.0,3,1,0,0,0,0,9.0,3.0,0.0,0,0,4,1,0.4,1.8000000000000005
5,3,0.0,8,2,1,0,0,0,0.0,0.0,0.0,0,0,11,2,0.6,17.040000000000003
5,3,5.0,9,3,1,1,0,0,45.0,15.0,4.0,12,0,14,3,0.6,35.5
8,5,3.0,9,0,0,0,0,0,27.0,0.0,0.0,0,0,9,0,0.625,2.43
5,3,6.0,10,4,1,1,0,0,60.0,24.0,4.0,12,0,16,4,0.6,38.400000000000006
5,5,0.0,10,4,2,1,0,0,0.0,0.0,0.0,12,0,17,4,1.0,43.5
4,3,0.0,8,3,1,1,0,0,0.0,0.0,0.0,12,0,13,3,0.75,35.88
3,4,6.0,10,3,2,1,0,0,60.0,18.0,8.0,12,0,16,3,1.3333333333333333,48.9
4,1,7.0,2,2,1,1,0,0,12.0,14.0,4.0,12,0,6,2,0.25,39.8125
1,1,0.0,2,1,0,0,0,0,0.0,0.0,0.0,0,0,3,1,1.0,4.5
5,4,3.0,6,2,1,0,0,0,18.0,6.0,3.0,0,0,9,2,0.8,5.040000000000001
10,5,0.0,12,3,0,0,0,0,0.0,0.0,0.0,0,0,15,3,0.5,23.88
2,1,4.0,3,1,0,0,0,0,12.0,4.0,0.0,0,0,4,1,0.5,7.410000000000001
5,4,14.0,4,2,1,1,0,0,24.0,16.0,4.0,12,0,8,2,0.8,75.95
5,2,0.0,4,2,1,1,0,0,0.0,0.0,0.0,12,0,8,2,0.4,22.92
6,3,3.0,5,2,1,1,0,0,15.0,6.0,3.0,12,0,9,2,0.5,23.1
6,9,4.0,6,2,1,1,0,0,24.0,8.0,4.0,12,0,10,2,1.5,23.58
5,3,4.0,5,2,1,1,0,0,20.0,8.0,4.0,12,0,9,2,0.6,24.66
1,3,0.0,3,1,1,1,0,0,0.0,0.0,0.0,12,0,6,1,3.0,19.62
1,3,3.0,3,1,1,1,0,0,9.0,3.0,3.0,12,0,6,1,3.0,20.37
6,2,0.0,4,1,1,0,0,0,0.0,0.0,0.0,0,0,6,1,0.3333333333333333,4.56
47,10,5.0,15,10,7,1,0,0,75.0,50.0,28.0,12,0,33,10,0.2127659574468085,11.25
8,3,0.0,5,1,0,0,0,0,0.0,0.0,0.0,0,0,6,1,0.375,7.590000000000001
7,1,8.0,2,1,1,0,0,0,12.0,8.0,4.0,0,0,4,1,0.14285714285714285,0.0
8,1,0.0,1,1,1,0,0,0,0.0,0.0,0.0,0,0,3,1,0.125,10.5
4,1,0.0,1,0,0,0,0,0,0.0,0.0,0.0,0,0,1,0,0.25,0.0
7,1,0.0,1,1,1,0,0,0,0.0,0.0,0.0,0,0,3,1,0.14285714285714285,0.0
43,8,0.0,22,4,3,0,0,0,0.0,0.0,0.0,0,0,29,4,0.18604651162790697,81.44999999999999
9,2,0.0,2,2,1,0,0,0,0.0,0.0,0.0,0,0,5,2,0.2222222222222222,14.4
2,1,0.0,2,1,0,0,0,0,0.0,0.0,0.0,0,0,3,1,0.5,4.38
1,1,0.0,1,1,0,0,0,0,0.0,0.0,0.0,0,0,2,1,1.0,2.8800000000000003
4,1,0.0,4,0,0,0,0,0,0.0,0.0,0.0,0,0,4,0,0.25,1.02
10,6,0.0,12,4,3,1,0,0,0.0,0.0,0.0,12,0,20,4,0.6,34.89
16,3,0.0,6,1,1,1,0,0,0.0,0.0,0.0,12,0,9,1,0.1875,20.040000000000003
7,2,2.0,5,1,1,0,0,0,10.0,2.0,2.0,0,0,7,1,0.2857142857142857,5.22
10,2,0.0,3,2,0,0,0,0,0.0,0.0,0.0,0,0,5,2,0.2,0.0
2,6,4.0,4,1,4,0,0,0,16.0,4.0,16.0,0,0,9,1,3.0,0.0
6,6,0.0,5,2,1,0,0,0,0.0,0.0,0.0,0,0,8,2,1.0,0.0
10,16,3.0,6,2,1,0,0,0,18.0,6.0,3.0,0,0,9,2,1.6,5.4
5,12,5.0,6,1,1,1,0,0,30.0,5.0,4.0,12,0,9,1,2.4,21.40625
5,6,0.0,5,3,1,0,0,0,0.0,0.0,0.0,0,0,9,3,1.2,0.0
3,6,3.0,5,1,1,1,0,0,15.0,3.0,3.0,12,0,8,1,2.0,18.36
7,12,5.0,6,1,1,0,0,0,30.0,5.0,4.0,0,0,8,1,1.7142857142857142,10.625
2,8,0.0,3,1,1,0,0,0,0.0,0.0,0.0,0,0,5,1,4.0,0.0
1,10,4.0,2,1,0,0,0,0,8.0,4.0,0.0,0,0,3,1,10.0,1.5300000000000002
6,6,5.0,5,2,1,0,0,0,25.0,10.0,4.0,0,0,8,2,1.0,10.6875
5,6,0.0,3,1,0,0,0,0,0.0,0.0,0.0,0,0,4,1,1.2,4.68
5,8,6.0,6,2,1,1,0,0,36.0,12.0,4.0,12,0,10,2,1.6,31.35
4,6,3.0,4,1,0,0,0,0,12.0,3.0,0.0,0,0,5,1,1.5,2.07
1,8,4.0,2,1,0,0,0,0,8.0,4.0,0.0,0,0,3,1,8.0,1.77
2,2,0.0,3,0,0,0,0,0,0.0,0.0,0.0,0,0,3,0,1.0,0.12
2,1,0.0,3,0,0,0,0,0,0.0,0.0,0.0,0,0,3,0,0.5,0.0
2,2,0.0,3,0,0,0,0,0,0.0,0.0,0.0,0,0,3,0,1.0,0.0
2,3,0.0,5,0,0,0,0,0,0.0,0.0,0.0,0,0,5,0,1.5,0.0
3,3,0.0,5,0,0,0,0,0,0.0,0.0,0.0,0,0,5,0,1.0,0.24
4,3,0.0,5,0,0,0,0,0,0.0,0.0,0.0,0,0,5,0,0.75,0.12
2,3,4.0,6,0,1,0,0,0,24.0,0.0,4.0,0,0,7,0,1.5,3.9
3,4,5.0,8,1,1,1,0,0,40.0,5.0,4.0,12,0,11,1,1.3333333333333333,18.875
7,5,1.0,4,0,0,0,0,0,4.0,0.0,0.0,0,0,4,0,0.7142857142857143,2.04
8,4,7.0,4,0,0,0,0,0,24.0,0.0,0.0,0,0,4,0,0.5,2.1
7,7,7.0,6,0,0,0,0,0,36.0,0.0,0.0,0,0,6,0,1.0,3.1500000000000004
2,5,8.0,6,1,1,1,0,0,36.0,8.0,4.0,12,0,9,1,2.5,37.05
5,5,6.0,5,2,0,0,0,0,30.0,12.0,0.0,0,0,7,2,1.0,14.625
4,5,17.0,4,2,1,1,0,0,24.0,16.0,4.0,12,0,8,2,1.25,84.68125
7,5,6.0,4,2,1,0,0,0,24.0,12.0,4.0,0,0,7,2,0.7142857142857143,18.9
8,7,3.0,13,3,0,0,0,0,39.0,9.0,0.0,0,0,16,3,0.875,5.61
5,4,2.0,5,2,1,0,0,0,10.0,4.0,2.0,0,0,8,2,0.8,6.9
2,2,5.0,3,1,1,1,0,0,15.0,5.0,4.0,12,0,6,1,1.0,20.375
4,4,5.0,6,3,1,1,0,0,30.0,15.0,4.0,12,0,11,3,1.0,24.125000000000004
6,5,5.0,8,3,1,1,0,0,40.0,15.0,4.0,12,0,13,3,0.8333333333333334,31.625000000000004
2,1,4.0,3,1,1,0,0,0,12.0,4.0,4.0,0,0,5,1,0.5,8.280000000000001
6,5,5.0,9,5,1,1,0,0,45.0,25.0,4.0,12,0,16,5,0.8333333333333334,35.625
1,1,3.0,1,1,0,0,0,0,3.0,3.0,0.0,0,0,2,1,1.0,4.5
7,5,11.0,10,3,1,1,0,0,60.0,24.0,4.0,12,0,15,3,0.7142857142857143,54.0375
4,4,24.0,14,1,1,1,0,0,84.0,8.0,4.0,12,0,17,1,1.0,153.2325
6,3,1.0,4,0,0,0,0,0,4.0,0.0,0.0,0,0,4,0,0.5,4.2
3,5,3.0,5,2,1,1,0,0,15.0,6.0,3.0,12,0,9,2,1.6666666666666667,32.88
3,4,6.0,12,3,1,1,0,0,72.0,18.0,4.0,12,0,17,3,1.3333333333333333,49.0875
1,2,8.0,4,0,0,1,0,0,24.0,0.0,0.0,12,0,5,0,2.0,28.0
4,4,10.0,12,2,1,1,1,4,72.0,16.0,4.0,12,4,17,3,1.0,131.0625
3,6,11.0,15,6,2,1,1,4,90.0,48.0,8.0,12,4,25,7,2.0,153.2325
2,2,6.0,8,2,0,1,1,4,48.0,12.0,0.0,12,4,12,3,1.0,63.8625
5,3,10.0,14,2,1,1,1,4,84.0,16.0,4.0,12,4,19,3,0.6,122.3125
2,2,8.0,11,2,1,1,0,0,66.0,16.0,4.0,12,0,15,2,1.0,52.29999999999999
7,3,0.0,4,2,2,0,0,0,0.0,0.0,0.0,0,0,8,2,0.42857142857142855,15.81
4,3,4.0,2,1,1,0,0,0,8.0,4.0,4.0,0,0,4,1,0.75,4.44
7,3,6.0,3,2,1,0,0,0,18.0,12.0,4.0,0,0,6,2,0.42857142857142855,9.75
2,3,6.0,5,0,1,0,0,0,30.0,0.0,4.0,0,0,6,0,1.5,7.5
4,3,5.0,5,2,2,0,0,0,25.0,10.0,8.0,0,0,9,2,0.75,11.75
6,1,4.0,5,1,1,0,0,0,20.0,4.0,4.0,0,0,7,1,0.16666666666666666,3.84
4,3,7.0,5,2,2,0,0,0,30.0,14.0,8.0,0,0,9,2,0.75,23.012500000000003
7,3,8.0,6,2,2,0,0,0,36.0,16.0,8.0,0,0,10,2,0.42857142857142855,30.8
4,3,9.0,3,1,0,0,0,0,18.0,8.0,0.0,0,0,4,1,0.75,10.4625
4,3,10.0,3,1,0,0,0,0,18.0,8.0,0.0,0,0,4,1,0.75,8.687500000000002
13,6,0.0,5,0,0,0,0,0,0.0,0.0,0.0,0,0,5,0,0.46153846153846156,2.04
8,4,8.0,5,0,0,0,0,0,30.0,0.0,0.0,0,0,5,0,0.5,2.75
6,3,6.0,3,1,0,0,0,0,18.0,6.0,0.0,0,0,4,1,0.5,4.2
7,5,11.0,8,3,0,0,0,0,48.0,24.0,0.0,0,0,11,3,0.7142857142857143,29.493749999999995
24,8,7.0,4,0,0,0,0,0,24.0,0.0,0.0,0,0,4,0,0.3333333333333333,1.75
2,4,4.0,7,2,1,0,0,0,28.0,8.0,4.0,0,0,10,2,2.0,16.98
9,7,4.0,11,3,2,0,0,0,44.0,12.0,8.0,0,0,16,3,0.7777777777777778,11.1
20,8,12.0,12,0,0,0,0,0,72.0,0.0,0.0,0,0,12,0,0.4,21.9
7,3,2.0,7,2,0,0,0,0,14.0,4.0,0.0,0,0,9,2,0.42857142857142855,2.4000000000000004
11,6,12.0,6,0,0,0,0,0,36.0,0.0,0.0,0,0,6,0,0.5454545454545454,9.0
14,4,24.0,10,2,1,0,0,0,60.0,16.0,4.0,0,0,13,2,0.2857142857142857,110.4
6,6,12.0,17,5,1,1,0,0,102.0,40.0,4.0,12,0,24,5,1.0,95.925
2,2,7.0,7,2,2,1,0,0,42.0,14.0,8.0,12,0,12,2,1.0,36.44375
5,3,5.0,6,2,1,1,1,4,30.0,10.0,4.0,12,4,11,3,0.6,42.46875
2,2,4.0,5,2,1,1,1,4,20.0,8.0,4.0,12,4,10,3,1.0,49.92
5,2,5.0,5,2,0,1,0,0,25.0,10.0,0.0,12,0,8,2,0.4,18.937500000000004
2,2,5.0,1,2,1,1,0,0,5.0,10.0,4.0,12,0,5,2,1.0,22.156250000000004
10,3,24.0,6,2,2,1,0,0,36.0,16.0,8.0,12,0,11,2,0.3,144.0
6,2,5.0,4,2,1,0,0,0,20.0,10.0,4.0,0,0,7,2,0.3333333333333333,6.21875
3,2,4.0,3,2,1,1,0,0,12.0,8.0,4.0,12,0,7,2,0.6666666666666666,16.86
6,4,2.0,8,4,1,1,0,0,16.0,8.0,2.0,12,0,14,4,0.6666666666666666,15.96
2,2,5.0,3,1,1,0,0,0,15.0,5.0,4.0,0,0,5,1,1.0,5.437500000000001
5,3,4.0,5,3,1,1,0,0,20.0,12.0,4.0,12,0,10,3,0.6,18.84
5,5,5.0,12,3,1,1,0,0,60.0,15.0,4.0,12,0,17,3,1.0,22.875000000000004
1,1,0.0,2,1,0,0,0,0,0.0,0.0,0.0,0,0,3,1,1.0,1.4400000000000002
5,3,6.0,5,2,1,1,0,0,30.0,12.0,4.0,12,0,9,2,0.6,24.3
4,5,6.0,6,4,1,1,0,0,36.0,24.0,4.0,12,0,12,4,1.25,26.55
5,1,0.0,4,1,0,0,0,0,0.0,0.0,0.0,0,0,5,1,0.2,5.7
5,3,0.0,4,1,0,0,0,0,0.0,0.0,0.0,0,0,5,1,0.6,4.98
6,1,0.0,5,1,0,0,0,0,0.0,0.0,0.0,0,0,6,1,0.16666666666666666,5.94
5,1,4.0,6,2,1,0,0,0,24.0,8.0,4.0,0,0,9,2,0.2,8.34
7,4,5.0,5,2,1,0,0,0,25.0,10.0,4.0,0,0,8,2,0.5714285714285714,8.5
6,4,0.0,5,1,0,0,0,0,0.0,0.0,0.0,0,0,6,1,0.6666666666666666,4.02
5,3,6.0,6,2,1,0,0,0,36.0,12.0,4.0,0,0,9,2,0.6,12.9
6,4,0.0,6,1,0,0,0,0,0.0,0.0,0.0,0,0,7,1,0.6666666666666666,7.38
1,2,12.0,12,2,2,1,1,4,72.0,16.0,8.0,12,4,18,3,2.0,130.65
3,4,10.0,5,2,2,1,1,4,30.0,16.0,8.0,12,4,11,3,1.3333333333333333,98.125
8,1,8.0,3,1,1,0,0,0,18.0,8.0,4.0,0,0,5,1,0.125,13.2
3,1,8.0,6,1,1,1,0,0,36.0,8.0,4.0,12,0,9,1,0.3333333333333333,31.0
3,2,9.0,3,2,2,1,1,4,18.0,16.0,8.0,12,4,9,3,0.6666666666666666,77.73750000000001
8,5,6.0,10,3,1,1,0,0,60.0,18.0,4.0,12,0,15,3,0.625,41.775
5,6,6.0,5,1,1,0,0,0,30.0,6.0,4.0,0,0,7,1,1.2,11.775
9,10,9.0,12,1,2,1,0,0,72.0,8.0,8.0,12,0,16,1,1.1111111111111112,63.22500000000001
7,5,6.0,6,4,1,0,0,0,36.0,24.0,4.0,0,0,11,4,0.7142857142857143,21.975
6,5,8.0,5,1,1,1,0,0,30.0,8.0,4.0,12,0,8,1,0.8333333333333334,42.39999999999999
5,5,8.0,3,2,1,1,0,0,18.0,16.0,4.0,12,0,7,2,1.0,46.2
9,7,0.0,2,0,0,0,0,0,0.0,0.0,0.0,0,0,2,0,0.7777777777777778,0.0
8,6,0.0,0,0,0,0,0,0,0.0,0.0,0.0,0,0,0,0,0.75,0.0
4,7,12.0,2,1,1,0,0,0,12.0,8.0,4.0,0,0,4,1,1.75,7.8
19,12,0.0,6,2,1,0,0,0,0.0,0.0,0.0,0,0,9,2,0.631578947368421,0.0
12,5,0.0,3,0,0,0,0,0,0.0,0.0,0.0,0,0,3,0,0.4166666666666667,0.0
9,7,0.0,4,0,0,0,0,0,0.0,0.0,0.0,0,0,4,0,0.7777777777777778,0.0
16,20,0.0,7,0,0,0,0,0,0.0,0.0,0.0,0,0,7,0,1.25,0.0
16,6,0.0,7,0,0,0,0,0,0.0,0.0,0.0,0,0,7,0,0.375,0.0
7,6,7.0,8,1,1,0,0,0,48.0,7.0,4.0,0,0,10,1,0.8571428571428571,8.75
6,4,0.0,4,0,0,0,0,0,0.0,0.0,0.0,0,0,4,0,0.6666666666666666,0.0
10,5,12.0,7,0,1,0,0,0,42.0,0.0,4.0,0,0,8,0,0.5,15.75
13,3,7.0,4,0,0,0,0,0,24.0,0.0,0.0,0,0,4,0,0.23076923076923078,0.0
7,3,8.0,6,3,1,0,0,0,36.0,24.0,4.0,0,0,10,3,0.42857142857142855,22.1
12,12,2.0,9,5,4,1,0,0,18.0,10.0,8.0,12,0,19,5,1.0,31.74
4,3,2.0,5,3,2,1,0,0,10.0,6.0,4.0,12,0,11,3,0.75,38.34
7,2,10.0,4,0,1,0,0,0,24.0,0.0,4.0,0,0,5,0,0.2857142857142857,6.625
6,4,7.0,6,4,2,1,0,0,36.0,28.0,8.0,12,0,13,4,0.6666666666666666,55.34375
9,6,14.0,6,3,0,1,0,0,36.0,24.0,0.0,12,0,10,3,0.6666666666666666,77.35000000000002
13,6,4.0,5,1,1,1,0,0,20.0,4.0,4.0,12,0,8,1,0.46153846153846156,22.32
8,4,11.0,6,2,1,1,0,0,36.0,16.0,4.0,12,0,10,2,0.5,47.85
13,6,4.0,6,1,0,1,0,0,24.0,4.0,0.0,12,0,8,1,0.46153846153846156,19.02
10,8,9.0,10,2,0,0,0,0,60.0,16.0,0.0,0,0,12,2,0.8,23.625
10,6,9.0,8,0,1,0,0,0,48.0,0.0,4.0,0,0,9,0,0.6,8.04375
3,3,10.0,5,0,0,0,0,0,30.0,0.0,0.0,0,0,5,0,1.0,6.0
3,3,7.0,4,0,0,0,0,0,24.0,0.0,0.0,0,0,4,0,1.0,3.0625
2,2,11.0,3,0,0,0,0,0,18.0,0.0,0.0,0,0,3,0,1.0,3.85
10,8,3.0,6,0,0,0,0,0,18.0,0.0,0.0,0,0,6,0,0.8,2.4600000000000004
13,8,4.0,6,1,0,1,0,0,24.0,4.0,0.0,12,0,8,1,0.6153846153846154,18.84
4,3,6.0,5,2,0,0,0,0,30.0,12.0,0.0,0,0,7,2,0.75,10.8
11,6,8.0,6,0,0,0,0,0,36.0,0.0,0.0,0,0,6,0,0.5454545454545454,6.4
4,3,11.0,10,2,1,0,0,0,60.0,16.0,4.0,0,0,13,2,0.75,37.400000000000006
11,5,7.0,4,3,0,0,0,0,24.0,21.0,0.0,0,0,7,3,0.45454545454545453,36.44375
9,7,8.0,3,2,0,1,0,0,18.0,16.0,0.0,12,0,6,2,0.7777777777777778,38.0
10,4,11.0,5,3,0,0,0,0,30.0,24.0,0.0,0,0,8,3,0.4,35.54375
7,5,11.0,4,2,0,0,0,0,24.0,16.0,0.0,0,0,6,2,0.7142857142857143,20.4875
7,4,12.0,5,2,0,1,0,0,30.0,16.0,0.0,12,0,8,2,0.5714285714285714,54.6
6,4,0.0,5,1,0,0,0,0,0.0,0.0,0.0,0,0,6,1,0.6666666666666666,4.260000000000001
11,6,0.0,7,0,0,0,0,0,0.0,0.0,0.0,0,0,7,0,0.5454545454545454,3.3000000000000003
8,6,6.0,8,0,0,0,0,0,48.0,0.0,0.0,0,0,8,0,0.75,6.525
7,4,11.0,6,0,0,0,0,0,36.0,0.0,0.0,0,0,6,0,0.5714285714285714,4.5375
11,8,10.0,11,0,0,0,0,0,66.0,0.0,0.0,0,0,11,0,0.7272727272727273,11.375
12,8,0.0,6,0,0,0,0,0,0.0,0.0,0.0,0,0,6,0,0.6666666666666666,3.3000000000000003
12,8,0.0,6,0,0,0,0,0,0.0,0.0,0.0,0,0,6,0,0.6666666666666666,2.8800000000000003
12,8,0.0,6,0,0,0,0,0,0.0,0.0,0.0,0,0,6,0,0.6666666666666666,2.4600000000000004
10,8,0.0,5,0,0,0,0,0,0.0,0.0,0.0,0,0,5,0,0.8,2.04
5,2,5.0,4,0,1,0,0,0,20.0,0.0,4.0,0,0,5,0,0.4,9.562500000000002
7,3,3.0,4,2,1,0,0,0,12.0,6.0,3.0,0,0,7,2,0.42857142857142855,5.58
19,7,5.0,10,3,1,1,0,0,50.0,15.0,4.0,12,0,15,3,0.3684210526315789,30.218750000000004
18,6,0.0,2,0,0,0,0,0,0.0,0.0,0.0,0,0,2,0,0.3333333333333333,0.96
4,3,0.0,5,0,0,0,0,0,0.0,0.0,0.0,0,0,5,0,0.75,1.4400000000000002
9,4,0.0,3,0,0,0,0,0,0.0,0.0,0.0,0,0,3,0,0.4444444444444444,1.2000000000000002
4,2,0.0,5,2,0,0,0,0,0.0,0.0,0.0,0,0,7,2,0.5,4.319999999999999
6,3,0.0,4,0,0,0,0,0,0.0,0.0,0.0,0,0,4,0,0.5,1.38
13,6,0.0,5,0,0,0,0,0,0.0,0.0,0.0,0,0,5,0,0.46153846153846156,1.6800000000000002
9,5,0.0,5,0,0,0,0,0,0.0,0.0,0.0,0,0,5,0,0.5555555555555556,1.8600000000000003
13,5,0.0,3,0,0,0,0,0,0.0,0.0,0.0,0,0,3,0,0.38461538461538464,1.2000000000000002
4,3,0.0,5,0,0,0,0,0,0.0,0.0,0.0,0,0,5,0,0.75,0.0
5,3,5.0,5,2,1,0,0,0,25.0,10.0,4.0,0,0,8,2,0.6,9.6875
6,2,0.0,3,0,0,0,0,0,0.0,0.0,0.0,0,0,3,0,0.3333333333333333,0.0
17,10,12.0,10,0,0,0,0,0,60.0,0.0,0.0,0,0,10,0,0.5882352941176471,13.95
22,11,14.0,16,0,1,1,0,0,96.0,0.0,4.0,12,0,18,0,0.5,77.2625
12,6,4.0,9,4,0,1,0,0,36.0,16.0,0.0,12,0,14,4,0.5,20.16
10,5,3.0,12,6,2,1,0,0,36.0,18.0,6.0,12,0,21,6,0.5,55.2
4,10,5.0,4,0,1,1,0,0,20.0,0.0,4.0,12,0,6,0,2.5,21.1875
8,6,2.0,16,4,2,0,0,0,32.0,8.0,4.0,0,0,22,4,0.75,37.92
4,4,4.0,15,4,0,0,0,0,60.0,16.0,0.0,0,0,19,4,1.0,26.28
7,5,5.0,16,3,0,0,0,0,80.0,15.0,0.0,0,0,19,3,0.7142857142857143,14.500000000000002
6,4,6.0,18,4,1,1,0,0,108.0,24.0,4.0,12,0,24,4,0.6666666666666666,35.7
9,5,7.0,14,3,3,1,0,0,84.0,21.0,12.0,12,0,21,3,0.5555555555555556,50.225
7,8,4.0,23,4,3,1,0,0,92.0,16.0,12.0,12,0,31,4,1.1428571428571428,39.48
8,3,3.0,9,2,1,0,0,0,27.0,6.0,3.0,0,0,12,2,0.375,12.54
7,2,6.0,4,1,1,0,0,0,24.0,6.0,4.0,0,0,6,1,0.2857142857142857,8.7
8,4,5.0,15,4,1,1,0,0,75.0,20.0,4.0,12,0,21,4,0.5,31.625000000000004
2,3,0.0,6,2,1,0,0,0,0.0,0.0,0.0,0,0,9,2,1.5,6.9
2,2,6.0,5,1,0,1,0,0,30.0,6.0,0.0,12,0,7,1,1.0,19.05
3,3,4.0,6,3,1,1,0,0,24.0,12.0,4.0,12,0,11,3,1.0,28.68
2,1,0.0,4,2,1,1,0,0,0.0,0.0,0.0,12,0,8,2,0.5,20.82
2,3,24.0,4,1,1,0,0,0,24.0,8.0,4.0,0,0,6,1,1.5,52.2
5,4,4.0,6,1,1,1,0,0,24.0,4.0,4.0,12,0,9,1,0.8,18.24
3,2,5.0,4,2,1,1,0,0,20.0,10.0,4.0,12,0,8,2,0.6666666666666666,23.71875
6,4,12.0,8,2,1,1,0,0,48.0,16.0,4.0,12,0,12,2,0.6666666666666666,78.6
7,4,12.0,8,3,1,1,0,0,48.0,24.0,4.0,12,0,13,3,0.5714285714285714,92.475
6,4,12.0,12,3,2,1,0,0,72.0,24.0,8.0,12,0,18,3,0.6666666666666666,136.125
1,1,12.0,4,1,1,1,0,0,24.0,8.0,4.0,12,0,7,1,1.0,51.225
1,1,12.0,2,1,1,1,0,0,12.0,8.0,4.0,12,0,5,1,1.0,51.9
3,2,12.0,6,2,1,1,0,0,36.0,16.0,4.0,12,0,10,2,0.6666666666666666,91.2
7,4,12.0,9,2,1,0,1,4,54.0,16.0,4.0,0,4,13,3,0.5714285714285714,114.675
7,6,12.0,20,3,2,1,0,0,120.0,24.0,8.0,12,0,26,3,0.8571428571428571,139.64999999999998
5,5,12.0,20,3,1,1,0,0,120.0,24.0,4.0,12,0,25,3,1.0,103.8
5,3,12.0,8,2,1,1,0,0,48.0,16.0,4.0,12,0,12,2,0.6,79.5
1,2,12.0,2,1,0,1,0,0,12.0,8.0,0.0,12,0,4,1,2.0,43.2
6,6,11.0,8,1,1,0,0,0,48.0,8.0,4.0,0,0,10,1,1.0,32.45
10,4,3.0,16,5,1,0,0,0,48.0,15.0,3.0,0,0,22,5,0.4,14.580000000000002
2,3,0.0,4,2,1,0,0,0,0.0,0.0,0.0,0,0,7,2,1.5,0.0
3,5,1.0,4,0,0,0,0,0,4.0,0.0,0.0,0,0,4,0,1.6666666666666667,0.0
8,7,1.0,4,0,0,0,0,0,4.0,0.0,0.0,0,0,4,0,0.875,0.48
9,6,0.0,4,0,0,0,0,0,0.0,0.0,0.0,0,0,4,0,0.6666666666666666,0.0
6,3,1.0,3,0,0,0,0,0,3.0,0.0,0.0,0,0,3,0,0.5,0.42
16,6,4.0,20,4,1,1,0,0,80.0,16.0,4.0,12,0,26,4,0.375,24.48
6,5,24.0,5,2,1,1,0,0,30.0,16.0,4.0,12,0,9,2,0.8333333333333334,128.4
1,2,5.0,2,1,0,1,0,0,10.0,5.0,0.0,12,0,4,1,2.0,14.34375
2,2,8.0,6,2,1,1,0,0,36.0,16.0,4.0,12,0,10,2,1.0,37.8
7,4,0.0,8,3,1,1,0,0,0.0,0.0,0.0,12,0,13,3,0.5714285714285714,27.960000000000004
3,2,4.0,4,0,0,0,0,0,16.0,0.0,0.0,0,0,4,0,0.6666666666666666,1.1700000000000002
9,10,5.0,7,1,1,0,0,0,35.0,5.0,4.0,0,0,9,1,1.1111111111111112,10.718750000000002
2,2,24.0,5,2,1,0,0,0,30.0,16.0,4.0,0,0,8,2,1.0,71.4
2,2,5.0,3,2,1,1,0,0,15.0,10.0,4.0,12,0,7,2,1.0,16.125000000000004
8,3,11.0,8,3,1,1,0,0,48.0,24.0,4.0,12,0,13,3,0.375,60.98125
5,5,10.0,5,2,0,0,0,0,30.0,16.0,0.0,0,0,7,2,1.0,14.5
5,2,12.0,5,1,0,0,0,0,30.0,8.0,0.0,0,0,6,1,0.4,8.175
3,1,9.0,3,1,0,1,0,0,18.0,8.0,0.0,12,0,5,1,0.3333333333333333,27.1125
4,2,8.0,4,2,1,0,0,0,24.0,16.0,4.0,0,0,7,2,0.5,13.4
5,1,8.0,6,2,1,1,0,0,36.0,16.0,4.0,12,0,10,2,0.2,33.0
3,5,8.0,14,5,1,1,0,0,84.0,40.0,4.0,12,0,21,5,1.6666666666666667,79.7
4,4,10.0,16,2,1,1,1,4,96.0,16.0,4.0,12,4,21,3,1.0,129.62500000000003
6,4,18.0,8,3,1,1,0,0,48.0,24.0,4.0,12,0,13,3,0.6666666666666666,153.2325
18,8,0.0,15,3,3,1,0,0,0.0,0.0,0.0,12,0,22,3,0.4444444444444444,31.32
5,3,24.0,5,2,1,1,0,0,30.0,16.0,4.0,12,0,9,2,0.6,132.0
7,4,3.0,6,2,2,0,0,0,18.0,6.0,6.0,0,0,10,2,0.5714285714285714,14.1
3,1,6.0,1,1,1,1,0,0,6.0,6.0,4.0,12,0,4,1,0.3333333333333333,25.5375
5,4,4.0,6,0,0,0,0,0,24.0,0.0,0.0,0,0,6,0,0.8,2.8800000000000003
5,3,0.0,5,3,0,0,0,0,0.0,0.0,0.0,0,0,8,3,0.6,0.0
10,5,0.0,7,0,0,0,0,0,0.0,0.0,0.0,0,0,7,0,0.5,3.48
10,3,0.0,5,0,0,0,0,0,0.0,0.0,0.0,0,0,5,0,0.3,2.4000000000000004
6,3,11.0,6,1,2,1,0,0,36.0,8.0,8.0,12,0,10,1,0.5,58.98749999999999
16,6,2.0,7,0,0,0,0,0,14.0,0.0,0.0,0,0,7,0,0.375,0.8400000000000001
10,5,5.0,15,5,1,0,0,0,75.0,25.0,4.0,0,0,21,5,0.5,23.5
7,7,8.0,12,3,3,1,1,4,72.0,24.0,12.0,12,4,20,4,1.0,111.4
6,4,7.0,11,5,1,1,0,0,66.0,35.0,4.0,12,0,18,5,0.6666666666666666,42.83125
6,4,4.0,11,5,1,1,0,0,44.0,20.0,4.0,12,0,18,5,0.6666666666666666,29.37
5,5,10.0,9,3,1,1,0,0,54.0,24.0,4.0,12,0,14,3,1.0,54.5625
10,7,12.0,10,3,1,1,1,4,60.0,24.0,4.0,12,4,16,4,0.7,153.2325
6,5,24.0,12,3,2,1,1,4,72.0,24.0,8.0,12,4,19,4,0.8333333333333334,153.2325
6,5,24.0,8,3,2,1,1,4,48.0,24.0,8.0,12,4,15,4,0.8333333333333334,153.2325
7,5,24.0,7,4,2,1,1,4,42.0,32.0,8.0,12,4,15,5,0.7142857142857143,153.2325
8,5,24.0,10,4,2,1,1,4,60.0,32.0,8.0,12,4,18,5,0.625,153.2325
6,5,24.0,10,4,1,1,1,4,60.0,32.0,4.0,12,4,17,5,0.8333333333333334,153.2325
4,5,24.0,8,2,1,1,1,4,48.0,16.0,4.0,12,4,13,3,1.25,153.2325
4,5,24.0,9,2,1,1,0,0,54.0,16.0,4.0,12,0,13,2,1.25,153.2325
6,5,24.0,8,4,2,1,1,4,48.0,32.0,8.0,12,4,16,5,0.8333333333333334,153.2325
4,4,12.0,6,0,0,0,0,0,36.0,0.0,0.0,0,0,6,0,1.0,9.0
4,5,0.0,7,0,0,0,0,0,0.0,0.0,0.0,0,0,7,0,1.25,0.0
6,3,12.0,6,0,0,0,0,0,36.0,0.0,0.0,0,0,6,0,0.5,11.7
5,6,0.0,10,0,0,0,0,0,0.0,0.0,0.0,0,0,10,0,1.2,0.0
6,6,0.0,8,0,0,0,0,0,0.0,0.0,0.0,0,0,8,0,1.0,0.0
8,6,0.0,4,0,0,0,0,0,0.0,0.0,0.0,0,0,4,0,0.75,0.0
11,8,0.0,3,0,0,0,0,0,0.0,0.0,0.0,0,0,3,0,0.7272727272727273,0.0
12,10,0.0,10,0,0,0,0,0,0.0,0.0,0.0,0,0,10,0,0.8333333333333334,0.0
7,7,0.0,8,0,0,0,0,0,0.0,0.0,0.0,0,0,8,0,1.0,0.0
5,7,0.0,8,1,1,0,0,0,0.0,0.0,0.0,0,0,10,1,1.4,0.0
5,6,0.0,10,0,0,0,0,0,0.0,0.0,0.0,0,0,10,0,1.2,0.48
9,4,12.0,8,1,1,0,0,0,48.0,8.0,4.0,0,0,10,1,0.4444444444444444,1.2
6,7,0.0,11,0,0,0,0,0,0.0,0.0,0.0,0,0,11,0,1.1666666666666667,0.3
6,4,0.0,3,0,0,0,0,0,0.0,0.0,0.0,0,0,3,0,0.6666666666666666,0.0
6,5,0.0,7,1,1,0,0,0,0.0,0.0,0.0,0,0,9,1,0.8333333333333334,0.24
7,4,22.0,2,0,1,0,0,0,12.0,0.0,4.0,0,0,3,0,0.5714285714285714,21.175
38,12,0.0,15,0,0,0,0,0,0.0,0.0,0.0,0,0,15,0,0.3157894736842105,0.0
14,10,5.0,10,2,3,0,0,0,50.0,10.0,12.0,0,0,15,2,0.7142857142857143,16.25
5,4,0.0,0,0,0,0,0,0,0.0,0.0,0.0,0,0,0,0,0.8,0.0
13,5,0.0,0,0,0,0,0,0,0.0,0.0,0.0,0,0,0,0,0.38461538461538464,0.0
6,6,4.0,13,1,1,0,0,0,52.0,4.0,4.0,0,0,15,1,1.0,8.070000000000002
7,13,24.0,7,0,0,0,0,0,42.0,0.0,0.0,0,0,7,0,1.8571428571428572,18.0
4,6,9.0,8,0,0,0,0,0,48.0,0.0,0.0,0,0,8,0,1.5,6.356249999999999
8,6,0.0,0,0,0,0,0,0,0.0,0.0,0.0,0,0,0,0,0.75,0.06
14,20,0.0,0,0,0,0,0,0,0.0,0.0,0.0,0,0,0,0,1.4285714285714286,0.81
8,3,6.0,3,1,1,0,0,0,18.0,6.0,4.0,0,0,5,1,0.375,9.1875
10,6,7.0,8,0,0,0,0,0,48.0,0.0,0.0,0,0,8,0,0.6,4.6375
3,4,12.0,6,0,2,0,0,0,36.0,0.0,8.0,0,0,8,0,1.3333333333333333,28.8
7,4,12.0,5,0,0,0,0,0,30.0,0.0,0.0,0,0,5,0,0.5714285714285714,9.0
12,6,0.0,9,0,0,0,0,0,0.0,0.0,0.0,0,0,9,0,0.5,0.0
16,6,0.0,10,0,0,0,0,0,0.0,0.0,0.0,0,0,10,0,0.375,0.0
11,4,0.0,4,0,0,0,0,0,0.0,0.0,0.0,0,0,4,0,0.36363636363636365,0.0
14,6,0.0,8,0,0,0,0,0,0.0,0.0,0.0,0,0,8,0,0.42857142857142855,0.0
9,6,4.0,15,4,3,1,0,0,60.0,16.0,12.0,12,0,23,4,0.6666666666666666,47.97
9,3,0.0,4,0,0,0,0,0,0.0,0.0,0.0,0,0,4,0,0.3333333333333333,0.0
4,6,6.0,8,6,1,1,0,0,48.0,36.0,4.0,12,0,16,6,1.5,44.7
7,4,5.0,6,0,0,0,0,0,30.0,0.0,0.0,0,0,6,0,0.5714285714285714,3.28125
3,3,7.0,5,0,0,0,0,0,30.0,0.0,0.0,0,0,5,0,1.0,4.2875
1,2,7.0,3,1,0,0,0,0,18.0,7.0,0.0,0,0,4,1,2.0,5.8187500000000005
5,3,7.0,6,0,0,0,0,0,36.0,0.0,0.0,0,0,6,0,0.6,4.9
6,7,9.0,6,2,1,0,0,0,36.0,16.0,4.0,0,0,9,2,1.1666666666666667,32.625
8,4,17.0,3,1,0,0,0,0,18.0,8.0,0.0,0,0,4,1,0.5,18.16875
6,5,11.0,3,0,0,0,0,0,18.0,0.0,0.0,0,0,3,0,0.8333333333333334,3.50625
10,9,12.0,17,7,2,1,1,4,102.0,56.0,8.0,12,4,28,8,0.9,153.2325
6,7,12.0,5,2,0,0,0,0,30.0,16.0,0.0,0,0,7,2,1.1666666666666667,33.9
3,5,13.0,6,2,1,1,0,0,36.0,16.0,4.0,12,0,10,2,1.6666666666666667,77.67499999999998
2,4,13.0,5,1,0,0,0,0,30.0,8.0,0.0,0,0,6,1,2.0,10.075
7,5,13.0,4,0,0,0,0,0,24.0,0.0,0.0,0,0,4,0,0.7142857142857143,4.387499999999999
5,3,8.0,6,0,0,0,0,0,36.0,0.0,0.0,0,0,6,0,0.6,10.2
28,25,11.0,40,10,3,1,0,0,240.0,80.0,12.0,12,0,54,10,0.8928571428571429,153.2325
13,8,13.0,2,2,0,0,0,0,12.0,16.0,0.0,0,0,4,2,0.6153846153846154,21.775
3,5,16.0,3,2,1,0,0,0,18.0,16.0,4.0,0,0,6,2,1.6666666666666667,51.69999999999999
12,9,8.0,17,3,2,0,0,0,102.0,24.0,8.0,0,0,22,3,0.75,28.6
18,7,12.0,11,2,2,0,0,0,66.0,16.0,8.0,0,0,15,2,0.3888888888888889,37.35
12,6,12.0,12,6,2,1,0,0,72.0,48.0,8.0,12,0,21,6,0.5,84.3
9,5,6.0,10,2,0,0,0,0,60.0,12.0,0.0,0,0,12,2,0.5555555555555556,8.4
5,4,7.0,6,2,0,0,0,0,36.0,14.0,0.0,0,0,8,2,0.8,6.65
13,9,12.0,12,0,0,0,0,0,72.0,0.0,0.0,0,0,12,0,0.6923076923076923,20.175
3,3,12.0,5,0,2,0,0,0,30.0,0.0,8.0,0,0,7,0,1.0,26.1
9,11,6.0,4,3,1,0,0,0,24.0,18.0,4.0,0,0,8,3,1.2222222222222223,21.075000000000003
10,8,16.0,12,4,2,0,0,0,72.0,32.0,8.0,0,0,18,4,0.8,128.8
14,9,6.0,4,2,1,1,0,0,24.0,12.0,4.0,12,0,8,2,0.6428571428571429,30.000000000000004
18,18,20.0,14,5,0,1,0,0,84.0,40.0,0.0,12,0,20,5,1.0,153.2325
4,6,20.0,5,1,1,0,0,0,30.0,8.0,4.0,0,0,7,1,1.5,50.5
6,2,7.0,5,2,1,1,0,0,30.0,14.0,4.0,12,0,9,2,0.3333333333333333,29.925
2,1,7.0,2,0,0,0,0,0,12.0,0.0,0.0,0,0,2,0,0.5,0.7875000000000001
4,2,10.0,3,1,1,0,0,0,18.0,8.0,4.0,0,0,5,1,0.5,16.750000000000004
11,4,10.0,13,4,1,1,0,0,78.0,32.0,4.0,12,0,19,4,0.36363636363636365,47.125
57,30,10.0,16,12,8,1,0,0,96.0,96.0,32.0,12,0,37,12,0.5263157894736842,99.875
8,2,7.0,2,1,0,1,0,0,12.0,7.0,0.0,12,0,4,1,0.25,17.80625
10,4,3.0,8,3,1,0,0,0,24.0,9.0,3.0,0,0,12,3,0.4,21.36
14,3,1.0,5,2,1,0,0,0,5.0,2.0,1.0,0,0,8,2,0.21428571428571427,8.219999999999999
49,20,11.0,27,7,6,1,0,0,162.0,56.0,24.0,12,0,41,7,0.40816326530612246,101.0625
4,2,5.0,2,0,0,0,0,0,10.0,0.0,0.0,0,0,2,0,0.5,1.1875
8,8,15.0,7,0,0,0,0,0,42.0,0.0,0.0,0,0,7,0,1.0,9.0
11,8,16.0,7,0,0,0,0,0,42.0,0.0,0.0,0,0,7,0,0.7272727272727273,12.000000000000002
4,4,16.0,5,0,0,0,0,0,30.0,0.0,0.0,0,0,5,0,1.0,7.0
9,6,12.0,4,0,0,0,0,0,24.0,0.0,0.0,0,0,4,0,0.6666666666666666,3.3
8,4,14.0,6,0,0,1,0,0,36.0,0.0,0.0,12,0,7,0,0.5,46.55
20,6,5.0,7,1,0,0,0,0,35.0,5.0,0.0,0,0,8,1,0.3,11.5625
7,5,4.0,5,2,1,0,0,0,20.0,8.0,4.0,0,0,8,2,0.7142857142857143,9.6
9,5,9.0,6,3,0,1,0,0,36.0,24.0,0.0,12,0,10,3,0.5555555555555556,46.06875
10,8,5.0,8,5,0,0,0,0,40.0,25.0,0.0,0,0,13,5,0.8,18.28125
4,14,6.0,10,3,1,1,0,0,60.0,18.0,4.0,12,0,15,3,3.5,32.175
5,4,4.0,10,4,0,1,0,0,40.0,16.0,0.0,12,0,15,4,0.8,24.15
5,4,5.0,8,3,2,1,0,0,40.0,15.0,8.0,12,0,14,3,0.8,23.28125
8,4,5.0,9,3,0,1,0,0,45.0,15.0,0.0,12,0,13,3,0.5,21.09375
25,6,8.0,7,0,0,0,0,0,42.0,0.0,0.0,0,0,7,0,0.24,4.6
17,6,10.0,10,0,0,0,0,0,60.0,0.0,0.0,0,0,10,0,0.35294117647058826,8.5625
4,3,10.0,5,2,0,0,0,0,30.0,16.0,0.0,0,0,7,2,0.75,9.5
4,2,10.0,5,2,0,0,0,0,30.0,16.0,0.0,0,0,7,2,0.5,16.5
3,2,10.0,3,2,0,0,0,0,18.0,16.0,0.0,0,0,5,2,0.6666666666666666,12.750000000000002
7,3,10.0,6,0,0,0,0,0,36.0,0.0,0.0,0,0,6,0,0.42857142857142855,6.500000000000001
5,5,10.0,5,3,0,0,0,0,30.0,24.0,0.0,0,0,8,3,1.0,21.625
19,5,10.0,6,1,0,0,0,0,36.0,8.0,0.0,0,0,7,1,0.2631578947368421,11.375000000000002
4,1,16.0,8,4,1,0,0,0,48.0,32.0,4.0,0,0,13,4,0.25,117.0
5,3,15.0,4,1,1,0,0,0,24.0,8.0,4.0,0,0,6,1,0.6,30.0
6,5,15.0,8,3,1,1,0,0,48.0,24.0,4.0,12,0,13,3,0.8333333333333334,111.0
6,5,15.0,6,2,1,1,0,0,36.0,16.0,4.0,12,0,10,2,0.8333333333333334,92.625
10,8,15.0,12,4,3,1,0,0,72.0,32.0,12.0,12,0,20,4,0.8,153.2325
3,8,15.0,12,2,1,1,0,0,72.0,16.0,4.0,12,0,16,2,2.6666666666666665,105.375
6,4,15.0,8,3,1,1,0,0,48.0,24.0,4.0,12,0,13,3,0.6666666666666666,112.125
3,4,15.0,6,2,1,1,0,0,36.0,16.0,4.0,12,0,10,2,1.3333333333333333,91.78125
8,6,15.0,9,2,1,1,0,0,54.0,16.0,4.0,12,0,13,2,0.75,90.65625
7,4,15.0,8,2,1,1,0,0,48.0,16.0,4.0,12,0,12,2,0.5714285714285714,102.375
8,4,15.0,7,1,1,1,0,0,42.0,8.0,4.0,12,0,10,1,0.5,89.625
6,4,15.0,12,2,0,1,0,0,72.0,16.0,0.0,12,0,15,2,0.6666666666666666,94.125
5,3,15.0,4,1,0,0,0,0,24.0,8.0,0.0,0,0,5,1,0.6,13.125
5,3,15.0,3,1,1,0,0,0,18.0,8.0,4.0,0,0,5,1,0.6,43.3125
1,1,15.0,2,1,1,1,0,0,12.0,8.0,4.0,12,0,5,1,1.0,65.90625
4,2,15.0,4,1,1,1,0,0,24.0,8.0,4.0,12,0,7,1,0.5,78.9375
5,1,8.0,6,2,1,1,0,0,36.0,16.0,4.0,12,0,10,2,0.2,33.0
5,6,16.0,12,5,2,1,0,0,72.0,40.0,8.0,12,0,20,5,1.2,153.2325
6,3,12.0,5,2,1,1,0,0,30.0,16.0,4.0,12,0,9,2,0.5,84.225
6,25,10.0,10,3,1,1,1,4,60.0,24.0,4.0,12,4,16,4,4.166666666666667,153.2325
4,6,7.0,7,2,1,1,0,0,42.0,14.0,4.0,12,0,11,2,1.5,57.75000000000001
10,5,10.0,4,2,0,0,0,0,24.0,16.0,0.0,0,0,6,2,0.5,42.25000000000001
10,6,10.0,5,0,0,1,0,0,30.0,0.0,0.0,12,0,6,0,0.6,47.75
12,7,10.0,5,1,0,0,0,0,30.0,8.0,0.0,0,0,6,1,0.5833333333333334,11.750000000000002
10,7,10.0,5,1,0,0,0,0,30.0,8.0,0.0,0,0,6,1,0.7,31.5
8,6,10.0,6,2,0,1,0,0,36.0,16.0,0.0,12,0,9,2,0.75,59.25
7,6,10.0,4,2,0,1,0,0,24.0,16.0,0.0,12,0,7,2,0.8571428571428571,56.875
9,7,10.0,4,2,0,1,0,0,24.0,16.0,0.0,12,0,7,2,0.7777777777777778,56.875
10,6,0.0,8,6,2,0,0,0,0.0,0.0,0.0,0,0,16,6,0.6,24.72
9,5,6.0,3,2,1,1,0,0,18.0,12.0,4.0,12,0,7,2,0.5555555555555556,21.45
2,2,0.0,4,2,1,1,0,0,0.0,0.0,0.0,12,0,8,2,1.0,18.24
2,2,2.0,4,2,1,1,0,0,8.0,4.0,2.0,12,0,8,2,1.0,18.84
5,5,24.0,10,3,2,1,0,0,60.0,24.0,8.0,12,0,16,3,1.0,114.9
3,3,7.0,10,3,2,1,0,0,60.0,21.0,8.0,12,0,16,3,1.0,52.587500000000006
2,2,0.0,7,2,1,1,0,0,0.0,0.0,0.0,12,0,11,2,1.0,18.0
4,4,5.0,5,3,2,1,0,0,25.0,15.0,8.0,12,0,11,3,1.0,34.875
8,6,10.0,25,6,3,1,1,4,150.0,48.0,12.0,12,4,36,7,0.75,153.2325
4,10,19.0,8,1,1,1,0,0,48.0,8.0,4.0,12,0,11,1,2.5,118.5125
11,6,22.0,8,1,1,0,0,0,48.0,8.0,4.0,0,0,10,1,0.5454545454545454,103.95
13,12,20.0,15,5,1,1,0,0,90.0,40.0,4.0,12,0,22,5,0.9230769230769231,153.2325
4,8,23.0,4,1,1,0,0,0,24.0,8.0,4.0,0,0,6,1,2.0,68.1375
14,16,20.0,22,15,0,1,0,0,132.0,120.0,0.0,12,0,38,15,1.1428571428571428,153.2325
4,3,21.0,4,1,1,0,0,0,24.0,8.0,4.0,0,0,6,1,0.75,63.78750000000001
5,4,23.0,5,0,0,0,0,0,30.0,0.0,0.0,0,0,5,0,0.8,23.575000000000003
9,5,15.0,8,4,1,1,0,0,48.0,32.0,4.0,12,0,14,4,0.5555555555555556,112.5
5,2,12.0,3,1,0,0,0,0,18.0,8.0,0.0,0,0,4,1,0.4,8.700000000000001
6,3,10.0,5,2,1,1,0,0,30.0,16.0,4.0,12,0,9,2,0.5,51.62500000000001
8,5,10.0,8,3,1,1,0,0,48.0,24.0,4.0,12,0,13,3,0.625,66.25
5,3,10.0,6,2,1,1,0,0,36.0,16.0,4.0,12,0,10,2,0.6,54.875
4,3,10.0,6,2,1,0,0,0,36.0,16.0,4.0,0,0,9,2,0.75,24.250000000000004
8,4,10.0,6,3,1,0,0,0,36.0,24.0,4.0,0,0,10,3,0.5,26.750000000000004
3,2,4.0,6,2,1,0,0,0,24.0,8.0,4.0,0,0,9,2,0.6666666666666666,19.5
5,4,7.0,14,5,2,1,0,0,84.0,35.0,8.0,12,0,22,5,0.8,78.35625
3,5,8.0,14,4,2,1,0,0,84.0,32.0,8.0,12,0,21,4,1.6666666666666667,81.85
6,3,5.0,10,3,2,1,0,0,50.0,15.0,8.0,12,0,16,3,0.5,40.125
9,5,8.0,15,5,3,1,1,4,90.0,40.0,12.0,12,4,25,6,0.5555555555555556,153.2325
1,1,5.0,3,1,1,0,0,0,15.0,5.0,4.0,0,0,5,1,1.0,11.187500000000002
11,7,6.0,16,5,2,1,1,4,96.0,30.0,8.0,12,4,25,6,0.6363636363636364,110.7375
7,4,5.0,10,3,2,1,0,0,50.0,15.0,8.0,12,0,16,3,0.5714285714285714,47.75000000000001
8,4,3.0,13,2,2,1,0,0,39.0,6.0,6.0,12,0,18,2,0.5,44.91
1,1,5.0,4,1,0,0,0,0,20.0,5.0,0.0,0,0,5,1,1.0,8.75
3,3,6.0,9,3,1,1,0,0,54.0,18.0,4.0,12,0,14,3,1.0,49.95
8,4,6.0,13,3,1,0,0,0,78.0,18.0,4.0,0,0,17,3,0.5,19.1625
4,3,5.0,9,3,1,1,0,0,45.0,15.0,4.0,12,0,14,3,0.75,27.875000000000004
3,2,1.0,4,1,0,0,0,0,4.0,1.0,0.0,0,0,5,1,0.6666666666666666,6.09
5,3,5.0,8,4,1,1,0,0,40.0,20.0,4.0,12,0,14,4,0.6,28.25
8,5,4.0,27,7,1,1,0,0,108.0,28.0,4.0,12,0,36,7,0.625,43.29
3,5,3.0,18,7,1,1,0,0,54.0,21.0,3.0,12,0,27,7,1.6666666666666667,35.88
5,2,3.0,4,1,1,0,0,0,12.0,3.0,3.0,0,0,6,1,0.4,7.619999999999999
5,3,12.0,3,0,0,0,0,0,18.0,0.0,0.0,0,0,3,0,0.6,6.15
6,2,5.0,4,0,0,0,0,0,20.0,0.0,0.0,0,0,4,0,0.3333333333333333,1.7500000000000002
7,3,4.0,6,0,0,0,0,0,24.0,0.0,0.0,0,0,6,0,0.42857142857142855,2.4000000000000004
5,3,0.0,3,0,0,0,0,0,0.0,0.0,0.0,0,0,3,0,0.6,1.26
6,3,15.0,4,0,0,0,0,0,24.0,0.0,0.0,0,0,4,0,0.5,6.0
2,2,10.0,3,0,0,1,0,0,18.0,0.0,0.0,12,0,4,0,1.0,25.500000000000004
6,4,15.0,6,0,0,0,0,0,36.0,0.0,0.0,0,0,6,0,0.6666666666666666,10.125
4,3,8.0,5,1,1,1,0,0,30.0,8.0,4.0,12,0,8,1,0.75,43.39999999999999
8,2,16.0,6,0,0,0,0,0,36.0,0.0,0.0,0,0,6,0,0.25,9.2
5,2,0.0,4,0,1,0,0,0,0.0,0.0,0.0,0,0,5,0,0.4,8.040000000000001
4,1,12.0,3,0,0,0,0,0,18.0,0.0,0.0,0,0,3,0,0.25,3.075
2,2,5.0,3,1,1,1,0,0,15.0,5.0,4.0,12,0,6,1,1.0,19.1875
4,3,10.0,6,0,1,1,0,0,36.0,0.0,4.0,12,0,8,0,0.75,38.75
5,3,24.0,4,0,0,0,0,0,24.0,0.0,0.0,0,0,4,0,0.6,6.6
12,4,10.0,10,0,2,1,0,0,60.0,0.0,8.0,12,0,13,0,0.3333333333333333,60.25
4,3,0.0,4,1,1,1,0,0,0.0,0.0,0.0,12,0,7,1,0.75,23.040000000000003
5,4,0.0,3,0,0,0,0,0,0.0,0.0,0.0,0,0,3,0,0.8,0.0
4,5,12.0,4,0,1,0,0,0,24.0,0.0,4.0,0,0,5,0,1.25,15.9
8,7,4.0,6,0,0,0,0,0,24.0,0.0,0.0,0,0,6,0,0.875,1.8
13,12,0.0,8,0,0,0,0,0,0.0,0.0,0.0,0,0,8,0,0.9230769230769231,0.18
4,4,3.0,8,1,1,0,0,0,24.0,3.0,3.0,0,0,10,1,1.0,3.6
1,6,6.0,8,1,1,0,0,0,48.0,6.0,4.0,0,0,10,1,6.0,11.1
13,9,0.0,0,0,0,0,0,0,0.0,0.0,0.0,0,0,0,0,0.6923076923076923,0.0
11,6,0.0,0,0,0,0,0,0,0.0,0.0,0.0,0,0,0,0,0.5454545454545454,0.0
13,6,0.0,0,0,0,0,0,0,0.0,0.0,0.0,0,0,0,0,0.46153846153846156,0.0
16,9,0.0,0,0,0,0,0,0,0.0,0.0,0.0,0,0,0,0,0.5625,0.0
15,8,9.0,9,0,1,0,0,0,54.0,0.0,4.0,0,0,10,0,0.5333333333333333,15.4125
7,9,0.0,0,0,0,0,0,0,0.0,0.0,0.0,0,0,0,0,1.2857142857142858,0.09
5,7,0.0,0,0,0,0,0,0,0.0,0.0,0.0,0,0,0,0,1.4,0.06
10,8,24.0,10,1,1,0,0,0,60.0,8.0,4.0,0,0,12,1,0.8,103.2
16,16,24.0,10,0,0,0,0,0,60.0,0.0,0.0,0,0,10,0,1.0,34.2
10,8,20.0,9,2,1,0,0,0,54.0,16.0,4.0,0,0,12,2,0.8,66.0
7,6,3.0,15,3,2,1,0,0,45.0,9.0,6.0,12,0,21,3,0.8571428571428571,34.260000000000005
3,4,4.0,18,4,2,1,0,0,72.0,16.0,8.0,12,0,25,4,1.3333333333333333,42.81
5,4,4.0,12,6,2,1,0,0,48.0,24.0,8.0,12,0,21,6,0.8,41.64
5,3,7.0,18,3,1,1,0,0,108.0,21.0,4.0,12,0,23,3,0.6,53.900000000000006
3,6,5.0,15,5,1,1,0,0,75.0,25.0,4.0,12,0,22,5,2.0,35.625
3,5,3.0,16,6,2,1,0,0,48.0,18.0,6.0,12,0,25,6,1.6666666666666667,57.57000000000001
6,10,24.0,6,0,1,0,0,0,36.0,0.0,4.0,0,0,7,0,1.6666666666666667,19.200000000000003
7,7,24.0,8,1,1,1,0,0,48.0,8.0,4.0,12,0,11,1,1.0,140.4
6,8,0.0,7,0,0,0,0,0,0.0,0.0,0.0,0,0,7,0,1.3333333333333333,0.0
3,7,24.0,7,0,0,0,0,0,42.0,0.0,0.0,0,0,7,0,2.3333333333333335,21.6
10,7,24.0,6,0,1,0,0,0,36.0,0.0,4.0,0,0,7,0,0.7,30.6
7,5,24.0,7,0,1,0,0,0,42.0,0.0,4.0,0,0,8,0,0.7142857142857143,27.9
13,9,0.0,15,0,0,0,0,0,0.0,0.0,0.0,0,0,15,0,0.6923076923076923,0.0
8,17,0.0,20,0,0,0,0,0,0.0,0.0,0.0,0,0,20,0,2.125,0.0
5,4,0.0,10,0,0,0,0,0,0.0,0.0,0.0,0,0,10,0,0.8,0.0
13,4,24.0,4,0,1,0,0,0,24.0,0.0,4.0,0,0,5,0,0.3076923076923077,61.49999999999999
5,7,0.0,11,0,0,0,0,0,0.0,0.0,0.0,0,0,11,0,1.4,0.0
14,6,0.0,5,0,0,0,0,0,0.0,0.0,0.0,0,0,5,0,0.42857142857142855,2.04
20,6,0.0,4,0,0,0,0,0,0.0,0.0,0.0,0,0,4,0,0.3,1.32
11,7,0.0,5,0,0,0,0,0,0.0,0.0,0.0,0,0,5,0,0.6363636363636364,2.1
13,6,0.0,5,0,0,0,0,0,0.0,0.0,0.0,0,0,5,0,0.46153846153846156,1.08
10,8,0.0,6,0,0,0,0,0,0.0,0.0,0.0,0,0,6,0,0.8,1.5300000000000002
11,6,0.0,8,0,0,0,0,0,0.0,0.0,0.0,0,0,8,0,0.5454545454545454,3.48
8,3,4.0,10,1,1,0,0,0,40.0,4.0,4.0,0,0,12,1,0.375,11.04
9,3,2.0,8,2,0,0,0,0,16.0,4.0,0.0,0,0,10,2,0.3333333333333333,10.74
6,2,10.0,8,2,1,0,0,0,48.0,16.0,4.0,0,0,11,2,0.3333333333333333,36.625
5,2,10.0,10,3,1,1,0,0,60.0,24.0,4.0,12,0,15,3,0.4,70.375
4,1,8.0,5,2,1,0,0,0,30.0,16.0,4.0,0,0,8,2,0.25,28.9
6,2,10.0,8,2,1,0,0,0,48.0,16.0,4.0,0,0,11,2,0.3333333333333333,37.25000000000001
5,3,12.0,15,3,1,1,0,0,90.0,24.0,4.0,12,0,20,3,0.6,94.35
5,3,10.0,10,2,1,0,0,0,60.0,16.0,4.0,0,0,13,2,0.6,41.75
14,5,0.0,8,6,1,1,0,0,0.0,0.0,0.0,12,0,16,6,0.35714285714285715,10.8
11,4,2.0,5,2,1,0,0,0,10.0,4.0,2.0,0,0,8,2,0.36363636363636365,11.82
4,3,1.0,4,2,0,0,0,0,4.0,2.0,0.0,0,0,6,2,0.75,0.0
4,2,0.0,4,1,0,0,0,0,0.0,0.0,0.0,0,0,5,1,0.5,0.0
11,5,2.0,6,0,0,0,0,0,12.0,0.0,0.0,0,0,6,0,0.45454545454545453,1.2000000000000002
11,7,0.0,2,0,0,0,0,0,0.0,0.0,0.0,0,0,2,0,0.6363636363636364,0.42
3,2,2.0,3,0,0,0,0,0,6.0,0.0,0.0,0,0,3,0,0.6666666666666666,0.7800000000000001
11,5,0.0,2,0,0,0,0,0,0.0,0.0,0.0,0,0,2,0,0.45454545454545453,0.36
11,6,2.0,4,0,0,0,0,0,8.0,0.0,0.0,0,0,4,0,0.5454545454545454,0.96
3,2,2.0,2,0,0,0,0,0,4.0,0.0,0.0,0,0,2,0,0.6666666666666666,0.15
5,3,2.0,2,1,0,0,0,0,4.0,2.0,0.0,0,0,3,1,0.6,14.1
8,4,4.0,6,2,1,1,0,0,24.0,8.0,4.0,12,0,10,2,0.5,14.7
15,3,0.0,4,0,1,0,0,0,0.0,0.0,0.0,0,0,5,0,0.2,6.15
13,8,0.0,7,0,0,0,0,0,0.0,0.0,0.0,0,0,7,0,0.6153846153846154,0.9
13,6,8.0,9,6,2,0,0,0,54.0,48.0,8.0,0,0,17,6,0.46153846153846156,43.89999999999999
8,6,6.0,15,1,0,0,0,0,90.0,6.0,0.0,0,0,16,1,0.75,3.375
2,3,5.0,10,2,0,0,0,0,50.0,10.0,0.0,0,0,12,2,1.5,8.3125
11,5,4.0,7,1,0,0,0,0,28.0,4.0,0.0,0,0,8,1,0.45454545454545453,7.5
7,4,5.0,7,0,0,0,0,0,35.0,0.0,0.0,0,0,7,0,0.5714285714285714,1.84375
7,3,8.0,3,1,0,0,0,0,18.0,8.0,0.0,0,0,4,1,0.42857142857142855,3.3999999999999995
14,3,3.0,3,0,0,0,0,0,9.0,0.0,0.0,0,0,3,0,0.21428571428571427,5.670000000000001
18,4,2.0,4,0,0,0,0,0,8.0,0.0,0.0,0,0,4,0,0.2222222222222222,0.99
5,4,12.0,5,2,2,0,0,0,30.0,16.0,8.0,0,0,9,2,0.8,33.0
7,1,6.0,2,2,1,1,0,0,12.0,12.0,4.0,12,0,6,2,0.14285714285714285,22.875
6,3,6.0,6,3,2,0,0,0,36.0,18.0,8.0,0,0,11,3,0.5,17.475
6,1,0.0,3,2,0,0,0,0,0.0,0.0,0.0,0,0,5,2,0.16666666666666666,4.77
6,1,6.0,2,2,1,0,0,0,12.0,12.0,4.0,0,0,5,2,0.16666666666666666,6.225
5,1,3.0,2,2,1,0,0,0,6.0,6.0,3.0,0,0,5,2,0.2,5.430000000000001
6,1,0.0,6,2,0,0,0,0,0.0,0.0,0.0,0,0,8,2,0.16666666666666666,6.66
5,2,0.0,7,1,1,0,0,0,0.0,0.0,0.0,0,0,9,1,0.4,0.0
6,2,4.0,7,1,1,0,0,0,28.0,4.0,4.0,0,0,9,1,0.3333333333333333,5.760000000000001
4,3,3.0,2,1,0,0,0,0,6.0,3.0,0.0,0,0,3,1,0.75,0.96
9,4,4.0,7,0,1,0,0,0,28.0,0.0,4.0,0,0,8,0,0.4444444444444444,5.4
8,4,6.0,6,1,1,0,0,0,36.0,6.0,4.0,0,0,8,1,0.5,8.625
8,4,5.0,8,3,1,1,0,0,40.0,15.0,4.0,12,0,13,3,0.5,22.78125
5,5,6.0,5,2,1,0,0,0,30.0,12.0,4.0,0,0,8,2,1.0,12.45
7,4,0.0,6,2,1,0,0,0,0.0,0.0,0.0,0,0,9,2,0.5714285714285714,8.700000000000001
20,10,14.0,22,6,0,1,0,0,132.0,48.0,0.0,12,0,29,6,0.5,127.4
10,7,12.0,9,3,1,0,0,0,54.0,24.0,4.0,0,0,13,3,0.7,45.3
14,9,24.0,21,5,1,0,0,0,126.0,40.0,4.0,0,0,27,5,0.6428571428571429,153.2325
9,8,14.0,7,2,0,0,0,0,42.0,16.0,0.0,0,0,9,2,0.8888888888888888,22.487500000000004
6,4,7.0,9,2,0,0,0,0,54.0,14.0,0.0,0,0,11,2,0.6666666666666666,13.0375
10,6,8.0,11,2,0,0,0,0,66.0,16.0,0.0,0,0,13,2,0.6,16.4
11,7,3.0,12,1,0,0,0,0,36.0,3.0,0.0,0,0,13,1,0.6363636363636364,3.4200000000000004
10,7,12.0,6,0,0,0,0,0,36.0,0.0,0.0,0,0,6,0,0.7,9.675
3,3,12.0,5,1,1,0,0,0,30.0,8.0,4.0,0,0,7,1,1.0,40.5
4,3,12.0,6,1,1,1,0,0,36.0,8.0,4.0,12,0,9,1,0.75,100.65
14,4,7.0,11,2,1,0,0,0,66.0,14.0,4.0,0,0,14,2,0.2857142857142857,25.9
2,3,12.0,6,2,2,1,0,0,36.0,16.0,8.0,12,0,11,2,1.5,127.05
2,1,24.0,3,1,1,0,0,0,18.0,8.0,4.0,0,0,5,1,0.5,97.8
2,3,8.0,4,2,1,1,0,0,24.0,16.0,4.0,12,0,8,2,1.5,50.39999999999999
5,3,12.0,5,1,1,0,0,0,30.0,8.0,4.0,0,0,7,1,0.6,49.5
7,5,0.0,6,0,0,0,0,0,0.0,0.0,0.0,0,0,6,0,0.7142857142857143,1.08
2,2,5.0,4,1,1,1,0,0,20.0,5.0,4.0,12,0,7,1,1.0,22.687500000000004
10,7,0.0,11,0,0,0,0,0,0.0,0.0,0.0,0,0,11,0,0.7,1.5600000000000005
27,6,4.0,5,0,0,0,0,0,20.0,0.0,0.0,0,0,5,0,0.2222222222222222,0.66
16,4,0.0,3,0,0,0,0,0,0.0,0.0,0.0,0,0,3,0,0.25,1.2600000000000002
23,4,5.0,10,2,1,0,0,0,50.0,10.0,4.0,0,0,13,2,0.17391304347826086,13.5
7,4,5.0,5,0,0,0,0,0,25.0,0.0,0.0,0,0,5,0,0.5714285714285714,5.71875
4,4,4.0,9,2,1,0,0,0,36.0,8.0,4.0,0,0,12,2,1.0,11.1
6,6,5.0,8,3,0,0,0,0,40.0,15.0,0.0,0,0,11,3,1.0,13.625000000000002
19,9,8.0,8,6,5,1,0,0,48.0,48.0,20.0,12,0,20,6,0.47368421052631576,101.6
11,8,2.0,6,3,3,1,0,0,12.0,6.0,6.0,12,0,13,3,0.7272727272727273,52.77000000000001
4,1,7.0,3,0,0,0,0,0,18.0,0.0,0.0,0,0,3,0,0.25,1.5750000000000002
6,1,4.0,3,1,1,0,0,0,12.0,4.0,4.0,0,0,5,1,0.16666666666666666,3.54
2,5,7.0,5,1,0,0,0,0,30.0,7.0,0.0,0,0,6,1,2.5,4.2875
3,2,9.0,2,0,0,0,0,0,12.0,0.0,0.0,0,0,2,0,0.6666666666666666,2.0250000000000004
3,4,11.0,5,2,1,0,0,0,30.0,16.0,4.0,0,0,8,2,1.3333333333333333,13.6125
4,3,6.0,2,0,0,0,0,0,12.0,0.0,0.0,0,0,2,0,0.75,0.9
3,1,5.0,2,1,1,0,0,0,10.0,5.0,4.0,0,0,4,1,0.3333333333333333,4.000000000000001
6,4,0.0,6,3,0,0,0,0,0.0,0.0,0.0,0,0,9,3,0.6666666666666666,12.96
2,3,0.0,5,2,0,0,0,0,0.0,0.0,0.0,0,0,7,2,1.5,9.93
5,5,3.0,5,3,0,0,0,0,15.0,9.0,0.0,0,0,8,3,1.0,14.52
8,3,12.0,6,0,0,0,0,0,36.0,0.0,0.0,0,0,6,0,0.375,11.4
7,4,11.0,7,0,0,0,0,0,42.0,0.0,0.0,0,0,7,0,0.5714285714285714,11.9625
6,6,12.0,8,0,2,0,0,0,48.0,0.0,8.0,0,0,10,0,1.0,30.3
1,3,7.0,5,0,0,0,0,0,30.0,0.0,0.0,0,0,5,0,3.0,10.5875
12,4,3.0,6,0,0,0,0,0,18.0,0.0,0.0,0,0,6,0,0.3333333333333333,1.8
10,6,2.0,3,0,0,0,0,0,6.0,0.0,0.0,0,0,3,0,0.6,0.7200000000000001
13,4,3.0,6,0,0,0,0,0,18.0,0.0,0.0,0,0,6,0,0.3076923076923077,1.8
8,5,5.0,5,0,1,0,0,0,25.0,0.0,4.0,0,0,6,0,0.625,7.125000000000001
16,7,5.0,2,0,0,0,0,0,10.0,0.0,0.0,0,0,2,0,0.4375,0.75
12,9,7.0,11,0,0,0,0,0,66.0,0.0,0.0,0,0,11,0,0.75,5.775
9,6,12.0,6,0,2,0,0,0,36.0,0.0,8.0,0,0,8,0,0.6666666666666666,21.75
4,4,0.0,4,0,0,0,0,0,0.0,0.0,0.0,0,0,4,0,1.0,0.0
27,27,7.0,30,27,6,1,1,4,180.0,189.0,24.0,12,4,65,28,1.0,117.38125000000002
2,3,0.0,3,1,0,0,0,0,0.0,0.0,0.0,0,0,4,1,1.5,0.0
6,4,4.0,8,3,1,0,0,0,32.0,12.0,4.0,0,0,12,3,0.6666666666666666,8.88
6,4,4.0,6,2,1,0,0,0,24.0,8.0,4.0,0,0,9,2,0.6666666666666666,7.0200000000000005
5,4,4.0,6,2,1,1,0,0,24.0,8.0,4.0,12,0,10,2,0.8,17.7
4,5,4.0,6,2,1,0,0,0,24.0,8.0,4.0,0,0,9,2,1.25,6.960000000000001
1,2,3.0,2,1,1,0,0,0,6.0,3.0,3.0,0,0,4,1,2.0,3.1800000000000006
5,4,4.0,5,1,1,0,0,0,20.0,4.0,4.0,0,0,7,1,0.8,5.16
6,3,4.0,5,1,1,0,0,0,20.0,4.0,4.0,0,0,7,1,0.5,5.4
7,5,12.0,6,1,1,1,0,0,36.0,8.0,4.0,12,0,9,1,0.7142857142857143,84.975
8,8,12.0,4,2,1,0,0,0,24.0,16.0,4.0,0,0,7,2,1.0,42.15
2,5,3.0,2,1,1,0,0,0,6.0,3.0,3.0,0,0,4,1,2.5,9.0
5,10,10.0,4,1,0,0,0,0,24.0,8.0,0.0,0,0,5,1,2.0,12.125000000000002
7,6,11.0,4,3,1,0,0,0,24.0,24.0,4.0,0,0,8,3,0.8571428571428571,37.67499999999999
9,5,12.0,15,4,2,1,0,0,90.0,32.0,8.0,12,0,22,4,0.5555555555555556,139.05
4,2,12.0,2,1,0,0,0,0,12.0,8.0,0.0,0,0,3,1,0.5,12.45
3,2,12.0,3,0,1,0,0,0,18.0,0.0,4.0,0,0,4,0,0.6666666666666666,16.8
6,3,10.0,6,1,0,0,0,0,36.0,8.0,0.0,0,0,7,1,0.5,13.5625
6,4,9.0,9,2,1,1,0,0,54.0,16.0,4.0,12,0,13,2,0.6666666666666666,58.78125
1,6,10.0,2,1,0,0,0,0,12.0,8.0,0.0,0,0,3,1,6.0,7.937500000000001
6,4,10.0,4,1,1,0,0,0,24.0,8.0,4.0,0,0,6,1,0.6666666666666666,24.625
6,3,12.0,6,2,1,1,0,0,36.0,16.0,4.0,12,0,10,2,0.5,70.575
19,6,0.0,5,0,0,0,0,0,0.0,0.0,0.0,0,0,5,0,0.3157894736842105,3.18
16,6,0.0,8,1,0,0,0,0,0.0,0.0,0.0,0,0,9,1,0.375,4.800000000000001
4,3,0.0,5,2,0,0,0,0,0.0,0.0,0.0,0,0,7,2,0.75,5.760000000000001
11,4,0.0,6,0,0,0,0,0,0.0,0.0,0.0,0,0,6,0,0.36363636363636365,2.58
4,3,0.0,6,0,0,0,0,0,0.0,0.0,0.0,0,0,6,0,0.75,1.74
7,4,0.0,8,0,0,0,0,0,0.0,0.0,0.0,0,0,8,0,0.5714285714285714,3.120000000000001
5,3,0.0,5,2,0,0,0,0,0.0,0.0,0.0,0,0,7,2,0.6,5.1000000000000005
19,8,0.0,8,0,0,0,0,0,0.0,0.0,0.0,0,0,8,0,0.42105263157894735,4.2
22,8,0.0,12,7,3,1,0,0,0.0,0.0,0.0,12,0,23,7,0.36363636363636365,14.94
15,8,0.0,10,2,0,1,0,0,0.0,0.0,0.0,12,0,13,2,0.5333333333333333,16.14
7,5,0.0,5,0,0,1,0,0,0.0,0.0,0.0,12,0,6,0,0.7142857142857143,11.670000000000002
10,10,0.0,12,3,3,1,0,0,0.0,0.0,0.0,12,0,19,3,1.0,28.17
13,5,0.0,1,0,1,0,0,0,0.0,0.0,0.0,0,0,2,0,0.38461538461538464,2.58
17,8,0.0,10,0,0,0,0,0,0.0,0.0,0.0,0,0,10,0,0.47058823529411764,3.03
7,3,5.0,6,0,0,0,0,0,30.0,0.0,0.0,0,0,6,0,0.42857142857142855,5.84375
7,3,0.0,4,0,0,0,0,0,0.0,0.0,0.0,0,0,4,0,0.42857142857142855,2.1
11,4,0.0,6,0,0,0,0,0,0.0,0.0,0.0,0,0,6,0,0.36363636363636365,3.5700000000000003
6,4,4.0,6,0,0,0,0,0,24.0,0.0,0.0,0,0,6,0,0.6666666666666666,3.5700000000000003
5,3,0.0,3,0,0,0,0,0,0.0,0.0,0.0,0,0,3,0,0.6,1.35
2,3,0.0,6,0,0,0,0,0,0.0,0.0,0.0,0,0,6,0,1.5,2.1
11,6,8.0,12,3,0,0,0,0,72.0,24.0,0.0,0,0,15,3,0.5454545454545454,24.200000000000003
7,6,8.0,10,2,0,0,0,0,60.0,16.0,0.0,0,0,12,2,0.8571428571428571,25.749999999999996
8,6,8.0,10,3,1,1,0,0,60.0,24.0,4.0,12,0,15,3,0.75,57.25
8,7,14.0,11,3,1,0,0,0,66.0,24.0,4.0,0,0,15,3,0.875,68.3375
7,4,8.0,3,1,0,0,0,0,18.0,8.0,0.0,0,0,4,1,0.5714285714285714,8.599999999999998
5,6,8.0,8,2,1,1,0,0,48.0,16.0,4.0,12,0,12,2,1.2,51.29999999999999
2,3,5.0,6,1,1,1,0,0,30.0,5.0,4.0,12,0,9,1,1.5,17.75
9,4,0.0,8,3,1,1,0,0,0.0,0.0,0.0,12,0,13,3,0.4444444444444444,26.07
6,3,6.0,5,2,2,1,0,0,30.0,12.0,8.0,12,0,10,2,0.5,41.8125
5,2,0.0,3,0,0,0,0,0,0.0,0.0,0.0,0,0,3,0,0.4,0.7200000000000001
8,2,0.0,4,0,0,0,0,0,0.0,0.0,0.0,0,0,4,0,0.25,1.56
6,2,0.0,5,0,0,0,0,0,0.0,0.0,0.0,0,0,5,0,0.3333333333333333,1.56
7,3,0.0,3,0,0,0,0,0,0.0,0.0,0.0,0,0,3,0,0.42857142857142855,1.08
3,2,0.0,3,0,0,0,0,0,0.0,0.0,0.0,0,0,3,0,0.6666666666666666,1.14
13,3,0.0,8,3,1,0,0,0,0.0,0.0,0.0,0,0,12,3,0.23076923076923078,9.24
8,2,4.0,5,2,1,0,0,0,20.0,8.0,4.0,0,0,8,2,0.25,10.260000000000002
11,5,11.0,6,1,0,0,0,0,36.0,8.0,0.0,0,0,7,1,0.45454545454545453,15.193749999999998
9,4,4.0,4,3,1,0,0,0,16.0,12.0,4.0,0,0,8,3,0.4444444444444444,18.960000000000004
7,5,4.0,3,3,0,0,0,0,12.0,12.0,0.0,0,0,6,3,0.7142857142857143,7.739999999999999
7,6,5.0,6,5,2,1,0,0,30.0,25.0,8.0,12,0,14,5,0.8571428571428571,39.0
7,6,11.0,8,6,2,1,0,0,48.0,48.0,8.0,12,0,17,6,0.8571428571428571,115.775
6,6,4.0,5,3,0,0,0,0,20.0,12.0,0.0,0,0,8,3,1.0,14.28
7,2,11.0,3,2,0,0,0,0,18.0,16.0,0.0,0,0,5,2,0.2857142857142857,18.975
7,4,4.0,8,3,1,1,0,0,32.0,12.0,4.0,12,0,13,3,0.5714285714285714,27.12
8,5,14.0,8,3,2,1,0,0,48.0,24.0,8.0,12,0,14,3,0.625,89.95
6,2,1.0,6,1,0,1,0,0,6.0,1.0,0.0,12,0,8,1,0.3333333333333333,14.94
7,5,5.0,9,3,1,1,0,0,45.0,15.0,4.0,12,0,14,3,0.7142857142857143,30.125
7,4,11.0,9,2,2,1,0,0,54.0,16.0,8.0,12,0,14,2,0.5714285714285714,62.7
7,3,20.0,14,4,3,1,0,0,84.0,32.0,12.0,12,0,22,4,0.42857142857142855,153.2325
2,1,20.0,3,1,0,0,0,0,18.0,8.0,0.0,0,0,4,1,0.5,22.250000000000004
1,1,20.0,1,1,1,0,0,0,6.0,8.0,4.0,0,0,3,1,1.0,65.12500000000001
2,2,11.0,8,2,1,1,0,0,48.0,16.0,4.0,12,0,12,2,1.0,68.2
2,3,11.0,8,2,1,1,0,0,48.0,16.0,4.0,12,0,12,2,1.5,83.05
2,6,19.0,22,4,2,1,1,4,132.0,32.0,8.0,12,4,30,5,3.0,153.2325
4,4,8.0,12,0,1,1,1,4,72.0,0.0,4.0,12,4,15,1,1.0,85.1
1,2,24.0,6,2,0,1,0,0,36.0,16.0,0.0,12,0,9,2,2.0,116.7
3,6,21.0,18,4,1,1,1,4,108.0,32.0,4.0,12,4,25,5,2.0,153.2325
8,4,0.0,5,0,0,0,0,0,0.0,0.0,0.0,0,0,5,0,0.5,2.4600000000000004
9,6,0.0,6,0,0,0,0,0,0.0,0.0,0.0,0,0,6,0,0.6666666666666666,3.54
10,6,0.0,6,0,0,0,0,0,0.0,0.0,0.0,0,0,6,0,0.6,2.8800000000000003
5,3,0.0,4,0,0,0,0,0,0.0,0.0,0.0,0,0,4,0,0.6,1.92
13,6,0.0,5,0,0,0,0,0,0.0,0.0,0.0,0,0,5,0,0.46153846153846156,1.8
13,9,0.0,9,3,0,0,0,0,0.0,0.0,0.0,0,0,12,3,0.6923076923076923,15.3
25,9,0.0,16,0,0,0,0,0,0.0,0.0,0.0,0,0,16,0,0.36,14.82
4,3,6.0,9,2,1,1,0,0,54.0,12.0,4.0,12,0,13,2,0.75,41.025
6,4,8.0,16,4,3,1,1,4,96.0,32.0,12.0,12,4,25,5,0.6666666666666666,133.09999999999997
7,6,24.0,4,2,2,1,0,0,24.0,16.0,8.0,12,0,9,2,0.8571428571428571,153.2325
5,6,7.0,18,6,2,1,1,4,108.0,42.0,8.0,12,4,28,7,1.2,118.825
12,4,0.0,8,0,0,0,0,0,0.0,0.0,0.0,0,0,8,0,0.3333333333333333,0.0
7,5,0.0,6,0,0,0,0,0,0.0,0.0,0.0,0,0,6,0,0.7142857142857143,0.0
11,4,0.0,6,2,0,0,0,0,0.0,0.0,0.0,0,0,8,2,0.36363636363636365,0.0
13,8,0.0,8,6,0,0,0,0,0.0,0.0,0.0,0,0,14,6,0.6153846153846154,4.3500000000000005
20,10,0.0,15,5,0,1,0,0,0.0,0.0,0.0,12,0,21,5,0.5,14.4
13,6,0.0,9,4,0,0,0,0,0.0,0.0,0.0,0,0,13,4,0.46153846153846156,3.6
5,3,0.0,4,0,0,0,0,0,0.0,0.0,0.0,0,0,4,0,0.6,0.0
11,5,0.0,7,0,0,1,0,0,0.0,0.0,0.0,12,0,8,0,0.45454545454545453,14.580000000000002
4,2,0.0,4,1,0,0,0,0,0.0,0.0,0.0,0,0,5,1,0.5,4.86
6,3,0.0,5,0,0,0,0,0,0.0,0.0,0.0,0,0,5,0,0.5,2.22
7,4,0.0,0,3,0,0,0,0,0.0,0.0,0.0,0,0,3,3,0.5714285714285714,8.4
5,2,0.0,3,2,1,1,0,0,0.0,0.0,0.0,12,0,7,2,0.4,23.160000000000004
7,3,0.0,5,3,1,0,0,0,0.0,0.0,0.0,0,0,9,3,0.42857142857142855,16.11
8,4,0.0,5,3,0,0,0,0,0.0,0.0,0.0,0,0,8,3,0.5,13.589999999999998
10,4,0.0,5,0,0,0,0,0,0.0,0.0,0.0,0,0,5,0,0.4,2.7300000000000004
4,3,0.0,5,0,0,0,0,0,0.0,0.0,0.0,0,0,5,0,0.75,2.25
11,4,16.0,8,4,2,1,0,0,48.0,32.0,8.0,12,0,15,4,0.36363636363636365,114.2
3,3,7.0,8,4,2,1,1,4,48.0,28.0,8.0,12,4,16,5,1.0,100.31875
6,5,6.0,22,5,2,1,0,0,132.0,30.0,8.0,12,0,30,5,0.8333333333333334,80.85
3,4,5.0,15,3,1,1,1,4,75.0,15.0,4.0,12,4,21,4,1.3333333333333333,47.5
5,3,21.0,5,3,2,1,0,0,30.0,24.0,8.0,12,0,11,3,0.6,153.2325
5,3,21.0,5,3,2,1,0,0,30.0,24.0,8.0,12,0,11,3,0.6,153.2325
8,6,21.0,8,5,3,1,0,0,48.0,40.0,12.0,12,0,17,5,0.75,153.2325
7,5,21.0,8,4,1,1,1,4,48.0,32.0,4.0,12,4,15,5,0.7142857142857143,153.2325
3,3,21.0,6,4,2,1,0,0,36.0,32.0,8.0,12,0,13,4,1.0,153.2325
6,5,21.0,8,4,1,1,0,0,48.0,32.0,4.0,12,0,14,4,0.8333333333333334,153.2325
9,8,21.0,12,6,4,1,0,0,72.0,48.0,16.0,12,0,23,6,0.8888888888888888,153.2325
7,6,21.0,10,5,3,1,1,4,60.0,40.0,12.0,12,4,20,6,0.8571428571428571,153.2325
5,4,21.0,7,0,1,0,0,0,42.0,0.0,4.0,0,0,8,0,0.8,37.8
5,4,21.0,7,2,0,0,0,0,42.0,16.0,0.0,0,0,9,2,0.8,40.425
7,5,21.0,9,4,0,1,0,0,54.0,32.0,0.0,12,0,14,4,0.7142857142857143,131.51250000000002
5,4,21.0,9,4,1,0,0,0,54.0,32.0,4.0,0,0,14,4,0.8,109.9875
8,5,21.0,11,5,1,1,0,0,66.0,40.0,4.0,12,0,18,5,0.625,153.2325
11,5,21.0,8,6,2,1,0,0,48.0,48.0,8.0,12,0,17,6,0.45454545454545453,153.2325
8,6,21.0,8,4,2,0,0,0,48.0,32.0,8.0,0,0,14,4,0.75,129.15
5,4,21.0,8,4,2,1,0,0,48.0,32.0,8.0,12,0,15,4,0.8,153.2325
8,5,5.0,5,3,1,1,1,4,25.0,15.0,4.0,12,4,11,4,0.625,64.6875
8,5,19.0,5,4,1,1,1,4,30.0,32.0,4.0,12,4,12,5,0.625,153.2325
5,4,6.0,5,3,2,1,1,4,30.0,18.0,8.0,12,4,12,4,0.8,80.7
5,9,10.0,5,3,1,1,0,0,30.0,24.0,4.0,12,0,10,3,1.8,61.500000000000014
4,6,6.0,2,0,0,0,0,0,12.0,0.0,0.0,0,0,2,0,1.5,0.75
7,13,4.0,13,4,3,0,0,0,52.0,16.0,12.0,0,0,20,4,1.8571428571428572,25.47
4,9,3.0,6,3,0,0,0,0,18.0,9.0,0.0,0,0,9,3,2.25,15.660000000000004
11,10,6.0,15,2,3,0,0,0,90.0,12.0,12.0,0,0,20,2,0.9090909090909091,49.425
11,10,4.0,6,2,1,0,0,0,24.0,8.0,4.0,0,0,9,2,0.9090909090909091,16.86
9,8,2.0,5,2,1,0,0,0,10.0,4.0,2.0,0,0,8,2,0.8888888888888888,11.88
9,3,5.0,5,1,1,0,0,0,25.0,5.0,4.0,0,0,7,1,0.3333333333333333,12.78125
10,5,5.0,12,5,2,1,0,0,60.0,25.0,8.0,12,0,20,5,0.5,66.84375000000001
3,3,0.0,6,3,1,1,0,0,0.0,0.0,0.0,12,0,11,3,1.0,20.340000000000003
7,4,4.0,6,2,2,0,0,0,24.0,8.0,8.0,0,0,10,2,0.5714285714285714,8.790000000000001
5,2,0.0,3,2,1,0,0,0,0.0,0.0,0.0,0,0,6,2,0.4,4.68
2,3,0.0,2,1,1,0,0,0,0.0,0.0,0.0,0,0,4,1,1.5,3.42
7,2,0.0,4,2,1,0,0,0,0.0,0.0,0.0,0,0,7,2,0.2857142857142857,4.859999999999999
5,1,24.0,3,1,1,0,0,0,18.0,8.0,4.0,0,0,5,1,0.2,24.15
6,3,24.0,7,3,1,1,0,0,42.0,24.0,4.0,12,0,12,3,0.5,125.7
5,4,5.0,8,4,2,1,0,0,40.0,20.0,8.0,12,0,15,4,0.8,32.1875
2,3,9.0,8,2,4,1,1,4,48.0,16.0,16.0,12,4,16,3,1.5,150.1875
5,5,4.0,0,3,0,1,0,0,0.0,12.0,0.0,12,0,4,3,1.0,18.84
9,6,4.0,6,0,0,0,0,0,24.0,0.0,0.0,0,0,6,0,0.6666666666666666,6.359999999999999
7,6,4.0,8,0,0,0,0,0,32.0,0.0,0.0,0,0,8,0,0.8571428571428571,2.67
5,4,5.0,6,3,0,0,0,0,30.0,15.0,0.0,0,0,9,3,0.8,12.0
9,6,4.0,6,4,0,1,0,0,24.0,16.0,0.0,12,0,11,4,0.6666666666666666,27.960000000000004
5,4,4.0,10,4,1,1,0,0,40.0,16.0,4.0,12,0,16,4,0.8,34.260000000000005
5,4,3.0,6,4,0,1,0,0,18.0,12.0,0.0,12,0,11,4,0.8,29.4
1,5,1.0,15,1,1,1,0,0,15.0,1.0,1.0,12,0,18,1,5.0,19.8
8,4,1.0,10,2,1,0,0,0,10.0,2.0,1.0,0,0,13,2,0.5,4.920000000000001
8,4,1.0,12,2,1,0,0,0,12.0,2.0,1.0,0,0,15,2,0.5,2.4000000000000004
4,3,1.0,5,2,0,0,0,0,5.0,2.0,0.0,0,0,7,2,0.75,1.2000000000000002
7,5,1.0,12,4,1,0,0,0,12.0,4.0,1.0,0,0,17,4,0.7142857142857143,8.76
4,4,3.0,5,0,1,0,0,0,15.0,0.0,3.0,0,0,6,0,1.0,3.3600000000000003
15,5,3.0,10,0,0,0,0,0,30.0,0.0,0.0,0,0,10,0,0.3333333333333333,3.24
6,4,4.0,16,6,2,1,0,0,64.0,24.0,8.0,12,0,25,6,0.6666666666666666,53.25
2,2,23.0,3,0,1,1,1,4,18.0,0.0,4.0,12,4,6,1,1.0,153.2325
3,5,12.0,7,0,1,1,1,4,42.0,0.0,4.0,12,4,10,1,1.6666666666666667,125.55
2,2,15.0,4,0,1,1,0,0,24.0,0.0,4.0,12,0,6,0,1.0,71.25
4,3,15.0,5,0,1,1,0,0,30.0,0.0,4.0,12,0,7,0,0.75,58.5
2,2,15.0,3,0,1,1,0,0,18.0,0.0,4.0,12,0,5,0,1.0,66.75
3,3,15.0,3,0,0,0,0,0,18.0,0.0,0.0,0,0,3,0,1.0,6.9375
5,4,15.0,6,1,1,1,0,0,36.0,8.0,4.0,12,0,9,1,0.8,85.5
2,3,24.0,5,0,1,0,1,4,30.0,0.0,4.0,0,4,7,1,1.5,153.2325
3,2,24.0,8,1,0,0,0,0,48.0,8.0,0.0,0,0,9,1,0.6666666666666666,42.3
4,3,15.0,6,1,1,1,1,4,36.0,8.0,4.0,12,4,10,2,0.75,150.375
13,7,0.0,4,0,0,0,0,0,0.0,0.0,0.0,0,0,4,0,0.5384615384615384,0.42
13,12,0.0,8,0,0,0,0,0,0.0,0.0,0.0,0,0,8,0,0.9230769230769231,0.36
33,11,0.0,8,0,0,0,0,0,0.0,0.0,0.0,0,0,8,0,0.3333333333333333,1.02
25,9,0.0,5,0,0,0,0,0,0.0,0.0,0.0,0,0,5,0,0.36,0.9
25,11,0.0,5,0,0,0,0,0,0.0,0.0,0.0,0,0,5,0,0.44,0.42
22,11,0.0,6,0,0,0,0,0,0.0,0.0,0.0,0,0,6,0,0.5,0.42
6,4,4.0,4,0,1,0,0,0,16.0,0.0,4.0,0,0,5,0,0.6666666666666666,3.78
11,6,0.0,0,0,0,0,0,0,0.0,0.0,0.0,0,0,0,0,0.5454545454545454,0.0
10,5,0.0,0,0,0,0,0,0,0.0,0.0,0.0,0,0,0,0,0.5,0.0
19,7,0.0,0,0,0,0,0,0,0.0,0.0,0.0,0,0,0,0,0.3684210526315789,0.0
16,7,0.0,0,0,0,0,0,0,0.0,0.0,0.0,0,0,0,0,0.4375,0.0
25,13,0.0,0,0,0,0,0,0,0.0,0.0,0.0,0,0,0,0,0.52,0.0
12,7,0.0,0,0,0,0,0,0,0.0,0.0,0.0,0,0,0,0,0.5833333333333334,0.0
23,10,0.0,0,0,0,0,0,0,0.0,0.0,0.0,0,0,0,0,0.43478260869565216,0.0
11,10,0.0,0,0,0,0,0,0,0.0,0.0,0.0,0,0,0,0,0.9090909090909091,0.18
32,16,0.0,0,0,0,0,0,0,0.0,0.0,0.0,0,0,0,0,0.5,0.54
15,8,0.0,0,0,0,0,0,0,0.0,0.0,0.0,0,0,0,0,0.5333333333333333,0.18
22,15,0.0,0,0,0,0,0,0,0.0,0.0,0.0,0,0,0,0,0.6818181818181818,0.36
20,8,2.0,5,0,0,0,0,0,10.0,0.0,0.0,0,0,5,0,0.4,0.78
15,5,0.0,0,0,0,0,0,0,0.0,0.0,0.0,0,0,0,0,0.3333333333333333,0.36
12,4,4.0,6,0,0,0,0,0,24.0,0.0,0.0,0,0,6,0,0.3333333333333333,1.4400000000000002
14,4,7.0,5,0,0,0,0,0,30.0,0.0,0.0,0,0,5,0,0.2857142857142857,2.1875
9,3,0.0,7,0,0,0,0,0,0.0,0.0,0.0,0,0,7,0,0.3333333333333333,2.1
4,3,12.0,5,0,0,0,0,0,30.0,0.0,0.0,0,0,5,0,0.75,9.0
15,12,4.0,10,0,0,0,0,0,40.0,0.0,0.0,0,0,10,0,0.8,4.2
11,1,0.0,4,0,0,0,0,0,0.0,0.0,0.0,0,0,4,0,0.09090909090909091,0.0
7,3,0.0,5,0,0,0,0,0,0.0,0.0,0.0,0,0,5,0,0.42857142857142855,0.0
11,8,12.0,8,0,0,0,0,0,48.0,0.0,0.0,0,0,8,0,0.7272727272727273,12.6
7,16,3.0,21,0,2,0,0,0,63.0,0.0,6.0,0,0,23,0,2.2857142857142856,13.14
13,10,7.0,7,0,2,0,0,0,42.0,0.0,8.0,0,0,9,0,0.7692307692307693,15.88125
4,3,3.0,1,0,0,0,0,0,3.0,0.0,0.0,0,0,1,0,0.75,0.24
8,7,8.0,10,5,2,0,0,0,60.0,40.0,8.0,0,0,17,5,0.875,40.55
5,5,4.0,5,0,0,0,0,0,20.0,0.0,0.0,0,0,5,0,1.0,1.56
12,4,3.0,6,1,1,0,0,0,18.0,3.0,3.0,0,0,8,1,0.3333333333333333,4.859999999999999
6,5,1.0,5,0,0,0,0,0,5.0,0.0,0.0,0,0,5,0,0.8333333333333334,1.65
5,5,3.0,4,0,0,0,0,0,12.0,0.0,0.0,0,0,4,0,1.0,0.9
6,8,4.0,10,1,1,0,0,0,40.0,4.0,4.0,0,0,12,1,1.3333333333333333,4.859999999999999
5,5,4.0,5,0,0,0,0,0,20.0,0.0,0.0,0,0,5,0,1.0,1.4400000000000002
7,9,3.0,10,0,0,0,0,0,30.0,0.0,0.0,0,0,10,0,1.2857142857142858,2.16
2,3,2.0,3,0,0,0,0,0,6.0,0.0,0.0,0,0,3,0,1.5,0.7200000000000001
2,4,2.0,2,0,0,0,0,0,4.0,0.0,0.0,0,0,2,0,2.0,0.42
4,6,4.0,8,0,0,0,0,0,32.0,0.0,0.0,0,0,8,0,1.5,2.37
3,7,5.0,8,2,0,0,0,0,40.0,10.0,0.0,0,0,10,2,2.3333333333333335,8.625000000000002
9,12,3.0,20,1,2,0,0,0,60.0,3.0,6.0,0,0,23,1,1.3333333333333333,7.98
6,1,24.0,2,1,1,1,1,4,12.0,8.0,4.0,12,4,6,2,0.16666666666666666,153.2325
4,1,6.0,8,3,1,1,0,0,48.0,18.0,4.0,12,0,13,3,0.25,50.475
5,5,10.0,10,2,1,0,0,0,60.0,16.0,4.0,0,0,13,2,1.0,53.375
4,5,3.0,8,1,1,0,0,0,24.0,3.0,3.0,0,0,10,1,1.25,6.120000000000001
9,6,3.0,8,0,1,0,0,0,24.0,0.0,3.0,0,0,9,0,0.6666666666666666,4.680000000000001
8,7,10.0,5,2,2,1,0,0,30.0,16.0,8.0,12,0,10,2,0.875,76.125
9,7,10.0,4,2,0,1,0,0,24.0,16.0,0.0,12,0,7,2,0.7777777777777778,46.00000000000001
10,7,10.0,4,2,0,1,0,0,24.0,16.0,0.0,12,0,7,2,0.7,57.375
7,6,10.0,5,2,0,1,0,0,30.0,16.0,0.0,12,0,8,2,0.8571428571428571,35.625
9,6,10.0,3,2,0,1,0,0,18.0,16.0,0.0,12,0,6,2,0.6666666666666666,63.18750000000001
9,6,10.0,4,2,1,1,0,0,24.0,16.0,4.0,12,0,8,2,0.6666666666666666,55.0
4,3,0.0,4,0,0,0,0,0,0.0,0.0,0.0,0,0,4,0,0.75,2.4000000000000004
8,3,1.0,5,0,0,0,0,0,5.0,0.0,0.0,0,0,5,0,0.375,2.52
8,4,1.0,8,0,0,0,0,0,8.0,0.0,0.0,0,0,8,0,0.5,4.800000000000001
4,2,1.0,6,0,0,0,0,0,6.0,0.0,0.0,0,0,6,0,0.5,3.54
1,2,1.0,4,0,0,0,0,0,4.0,0.0,0.0,0,0,4,0,2.0,1.8
10,4,0.0,8,0,0,0,0,0,0.0,0.0,0.0,0,0,8,0,0.4,4.680000000000001
5,2,0.0,4,0,0,1,0,0,0.0,0.0,0.0,12,0,5,0,0.4,13.26
5,3,4.0,5,0,0,0,0,0,20.0,0.0,0.0,0,0,5,0,0.6,2.64
4,2,2.0,8,2,1,1,0,0,16.0,4.0,2.0,12,0,12,2,0.5,22.32
5,2,2.0,8,2,1,0,0,0,16.0,4.0,2.0,0,0,11,2,0.4,14.880000000000004
5,3,8.0,6,3,1,1,0,0,36.0,24.0,4.0,12,0,11,3,0.6,48.39999999999999
6,4,8.0,6,3,1,1,0,0,36.0,24.0,4.0,12,0,11,3,0.6666666666666666,49.1
5,4,8.0,9,4,2,1,1,4,54.0,32.0,8.0,12,4,17,5,0.8,113.79999999999998
1,3,7.0,2,1,0,0,0,0,12.0,7.0,0.0,0,0,3,1,3.0,4.2
5,2,8.0,6,2,1,0,0,0,36.0,16.0,4.0,0,0,9,2,0.4,25.9
6,3,8.0,8,3,1,1,0,0,48.0,24.0,4.0,12,0,13,3,0.5,54.2
2,2,7.0,2,1,0,0,0,0,12.0,7.0,0.0,0,0,3,1,1.0,12.8625
3,2,5.0,4,2,1,1,0,0,20.0,10.0,4.0,12,0,8,2,0.6666666666666666,23.4375
4,2,2.0,8,2,1,0,0,0,16.0,4.0,2.0,0,0,11,2,0.5,10.44
7,3,6.0,15,4,1,1,0,0,90.0,24.0,4.0,12,0,21,4,0.42857142857142855,40.725
5,2,6.0,8,3,1,1,0,0,48.0,18.0,4.0,12,0,13,3,0.4,34.5
8,4,1.0,12,3,1,0,0,0,12.0,3.0,1.0,0,0,16,3,0.5,8.700000000000001
6,2,0.0,8,3,0,0,0,0,0.0,0.0,0.0,0,0,11,3,0.3333333333333333,9.9
6,4,5.0,10,4,1,1,0,0,50.0,20.0,4.0,12,0,16,4,0.6666666666666666,31.843750000000007
7,5,0.0,5,0,0,0,0,0,0.0,0.0,0.0,0,0,5,0,0.7142857142857143,1.74
15,8,0.0,5,0,0,0,0,0,0.0,0.0,0.0,0,0,5,0,0.5333333333333333,1.2000000000000002
4,3,0.0,5,1,0,0,0,0,0.0,0.0,0.0,0,0,6,1,0.75,4.2
15,5,0.0,6,0,0,0,0,0,0.0,0.0,0.0,0,0,6,0,0.3333333333333333,3.96
6,4,0.0,6,0,0,0,0,0,0.0,0.0,0.0,0,0,6,0,0.6666666666666666,3.1500000000000004
3,3,0.0,6,0,0,0,0,0,0.0,0.0,0.0,0,0,6,0,1.0,2.5200000000000005
2,3,0.0,3,0,0,0,0,0,0.0,0.0,0.0,0,0,3,0,1.5,1.4400000000000002
12,8,0.0,5,0,0,0,0,0,0.0,0.0,0.0,0,0,5,0,0.6666666666666666,2.64
18,5,3.0,7,1,0,1,0,0,21.0,3.0,0.0,12,0,9,1,0.2777777777777778,13.8
3,3,0.0,4,1,0,0,0,0,0.0,0.0,0.0,0,0,5,1,1.0,1.98
8,3,9.0,5,1,1,0,0,0,30.0,8.0,4.0,0,0,7,1,0.375,9.45
20,5,0.0,8,1,4,1,0,0,0.0,0.0,0.0,12,0,14,1,0.25,29.67
24,4,0.0,6,0,0,0,0,0,0.0,0.0,0.0,0,0,6,0,0.16666666666666666,1.2600000000000002
12,6,4.0,10,5,1,0,0,0,40.0,20.0,4.0,0,0,16,5,0.5,12.36
5,4,0.0,5,2,0,0,0,0,0.0,0.0,0.0,0,0,7,2,0.8,6.840000000000001
10,8,0.0,5,0,0,0,0,0,0.0,0.0,0.0,0,0,5,0,0.8,1.02
5,3,2.0,5,2,2,0,0,0,10.0,4.0,4.0,0,0,9,2,0.6,20.16
5,2,0.0,0,0,0,0,0,0,0.0,0.0,0.0,0,0,0,0,0.4,0.8400000000000001
4,2,6.0,3,1,0,0,0,0,18.0,6.0,0.0,0,0,4,1,0.5,2.5500000000000003
3,2,0.0,2,0,0,0,0,0,0.0,0.0,0.0,0,0,2,0,0.6666666666666666,0.66
1,1,5.0,2,1,0,0,0,0,10.0,5.0,0.0,0,0,3,1,1.0,1.6875000000000004
3,2,5.0,2,1,1,0,0,0,10.0,5.0,4.0,0,0,4,1,0.6666666666666666,4.53125
7,3,0.0,0,0,0,0,0,0,0.0,0.0,0.0,0,0,0,0,0.42857142857142855,0.3
3,2,0.0,0,0,0,0,0,0,0.0,0.0,0.0,0,0,0,0,0.6666666666666666,0.54
5,3,4.0,4,2,1,0,0,0,16.0,8.0,4.0,0,0,7,2,0.6,5.880000000000001
5,3,5.0,3,2,0,0,0,0,15.0,10.0,0.0,0,0,5,2,0.6,3.1875000000000004
5,3,5.0,3,3,1,0,0,0,15.0,15.0,4.0,0,0,7,3,0.6,7.125000000000001
1,1,0.0,1,0,0,0,0,0,0.0,0.0,0.0,0,0,1,0,1.0,0.18
4,3,5.0,5,3,1,1,0,0,25.0,15.0,4.0,12,0,10,3,0.75,19.9375
1,1,0.0,1,0,0,0,0,0,0.0,0.0,0.0,0,0,1,0,1.0,0.18
4,3,0.0,0,0,0,0,0,0,0.0,0.0,0.0,0,0,0,0,0.75,0.3
11,7,4.0,9,2,1,0,0,0,36.0,8.0,4.0,0,0,12,2,0.6363636363636364,6.960000000000001
10,6,0.0,22,1,1,0,0,0,0.0,0.0,0.0,0,0,24,1,0.6,7.110000000000001
15,9,8.0,7,0,0,0,0,0,42.0,0.0,0.0,0,0,7,0,0.6,4.8
14,9,3.0,9,0,0,0,0,0,27.0,0.0,0.0,0,0,9,0,0.6428571428571429,1.8
9,5,11.0,8,3,1,1,0,0,48.0,24.0,4.0,12,0,13,3,0.5555555555555556,68.95625
8,6,8.0,12,3,1,1,0,0,72.0,24.0,4.0,12,0,17,3,0.75,55.39999999999999
10,5,10.0,8,2,0,0,0,0,48.0,16.0,0.0,0,0,10,2,0.5,18.8125
6,8,8.0,6,2,1,1,0,0,36.0,16.0,4.0,12,0,10,2,1.3333333333333333,39.1
8,4,6.0,8,2,1,0,0,0,48.0,12.0,4.0,0,0,11,2,0.5,18.3
5,5,8.0,5,2,0,0,0,0,30.0,16.0,0.0,0,0,7,2,1.0,16.799999999999997
6,6,9.0,18,7,0,1,0,0,108.0,56.0,0.0,12,0,26,7,1.0,88.48124999999999
3,3,4.0,6,0,0,0,0,0,24.0,0.0,0.0,0,0,6,0,1.0,2.52
6,4,4.0,15,5,1,1,0,0,60.0,20.0,4.0,12,0,22,5,0.6666666666666666,47.04
5,5,5.0,15,5,2,1,0,0,75.0,25.0,8.0,12,0,23,5,1.0,42.75
5,3,4.0,12,4,1,1,0,0,48.0,16.0,4.0,12,0,18,4,0.6,42.0
4,4,5.0,15,5,2,1,0,0,75.0,25.0,8.0,12,0,23,5,1.0,48.4375
8,6,5.0,20,8,3,1,0,0,100.0,40.0,12.0,12,0,32,8,0.75,70.1875
7,5,8.0,5,3,1,1,0,0,30.0,24.0,4.0,12,0,10,3,0.7142857142857143,61.25
6,5,11.0,8,3,1,0,0,0,48.0,24.0,4.0,0,0,12,3,0.8333333333333334,44.9625
2,3,6.0,15,2,1,1,0,0,90.0,12.0,4.0,12,0,19,2,1.5,30.45
6,4,6.0,3,0,0,0,0,0,18.0,0.0,0.0,0,0,3,0,0.6666666666666666,1.65
5,3,8.0,8,3,1,0,0,0,48.0,24.0,4.0,0,0,12,3,0.6,32.7
5,4,9.0,3,1,1,0,0,0,18.0,8.0,4.0,0,0,5,1,0.8,20.700000000000003
1,6,5.0,2,1,0,0,0,0,10.0,5.0,0.0,0,0,3,1,6.0,6.09375
2,5,6.0,3,1,0,0,0,0,18.0,6.0,0.0,0,0,4,1,2.5,7.949999999999999
6,15,4.0,5,2,1,1,0,0,20.0,8.0,4.0,12,0,9,2,2.5,35.160000000000004
8,6,8.0,8,4,2,1,0,0,48.0,32.0,8.0,12,0,15,4,0.75,103.29999999999998
9,5,6.0,6,2,1,1,0,0,36.0,12.0,4.0,12,0,10,2,0.5555555555555556,44.175
7,4,3.0,4,3,1,1,0,0,12.0,9.0,3.0,12,0,9,3,0.5714285714285714,40.23
5,5,10.0,1,2,0,0,0,0,6.0,16.0,0.0,0,0,3,2,1.0,28.875
7,4,11.0,5,2,1,1,0,0,30.0,16.0,4.0,12,0,9,2,0.5714285714285714,86.55624999999999
7,5,0.0,6,1,1,0,0,0,0.0,0.0,0.0,0,0,8,1,0.7142857142857143,5.82
4,5,0.0,5,2,1,0,0,0,0.0,0.0,0.0,0,0,8,2,1.25,0.18
5,8,4.0,5,1,1,0,0,0,20.0,4.0,4.0,0,0,7,1,1.6,6.18
5,4,4.0,4,1,1,1,0,0,16.0,4.0,4.0,12,0,7,1,0.8,19.56
5,4,0.0,5,2,1,0,0,0,0.0,0.0,0.0,0,0,8,2,0.8,0.12
8,7,3.0,5,1,1,1,0,0,15.0,3.0,3.0,12,0,8,1,0.875,22.860000000000003
9,9,4.0,4,1,0,0,0,0,16.0,4.0,0.0,0,0,5,1,1.0,2.19
6,5,4.0,6,2,1,1,0,0,24.0,8.0,4.0,12,0,10,2,0.8333333333333334,21.360000000000003
5,5,0.0,6,2,1,0,0,0,0.0,0.0,0.0,0,0,9,2,1.0,0.0
9,6,4.0,6,2,1,1,0,0,24.0,8.0,4.0,12,0,10,2,0.6666666666666666,21.0
6,7,6.0,5,1,0,0,0,0,30.0,6.0,0.0,0,0,6,1,1.1666666666666667,2.7
4,6,6.0,4,1,0,0,0,0,24.0,6.0,0.0,0,0,5,1,1.5,4.65
4,7,6.0,4,1,1,0,0,0,24.0,6.0,4.0,0,0,6,1,1.75,12.225
4,3,0.0,2,1,0,0,0,0,0.0,0.0,0.0,0,0,3,1,0.75,0.66
1,1,4.0,3,1,0,0,0,0,12.0,4.0,0.0,0,0,4,1,1.0,5.640000000000001
5,3,0.0,6,1,0,0,0,0,0.0,0.0,0.0,0,0,7,1,0.6,1.2000000000000002
5,5,5.0,8,4,1,0,0,0,40.0,20.0,4.0,0,0,13,4,1.0,15.875000000000002
5,4,3.0,5,2,0,0,0,0,15.0,6.0,0.0,0,0,7,2,0.8,2.8200000000000003
1,2,4.0,4,1,0,0,0,0,16.0,4.0,0.0,0,0,5,1,2.0,2.22
7,3,5.0,5,2,0,0,0,0,25.0,10.0,0.0,0,0,7,2,0.42857142857142855,4.125
3,3,0.0,5,1,0,0,0,0,0.0,0.0,0.0,0,0,6,1,1.0,1.14
9,6,5.0,5,2,0,0,0,0,25.0,10.0,0.0,0,0,7,2,0.6666666666666666,3.4375
17,7,0.0,5,0,0,0,0,0,0.0,0.0,0.0,0,0,5,0,0.4117647058823529,0.0
7,5,10.0,8,3,0,0,0,0,48.0,24.0,0.0,0,0,11,3,0.7142857142857143,40.25
2,10,3.0,13,3,3,0,0,0,39.0,9.0,9.0,0,0,19,3,5.0,28.86
1,8,9.0,12,3,1,1,0,0,72.0,24.0,4.0,12,0,17,3,8.0,76.725
8,8,3.0,10,3,0,0,0,0,30.0,9.0,0.0,0,0,13,3,1.0,17.64
6,8,9.0,15,5,1,1,0,0,90.0,40.0,4.0,12,0,22,5,1.3333333333333333,87.1875
10,6,10.0,12,2,1,0,0,0,72.0,16.0,4.0,0,0,15,2,0.6,25.25
2,10,3.0,14,0,0,0,0,0,42.0,0.0,0.0,0,0,14,0,5.0,7.56
8,4,5.0,11,4,1,0,0,0,55.0,20.0,4.0,0,0,16,4,0.5,17.375000000000004
5,4,6.0,14,3,2,0,0,0,84.0,18.0,8.0,0,0,19,3,0.8,30.975
3,3,5.0,13,2,1,1,0,0,65.0,10.0,4.0,12,0,17,2,1.0,26.937500000000004
4,2,4.0,10,2,1,0,0,0,40.0,8.0,4.0,0,0,13,2,0.5,11.46
7,5,5.0,19,4,1,1,0,0,95.0,20.0,4.0,12,0,25,4,0.7142857142857143,35.75000000000001
15,6,0.0,20,3,1,0,0,0,0.0,0.0,0.0,0,0,24,3,0.4,0.0
8,5,0.0,5,0,0,0,0,0,0.0,0.0,0.0,0,0,5,0,0.625,0.0
7,8,0.0,7,0,0,0,0,0,0.0,0.0,0.0,0,0,7,0,1.1428571428571428,0.0
8,6,0.0,4,0,0,0,0,0,0.0,0.0,0.0,0,0,4,0,0.75,0.0
6,7,0.0,6,2,0,0,0,0,0.0,0.0,0.0,0,0,8,2,1.1666666666666667,0.0
11,4,0.0,4,0,0,0,0,0,0.0,0.0,0.0,0,0,4,0,0.36363636363636365,0.0
21,10,24.0,15,1,0,0,0,0,90.0,8.0,0.0,0,0,16,1,0.47619047619047616,0.0
6,5,5.0,8,5,0,0,0,0,40.0,25.0,0.0,0,0,13,5,0.8333333333333334,15.90625
5,4,9.0,9,2,1,1,0,0,54.0,16.0,4.0,12,0,13,2,0.8,36.900000000000006
6,4,1.0,6,2,1,1,0,0,6.0,2.0,1.0,12,0,10,2,0.6666666666666666,20.700000000000003
6,4,6.0,9,2,1,1,0,0,54.0,12.0,4.0,12,0,13,2,0.6666666666666666,31.575000000000003
5,5,2.0,6,2,0,1,0,0,12.0,4.0,0.0,12,0,9,2,1.0,17.1
15,6,14.0,12,4,2,0,0,0,72.0,32.0,8.0,0,0,18,4,0.4,69.825
2,5,10.0,5,2,1,1,0,0,30.0,16.0,4.0,12,0,9,2,2.5,70.25000000000001
1,7,8.0,1,0,0,0,0,0,6.0,0.0,0.0,0,0,1,0,7.0,0.5999999999999999
4,5,5.0,2,2,1,1,0,0,10.0,10.0,4.0,12,0,6,2,1.25,28.9375
9,4,5.0,2,1,0,0,0,0,10.0,5.0,0.0,0,0,3,1,0.4444444444444444,5.0
2,14,6.0,20,10,3,1,1,4,120.0,60.0,12.0,12,4,35,11,7.0,138.825
4,6,7.0,4,0,0,0,0,0,24.0,0.0,0.0,0,0,4,0,1.5,4.2
3,12,8.0,10,8,1,1,0,0,60.0,64.0,4.0,12,0,20,8,4.0,70.69999999999999
4,14,5.0,5,3,1,1,0,0,25.0,15.0,4.0,12,0,10,3,3.5,32.8125
7,7,0.0,10,0,1,1,0,0,0.0,0.0,0.0,12,0,12,0,1.0,23.880000000000003
2,4,4.0,6,0,1,1,0,0,24.0,0.0,4.0,12,0,8,0,2.0,14.82
7,5,0.0,4,1,1,0,0,0,0.0,0.0,0.0,0,0,6,1,0.7142857142857143,10.8
4,6,0.0,5,1,1,0,0,0,0.0,0.0,0.0,0,0,7,1,1.5,10.98
3,2,12.0,6,2,1,1,0,0,36.0,16.0,4.0,12,0,10,2,0.6666666666666666,78.45
2,3,16.0,9,2,1,1,0,0,54.0,16.0,4.0,12,0,13,2,1.5,103.2
4,5,24.0,14,4,2,1,1,4,84.0,32.0,8.0,12,4,22,5,1.25,153.2325
4,2,6.0,2,1,1,0,0,0,12.0,6.0,4.0,0,0,4,1,0.5,13.5
3,1,10.0,10,2,1,1,0,0,60.0,16.0,4.0,12,0,14,2,0.3333333333333333,62.1875
2,4,8.0,10,2,0,1,0,0,60.0,16.0,0.0,12,0,13,2,2.0,45.39999999999999
1,2,6.0,8,2,1,1,1,4,48.0,12.0,4.0,12,4,13,3,2.0,69.3
5,6,6.0,12,4,1,1,0,0,72.0,24.0,4.0,12,0,18,4,1.2,57.525
5,4,5.0,9,2,1,0,0,0,45.0,10.0,4.0,0,0,12,2,0.8,26.25
5,2,5.0,7,2,1,0,0,0,35.0,10.0,4.0,0,0,10,2,0.4,21.1875
5,4,6.0,9,2,0,0,0,0,54.0,12.0,0.0,0,0,11,2,0.8,21.825000000000003
7,3,6.0,5,1,0,0,0,0,30.0,6.0,0.0,0,0,6,1,0.42857142857142855,12.9
1,1,5.0,2,1,0,0,0,0,10.0,5.0,0.0,0,0,3,1,1.0,8.625000000000002
9,4,6.0,9,2,1,1,0,0,54.0,12.0,4.0,12,0,13,2,0.4444444444444444,41.175
9,4,6.0,8,3,1,1,0,0,48.0,18.0,4.0,12,0,13,3,0.4444444444444444,48.9375
7,5,6.0,12,3,1,1,0,0,72.0,18.0,4.0,12,0,17,3,0.7142857142857143,50.85
5,5,5.0,13,4,2,1,0,0,65.0,20.0,8.0,12,0,20,4,1.0,57.125
5,4,6.0,15,4,2,1,0,0,90.0,24.0,8.0,12,0,22,4,0.8,76.23750000000001
3,5,6.0,10,3,1,1,0,0,60.0,18.0,4.0,12,0,15,3,1.6666666666666667,46.5
6,6,6.0,18,7,3,1,0,0,108.0,42.0,12.0,12,0,29,7,1.0,107.1
6,5,8.0,12,5,2,1,0,0,72.0,40.0,8.0,12,0,20,5,0.8333333333333334,95.35
7,3,11.0,10,2,1,1,0,0,60.0,16.0,4.0,12,0,14,2,0.42857142857142855,60.15625
2,2,12.0,5,3,1,1,0,0,30.0,24.0,4.0,12,0,10,3,1.0,63.75
5,4,15.0,3,3,1,1,0,0,18.0,24.0,4.0,12,0,8,3,0.8,91.6875
4,5,12.0,16,5,1,1,0,0,96.0,40.0,4.0,12,0,23,5,1.25,136.65
3,18,9.0,8,3,1,1,0,0,48.0,24.0,4.0,12,0,13,3,6.0,60.1875
2,2,9.0,5,2,1,1,1,4,30.0,16.0,4.0,12,4,10,3,1.0,86.51249999999999
13,6,12.0,9,4,2,1,1,4,54.0,32.0,8.0,12,4,17,5,0.46153846153846156,153.2325
4,4,10.0,17,4,2,1,0,0,102.0,32.0,8.0,12,0,24,4,1.0,115.625
6,2,4.0,3,2,1,1,0,0,12.0,8.0,4.0,12,0,7,2,0.3333333333333333,16.98
4,2,9.0,5,3,1,1,0,0,30.0,24.0,4.0,12,0,10,3,0.5,60.3
6,3,5.0,5,1,1,0,0,0,25.0,5.0,4.0,0,0,7,1,0.5,6.28125
5,3,6.0,7,1,1,1,0,0,42.0,6.0,4.0,12,0,10,1,0.6,27.0
6,3,6.0,6,1,1,1,0,0,36.0,6.0,4.0,12,0,9,1,0.5,22.6125
8,3,0.0,6,3,0,0,0,0,0.0,0.0,0.0,0,0,9,3,0.375,10.44
7,4,4.0,5,3,1,0,0,0,20.0,12.0,4.0,0,0,9,3,0.5714285714285714,9.9
8,3,8.0,6,3,1,1,0,0,36.0,24.0,4.0,12,0,11,3,0.375,46.55
6,9,0.0,5,2,1,0,0,0,0.0,0.0,0.0,0,0,8,2,1.5,8.28
7,5,0.0,6,2,0,0,0,0,0.0,0.0,0.0,0,0,8,2,0.7142857142857143,9.36
8,4,4.0,6,3,1,0,0,0,24.0,12.0,4.0,0,0,10,3,0.5,10.260000000000002
7,5,0.0,6,3,0,0,0,0,0.0,0.0,0.0,0,0,9,3,0.7142857142857143,7.920000000000001
7,3,6.0,6,3,1,1,0,0,36.0,18.0,4.0,12,0,11,3,0.42857142857142855,26.625
8,1,0.0,5,2,0,0,0,0,0.0,0.0,0.0,0,0,7,2,0.125,6.720000000000001
5,2,4.0,10,1,1,1,0,0,40.0,4.0,4.0,12,0,13,1,0.4,24.6
12,8,14.0,3,3,0,1,0,0,18.0,24.0,0.0,12,0,7,3,0.6666666666666666,89.77499999999999
10,4,12.0,5,0,0,0,0,0,30.0,0.0,0.0,0,0,5,0,0.4,6.525
5,5,12.0,8,4,1,1,0,0,48.0,32.0,4.0,12,0,14,4,1.0,96.375
5,5,10.0,8,3,0,1,0,0,48.0,24.0,0.0,12,0,12,3,1.0,53.25000000000001
6,6,10.0,3,0,0,0,0,0,18.0,0.0,0.0,0,0,3,0,1.0,3.75
5,5,10.0,8,0,0,0,0,0,48.0,0.0,0.0,0,0,8,0,1.0,8.875
1,2,6.0,4,2,1,0,0,0,24.0,12.0,4.0,0,0,7,2,2.0,5.7
3,4,4.0,5,4,1,1,0,0,20.0,16.0,4.0,12,0,11,4,1.3333333333333333,20.61
4,4,12.0,7,6,3,1,1,4,42.0,48.0,12.0,12,4,18,7,1.0,153.2325
2,2,12.0,4,2,1,1,0,0,24.0,16.0,4.0,12,0,8,2,1.0,66.9
2,2,12.0,6,3,1,1,1,4,36.0,24.0,4.0,12,4,12,4,1.0,127.8
3,6,10.0,5,3,1,1,1,4,30.0,24.0,4.0,12,4,11,4,2.0,116.25
7,9,12.0,4,3,2,1,0,0,24.0,24.0,8.0,12,0,10,3,1.2857142857142858,82.05000000000001
19,5,15.0,4,0,0,0,0,0,24.0,0.0,0.0,0,0,4,0,0.2631578947368421,4.59375
17,7,19.0,12,4,1,0,0,0,72.0,32.0,4.0,0,0,17,4,0.4117647058823529,73.3875
20,7,8.0,25,12,4,1,0,0,150.0,96.0,16.0,12,0,42,12,0.35,146.2
4,3,19.0,3,0,1,0,0,0,18.0,0.0,4.0,0,0,4,0,0.75,15.9125
10,5,23.0,8,2,1,0,0,0,48.0,16.0,4.0,0,0,11,2,0.5,54.3375
3,3,12.0,4,2,0,0,0,0,24.0,16.0,0.0,0,0,6,2,1.0,34.05
6,4,4.0,5,2,1,0,0,0,20.0,8.0,4.0,0,0,8,2,0.6666666666666666,6.96
8,4,4.0,5,0,0,0,0,0,20.0,0.0,0.0,0,0,5,0,0.5,1.2000000000000002
10,9,0.0,7,0,0,0,0,0,0.0,0.0,0.0,0,0,7,0,0.9,0.0
6,7,0.0,8,0,0,0,0,0,0.0,0.0,0.0,0,0,8,0,1.1666666666666667,0.0
9,7,3.0,6,0,0,0,0,0,18.0,0.0,0.0,0,0,6,0,0.7777777777777778,0.0
4,7,0.0,4,0,0,0,0,0,0.0,0.0,0.0,0,0,4,0,1.75,0.0
7,7,24.0,5,0,0,0,0,0,30.0,0.0,0.0,0,0,5,0,1.0,7.5
8,10,4.0,6,0,2,0,0,0,24.0,0.0,8.0,0,0,8,0,1.25,5.550000000000001
3,6,0.0,4,0,0,0,0,0,0.0,0.0,0.0,0,0,4,0,2.0,0.0
8,4,12.0,9,1,1,0,0,0,54.0,8.0,4.0,0,0,11,1,0.5,39.9
3,2,0.0,6,1,1,0,0,0,0.0,0.0,0.0,0,0,8,1,0.6666666666666666,11.79
2,2,0.0,2,1,1,0,0,0,0.0,0.0,0.0,0,0,4,1,1.0,4.5600000000000005
5,7,2.0,10,0,1,0,0,0,20.0,0.0,2.0,0,0,11,0,1.4,2.52
3,4,0.0,5,0,0,0,0,0,0.0,0.0,0.0,0,0,5,0,1.3333333333333333,0.0
6,5,4.0,3,0,1,0,0,0,12.0,0.0,4.0,0,0,4,0,0.8333333333333334,3.3600000000000003
4,13,24.0,15,0,1,0,0,0,90.0,0.0,4.0,0,0,16,0,3.25,69.0
4,7,4.0,9,0,0,0,0,0,36.0,0.0,0.0,0,0,9,0,1.75,2.16
3,5,3.0,6,0,1,0,0,0,18.0,0.0,3.0,0,0,7,0,1.6666666666666667,3.0600000000000005
4,6,0.0,5,0,0,0,0,0,0.0,0.0,0.0,0,0,5,0,1.5,0.0
4,5,0.0,4,0,0,0,0,0,0.0,0.0,0.0,0,0,4,0,1.25,0.0
4,3,5.0,7,0,0,0,0,0,35.0,0.0,0.0,0,0,7,0,0.75,4.9375
7,4,19.0,8,4,2,1,1,4,48.0,32.0,8.0,12,4,16,5,0.5714285714285714,153.2325
5,3,2.0,7,3,2,1,0,0,14.0,6.0,4.0,12,0,13,3,0.6,42.54
5,3,15.0,9,3,2,1,1,4,54.0,24.0,8.0,12,4,16,4,0.6,153.2325
1,2,15.0,6,2,1,1,1,4,36.0,16.0,4.0,12,4,11,3,2.0,153.2325
1,2,16.0,6,2,1,1,0,0,36.0,16.0,4.0,12,0,10,2,2.0,81.69999999999999
3,2,15.0,5,1,1,1,0,0,30.0,8.0,4.0,12,0,8,1,0.6666666666666666,78.1875
6,5,8.0,3,3,1,1,0,0,18.0,24.0,4.0,12,0,8,3,0.8333333333333334,52.64999999999999
9,4,9.0,15,2,1,1,0,0,90.0,16.0,4.0,12,0,19,2,0.4444444444444444,57.0375
9,4,21.0,12,3,3,1,0,0,72.0,24.0,12.0,12,0,19,3,0.4444444444444444,144.76874999999998
7,7,4.0,6,3,1,0,0,0,24.0,12.0,4.0,0,0,10,3,1.0,19.200000000000003
3,4,10.0,5,2,0,0,0,0,30.0,16.0,0.0,0,0,7,2,1.3333333333333333,22.000000000000004
9,6,12.0,8,2,0,0,0,0,48.0,16.0,0.0,0,0,10,2,0.6666666666666666,34.5
7,6,12.0,4,2,1,0,0,0,24.0,16.0,4.0,0,0,7,2,0.8571428571428571,47.025000000000006
4,4,12.0,4,1,0,0,0,0,24.0,8.0,0.0,0,0,5,1,1.0,14.4
6,3,12.0,4,2,1,0,0,0,24.0,16.0,4.0,0,0,7,2,0.5,38.7
4,4,12.0,6,2,2,1,0,0,36.0,16.0,8.0,12,0,11,2,1.0,74.7
4,1,12.0,6,2,1,1,0,0,36.0,16.0,4.0,12,0,10,2,0.25,75.15
5,5,12.0,8,3,1,1,1,4,48.0,24.0,4.0,12,4,14,4,1.0,146.85
3,5,12.0,5,1,0,0,0,0,30.0,8.0,0.0,0,0,6,1,1.6666666666666667,7.725
7,5,12.0,6,0,0,0,0,0,36.0,0.0,0.0,0,0,6,0,0.7142857142857143,7.425
6,5,12.0,8,1,1,0,0,0,48.0,8.0,4.0,0,0,10,1,0.8333333333333334,29.7
9,6,14.0,9,1,1,1,0,0,54.0,8.0,4.0,12,0,12,1,0.6666666666666666,76.3875
6,7,12.0,9,0,0,0,0,0,54.0,0.0,0.0,0,0,9,0,1.1666666666666667,19.05
7,4,12.0,6,1,0,1,0,0,36.0,8.0,0.0,12,0,8,1,0.5714285714285714,47.025
6,5,12.0,5,1,0,0,0,0,30.0,8.0,0.0,0,0,6,1,0.8333333333333334,10.5
5,3,15.0,8,3,1,1,0,0,48.0,24.0,4.0,12,0,13,3,0.6,119.4375
5,9,3.0,5,1,1,0,0,0,15.0,3.0,3.0,0,0,7,1,1.8,3.630000000000001
6,3,15.0,16,4,2,1,1,4,96.0,32.0,8.0,12,4,24,5,0.5,153.2325
6,9,6.0,1,2,1,1,0,0,6.0,12.0,4.0,12,0,5,2,1.5,33.375
10,4,4.0,8,2,1,0,0,0,32.0,8.0,4.0,0,0,11,2,0.4,3.96
3,2,5.0,9,3,1,1,0,0,45.0,15.0,4.0,12,0,14,3,0.6666666666666666,23.812500000000004
2,3,5.0,3,2,1,1,0,0,15.0,10.0,4.0,12,0,7,2,1.5,21.8125
6,4,4.0,8,0,1,1,0,0,32.0,0.0,4.0,12,0,10,0,0.6666666666666666,17.07
4,4,3.0,8,2,1,1,0,0,24.0,6.0,3.0,12,0,12,2,1.0,19.5
5,3,3.0,5,4,2,1,1,4,15.0,12.0,6.0,12,4,13,5,0.6,47.7
9,7,7.0,12,7,1,1,0,0,72.0,49.0,4.0,12,0,21,7,0.7777777777777778,60.2
8,4,8.0,4,0,0,0,0,0,24.0,0.0,0.0,0,0,4,0,0.5,4.25
36,12,6.0,12,0,0,0,0,0,72.0,0.0,0.0,0,0,12,0,0.3333333333333333,6.3
6,3,8.0,4,0,0,0,0,0,24.0,0.0,0.0,0,0,4,0,0.5,10.1
12,4,8.0,4,0,0,0,0,0,24.0,0.0,0.0,0,0,4,0,0.3333333333333333,3.45
16,4,6.0,4,0,0,0,0,0,24.0,0.0,0.0,0,0,4,0,0.25,2.55
18,8,6.0,15,6,3,0,0,0,90.0,36.0,12.0,0,0,24,6,0.4444444444444444,36.75
4,2,6.0,3,0,0,0,0,0,18.0,0.0,0.0,0,0,3,0,0.5,1.2000000000000002
12,3,6.0,5,0,0,0,0,0,30.0,0.0,0.0,0,0,5,0,0.25,1.7625
7,3,6.0,5,0,0,0,0,0,30.0,0.0,0.0,0,0,5,0,0.42857142857142855,2.0625
10,4,6.0,7,0,0,1,0,0,42.0,0.0,0.0,12,0,8,0,0.4,17.55
7,2,6.0,4,1,1,0,0,0,24.0,6.0,4.0,0,0,6,1,0.2857142857142857,8.475
8,7,8.0,0,4,2,0,0,0,0.0,32.0,8.0,0,0,6,4,0.875,32.4
6,2,8.0,3,0,0,0,0,0,18.0,0.0,0.0,0,0,3,0,0.3333333333333333,2.5
3,2,0.0,4,1,0,1,0,0,0.0,0.0,0.0,12,0,6,1,0.6666666666666666,10.8
10,3,0.0,6,2,1,0,0,0,0.0,0.0,0.0,0,0,9,2,0.3,1.08
5,4,9.0,3,2,1,0,0,0,18.0,16.0,4.0,0,0,6,2,0.8,11.8125
6,3,12.0,12,3,1,1,0,0,72.0,24.0,4.0,12,0,17,3,0.5,98.925
3,4,4.0,5,1,1,1,0,0,20.0,4.0,4.0,12,0,8,1,1.3333333333333333,20.22
13,7,5.0,9,4,3,1,0,0,45.0,20.0,12.0,12,0,17,4,0.5384615384615384,28.53125
13,8,6.0,11,0,1,0,0,0,66.0,0.0,4.0,0,0,12,0,0.6153846153846154,10.2
15,11,6.0,13,0,0,0,0,0,78.0,0.0,0.0,0,0,13,0,0.7333333333333333,4.875
6,5,14.0,9,3,2,1,0,0,54.0,24.0,8.0,12,0,15,3,0.8333333333333334,84.78750000000002
11,6,18.0,8,3,1,0,0,0,48.0,24.0,4.0,0,0,12,3,0.5454545454545454,53.212500000000006
5,4,18.0,6,0,0,0,0,0,36.0,0.0,0.0,0,0,6,0,0.8,14.85
5,3,18.0,6,2,1,0,0,0,36.0,16.0,4.0,0,0,9,2,0.6,60.8625
8,5,18.0,6,3,0,0,0,0,36.0,24.0,0.0,0,0,9,3,0.625,38.5875
6,6,18.0,6,0,1,0,0,0,36.0,0.0,4.0,0,0,7,0,1.0,25.9875
6,5,18.0,5,4,1,1,0,0,30.0,32.0,4.0,12,0,11,4,0.8333333333333334,115.3125
4,3,18.0,4,3,1,1,1,4,24.0,24.0,4.0,12,4,10,4,0.75,153.2325
5,3,18.0,4,1,0,0,0,0,24.0,8.0,0.0,0,0,5,1,0.6,19.2375
8,4,18.0,7,2,0,0,0,0,42.0,16.0,0.0,0,0,9,2,0.5,52.2
9,6,18.0,6,5,1,0,0,0,36.0,40.0,4.0,0,0,12,5,0.6666666666666666,95.4
5,3,18.0,5,0,0,0,0,0,30.0,0.0,0.0,0,0,5,0,0.6,26.325
6,4,18.0,5,4,1,1,0,0,30.0,32.0,4.0,12,0,11,4,0.6666666666666666,126.45000000000002
3,3,18.0,4,2,1,1,1,4,24.0,16.0,4.0,12,4,9,3,1.0,153.2325
2,2,18.0,4,0,0,1,1,4,24.0,0.0,0.0,12,4,6,1,1.0,141.75
3,2,18.0,3,2,0,1,1,4,18.0,16.0,0.0,12,4,7,3,0.6666666666666666,153.2325
5,2,0.0,3,1,1,0,0,0,0.0,0.0,0.0,0,0,5,1,0.4,7.290000000000001
4,2,5.0,4,1,1,0,0,0,20.0,5.0,4.0,0,0,6,1,0.5,10.59375
2,1,5.0,4,1,1,0,0,0,20.0,5.0,4.0,0,0,6,1,0.5,10.1875
4,1,12.0,3,1,1,0,0,0,18.0,8.0,4.0,0,0,5,1,0.25,34.650000000000006
4,2,24.0,3,1,1,0,0,0,18.0,8.0,4.0,0,0,5,1,0.5,138.0
2,1,12.0,5,1,1,0,0,0,30.0,8.0,4.0,0,0,7,1,0.5,50.25
3,1,0.0,1,1,1,1,0,0,0.0,0.0,0.0,12,0,4,1,0.3333333333333333,18.72
6,2,3.0,5,1,1,0,0,0,15.0,3.0,3.0,0,0,7,1,0.3333333333333333,3.96
3,3,5.0,1,1,1,0,0,0,5.0,5.0,4.0,0,0,3,1,1.0,5.625
4,2,0.0,2,1,1,0,0,0,0.0,0.0,0.0,0,0,4,1,0.5,6.420000000000001
4,3,3.0,5,2,1,1,0,0,15.0,6.0,3.0,12,0,9,2,0.75,19.62
4,2,4.0,7,3,2,1,0,0,28.0,12.0,8.0,12,0,13,3,0.5,26.910000000000004
14,4,10.0,5,1,2,1,0,0,30.0,8.0,8.0,12,0,9,1,0.2857142857142857,41.5
4,2,3.0,3,1,1,1,0,0,9.0,3.0,3.0,12,0,6,1,0.5,17.22
6,3,10.0,4,0,1,1,0,0,24.0,0.0,4.0,12,0,6,0,0.5,36.75
1,3,10.0,3,0,0,1,0,0,18.0,0.0,0.0,12,0,4,0,3.0,25.625
3,2,10.0,3,1,0,0,0,0,18.0,8.0,0.0,0,0,4,1,0.6666666666666666,17.875000000000004
2,2,4.0,2,0,0,0,0,0,8.0,0.0,0.0,0,0,2,0,1.0,0.9
4,3,10.0,4,2,1,1,0,0,24.0,16.0,4.0,12,0,8,2,0.75,56.5
2,2,12.0,3,1,1,1,0,0,18.0,8.0,4.0,12,0,6,1,1.0,55.5
6,3,12.0,4,2,1,1,0,0,24.0,16.0,4.0,12,0,8,2,0.5,72.0
18,8,0.0,15,3,3,1,0,0,0.0,0.0,0.0,12,0,22,3,0.4444444444444444,31.32
9,8,5.0,9,0,0,0,0,0,45.0,0.0,0.0,0,0,9,0,0.8888888888888888,3.3125
6,4,4.0,5,0,0,0,0,0,20.0,0.0,0.0,0,0,5,0,0.6666666666666666,5.370000000000001
4,3,4.0,5,0,0,0,0,0,20.0,0.0,0.0,0,0,5,0,0.75,5.220000000000001
5,2,3.0,4,2,0,1,0,0,12.0,6.0,0.0,12,0,7,2,0.4,22.56
6,4,4.0,6,2,0,1,0,0,24.0,8.0,0.0,12,0,9,2,0.6666666666666666,23.94
4,2,1.0,5,2,0,0,0,0,5.0,2.0,0.0,0,0,7,2,0.5,11.76
7,4,4.0,10,4,2,1,0,0,40.0,16.0,8.0,12,0,17,4,0.5714285714285714,40.38
5,4,4.0,9,3,0,0,0,0,36.0,12.0,0.0,0,0,12,3,0.8,19.980000000000004
6,4,15.0,8,3,1,1,0,0,48.0,24.0,4.0,12,0,13,3,0.6666666666666666,102.65625
6,3,8.0,6,3,1,1,0,0,36.0,24.0,4.0,12,0,11,3,0.5,38.9
6,3,14.0,5,2,1,1,0,0,30.0,16.0,4.0,12,0,9,2,0.5,49.7875
6,3,4.0,5,3,1,1,0,0,20.0,12.0,4.0,12,0,10,3,0.5,14.580000000000002
8,4,14.0,5,2,1,1,0,0,30.0,16.0,4.0,12,0,9,2,0.5,54.075
4,4,5.0,7,5,1,1,0,0,35.0,25.0,4.0,12,0,14,5,1.0,39.75000000000001
6,3,14.0,5,2,1,1,0,0,30.0,16.0,4.0,12,0,9,2,0.5,51.8
6,4,14.0,5,3,1,1,0,0,30.0,24.0,4.0,12,0,10,3,0.6666666666666666,77.875
7,3,10.0,7,3,1,1,0,0,42.0,24.0,4.0,12,0,12,3,0.42857142857142855,53.50000000000001
5,4,8.0,5,3,1,1,0,0,30.0,24.0,4.0,12,0,10,3,0.8,36.3
5,3,5.0,5,3,1,1,0,0,25.0,15.0,4.0,12,0,10,3,0.6,22.062500000000004
6,4,14.0,8,3,1,1,0,0,48.0,24.0,4.0,12,0,13,3,0.6666666666666666,67.025
7,4,3.0,4,2,0,0,0,0,12.0,6.0,0.0,0,0,6,2,0.5714285714285714,5.28
7,4,14.0,8,3,2,1,0,0,48.0,24.0,8.0,12,0,14,3,0.5714285714285714,88.55000000000001
7,1,13.0,2,1,1,0,0,0,12.0,8.0,4.0,0,0,4,1,0.14285714285714285,13.65
8,8,4.0,12,2,0,0,0,0,48.0,8.0,0.0,0,0,14,2,1.0,7.800000000000001
9,7,4.0,4,0,0,0,0,0,16.0,0.0,0.0,0,0,4,0,0.7777777777777778,1.08
9,4,0.0,4,0,0,0,0,0,0.0,0.0,0.0,0,0,4,0,0.4444444444444444,1.08
6,5,0.0,3,0,0,0,0,0,0.0,0.0,0.0,0,0,3,0,0.8333333333333334,0.7200000000000001
4,4,4.0,2,0,1,1,0,0,8.0,0.0,4.0,12,0,4,0,1.0,13.740000000000002
6,9,5.0,5,2,1,0,0,0,25.0,10.0,4.0,0,0,8,2,1.5,10.0
4,5,6.0,4,0,1,0,0,0,24.0,0.0,4.0,0,0,5,0,1.25,4.5
11,5,9.0,4,0,0,0,0,0,24.0,0.0,0.0,0,0,4,0,0.45454545454545453,2.25
4,8,2.0,6,1,1,0,0,0,12.0,2.0,2.0,0,0,8,1,2.0,5.64
8,4,2.0,2,1,1,0,0,0,4.0,2.0,2.0,0,0,4,1,0.5,4.62
8,6,2.0,6,1,0,0,0,0,12.0,2.0,0.0,0,0,7,1,0.75,2.9400000000000004
8,5,5.0,16,4,1,1,0,0,80.0,20.0,4.0,12,0,22,4,0.625,32.625
7,3,4.0,9,3,1,1,0,0,36.0,12.0,4.0,12,0,14,3,0.42857142857142855,23.010000000000005
4,2,4.0,6,2,1,0,0,0,24.0,8.0,4.0,0,0,9,2,0.5,12.240000000000002
5,2,5.0,5,1,1,0,0,0,25.0,5.0,4.0,0,0,7,1,0.4,11.500000000000002
4,5,5.0,16,7,1,1,0,0,80.0,35.0,4.0,12,0,25,7,1.25,57.09375000000001
7,4,5.0,13,3,1,1,0,0,65.0,15.0,4.0,12,0,18,3,0.5714285714285714,30.9375
8,7,2.0,25,8,2,1,0,0,50.0,16.0,4.0,12,0,36,8,0.875,73.25999999999999
7,6,4.0,15,7,1,1,0,0,60.0,28.0,4.0,12,0,24,7,0.8571428571428571,46.71000000000001
7,6,3.0,20,6,1,0,0,0,60.0,18.0,3.0,0,0,27,6,0.8571428571428571,40.56
5,2,6.0,5,1,1,0,0,0,30.0,6.0,4.0,0,0,7,1,0.4,14.7
5,4,5.0,18,6,1,1,0,0,90.0,30.0,4.0,12,0,26,6,0.8,51.37500000000001
6,5,4.0,20,7,2,1,0,0,80.0,28.0,8.0,12,0,30,7,0.8333333333333334,62.970000000000006
5,4,8.0,8,4,2,1,0,0,48.0,32.0,8.0,12,0,15,4,0.8,85.0
4,4,12.0,8,4,1,1,0,0,48.0,32.0,4.0,12,0,14,4,1.0,116.7
5,4,20.0,10,4,2,1,0,0,60.0,32.0,8.0,12,0,17,4,0.8,153.2325
6,6,21.0,12,4,1,1,0,0,72.0,32.0,4.0,12,0,18,4,1.0,153.2325
3,2,5.0,3,1,1,0,0,0,15.0,5.0,4.0,0,0,5,1,0.6666666666666666,4.4375
2,1,1.0,3,1,1,0,0,0,3.0,1.0,1.0,0,0,5,1,0.5,1.2000000000000002
5,2,3.0,4,1,1,0,0,0,12.0,3.0,3.0,0,0,6,1,0.4,3.9
3,1,6.0,3,1,1,0,0,0,18.0,6.0,4.0,0,0,5,1,0.3333333333333333,6.225
12,2,8.0,4,1,1,1,0,0,24.0,8.0,4.0,12,0,7,1,0.16666666666666666,30.6
2,1,8.0,2,1,1,0,0,0,12.0,8.0,4.0,0,0,4,1,0.5,10.8
6,3,6.0,7,1,1,1,0,0,42.0,6.0,4.0,12,0,10,1,0.5,23.55
11,3,4.0,3,0,0,0,0,0,12.0,0.0,0.0,0,0,3,0,0.2727272727272727,0.42
7,2,1.0,2,1,1,0,0,0,2.0,1.0,1.0,0,0,4,1,0.2857142857142857,3.0600000000000005
5,2,5.0,3,2,1,1,0,0,15.0,10.0,4.0,12,0,7,2,0.4,17.78125
4,3,4.0,4,2,0,1,0,0,16.0,8.0,0.0,12,0,7,2,0.75,14.730000000000002
5,2,5.0,3,2,0,0,0,0,15.0,10.0,0.0,0,0,5,2,0.4,3.65625
6,3,8.0,2,1,0,0,0,0,12.0,8.0,0.0,0,0,3,1,0.5,3.35
6,3,11.0,5,1,0,0,0,0,30.0,8.0,0.0,0,0,6,1,0.5,3.1625
4,2,10.0,3,1,0,0,0,0,18.0,8.0,0.0,0,0,4,1,0.5,2.375
7,5,8.0,5,2,1,1,0,0,30.0,16.0,4.0,12,0,9,2,0.7142857142857143,49.6
5,6,8.0,5,2,0,0,0,0,30.0,16.0,0.0,0,0,7,2,1.2,17.15
5,3,9.0,4,1,0,0,0,0,24.0,8.0,0.0,0,0,5,1,0.6,9.843749999999998
6,5,11.0,8,2,1,0,0,0,48.0,16.0,4.0,0,0,11,2,0.8333333333333334,37.4
6,4,6.0,9,2,1,1,0,0,54.0,12.0,4.0,12,0,13,2,0.6666666666666666,33.6375
5,3,5.0,7,2,1,1,0,0,35.0,10.0,4.0,12,0,11,2,0.6,33.18750000000001
2,2,10.0,5,2,1,1,0,0,30.0,16.0,4.0,12,0,9,2,1.0,59.875
1,2,14.0,8,1,1,0,0,0,48.0,8.0,4.0,0,0,10,1,2.0,31.325000000000003
5,3,3.0,15,3,1,1,0,0,45.0,9.0,3.0,12,0,20,3,0.6,28.74
6,4,6.0,10,3,1,1,0,0,60.0,18.0,4.0,12,0,15,3,0.6666666666666666,34.5
5,3,6.0,6,2,1,0,0,0,36.0,12.0,4.0,0,0,9,2,0.6,20.175
4,2,8.0,8,2,1,1,0,0,48.0,16.0,4.0,12,0,12,2,0.5,47.2
3,2,4.0,6,2,1,1,0,0,24.0,8.0,4.0,12,0,10,2,0.6666666666666666,27.480000000000004
5,2,5.0,8,2,1,1,0,0,40.0,10.0,4.0,12,0,12,2,0.4,31.84375
6,4,24.0,5,2,1,1,0,0,30.0,16.0,4.0,12,0,9,2,0.6666666666666666,152.10000000000002
6,5,24.0,6,3,1,1,0,0,36.0,24.0,4.0,12,0,11,3,0.8333333333333334,153.2325
3,3,3.0,6,1,1,0,0,0,18.0,3.0,3.0,0,0,8,1,1.0,16.380000000000003
4,3,4.0,6,1,1,1,0,0,24.0,4.0,4.0,12,0,9,1,0.75,24.24
9,4,4.0,8,1,1,1,0,0,32.0,4.0,4.0,12,0,11,1,0.4444444444444444,24.48
7,3,4.0,6,0,1,1,0,0,24.0,0.0,4.0,12,0,8,0,0.42857142857142855,19.680000000000003
8,3,4.0,8,0,1,0,0,0,32.0,0.0,4.0,0,0,9,0,0.375,9.6
5,3,3.0,6,0,1,1,0,0,18.0,0.0,3.0,12,0,8,0,0.6,18.72
5,4,3.0,6,0,0,1,0,0,18.0,0.0,0.0,12,0,7,0,0.8,13.68
2,2,4.0,4,0,0,1,0,0,16.0,0.0,0.0,12,0,5,0,1.0,12.72
5,4,5.0,9,3,1,1,0,0,45.0,15.0,4.0,12,0,14,3,0.8,30.531250000000004
6,4,4.0,9,4,1,1,0,0,36.0,16.0,4.0,12,0,15,4,0.6666666666666666,31.92
7,4,7.0,9,4,2,1,1,4,54.0,28.0,8.0,12,4,17,5,0.5714285714285714,88.98750000000001
4,3,7.0,6,2,1,0,0,0,36.0,14.0,4.0,0,0,9,2,0.75,18.375
4,2,7.0,4,2,1,1,0,0,24.0,14.0,4.0,12,0,8,2,0.5,35.0875
7,3,7.0,6,2,1,1,0,0,36.0,14.0,4.0,12,0,10,2,0.42857142857142855,37.625
4,3,6.0,6,2,1,1,0,0,36.0,12.0,4.0,12,0,10,2,0.75,31.65
5,6,18.0,8,3,2,1,1,4,48.0,24.0,8.0,12,4,15,4,1.2,153.2325
10,15,14.0,7,2,1,1,0,0,42.0,16.0,4.0,12,0,11,2,1.5,123.025
15,12,14.0,23,5,1,1,0,0,138.0,40.0,4.0,12,0,30,5,0.8,153.2325
6,6,10.0,5,3,1,1,1,4,30.0,24.0,4.0,12,4,11,4,1.0,111.75
6,3,14.0,6,3,1,1,1,4,36.0,24.0,4.0,12,4,12,4,0.5,153.2325
11,6,10.0,12,3,2,1,0,0,72.0,24.0,8.0,12,0,18,3,0.5454545454545454,94.125
4,2,5.0,4,2,1,1,0,0,20.0,10.0,4.0,12,0,8,2,0.5,25.0
8,7,10.0,5,2,2,1,0,0,30.0,16.0,8.0,12,0,10,2,0.875,84.25
8,7,10.0,4,2,2,1,0,0,24.0,16.0,8.0,12,0,9,2,0.875,82.25
8,6,10.0,4,2,2,1,0,0,24.0,16.0,8.0,12,0,9,2,0.75,81.75
10,6,10.0,4,2,0,1,0,0,24.0,16.0,0.0,12,0,7,2,0.6,43.75
12,4,12.0,4,2,1,0,0,0,24.0,16.0,4.0,0,0,7,2,0.3333333333333333,28.35
8,6,8.0,13,2,1,1,0,0,78.0,16.0,4.0,12,0,17,2,0.75,49.2
8,5,10.0,6,0,0,0,0,0,36.0,0.0,0.0,0,0,6,0,0.625,6.5
27,10,10.0,12,5,0,0,0,0,72.0,40.0,0.0,0,0,17,5,0.37037037037037035,49.0
7,6,10.0,6,0,0,0,0,0,36.0,0.0,0.0,0,0,6,0,0.8571428571428571,5.875
20,15,12.0,12,8,2,0,0,0,72.0,64.0,8.0,0,0,22,8,0.75,107.1
12,5,8.0,7,5,3,1,0,0,42.0,40.0,12.0,12,0,16,5,0.4166666666666667,70.3
12,6,8.0,7,4,2,1,0,0,42.0,32.0,8.0,12,0,14,4,0.5,50.05
9,6,8.0,6,0,1,0,0,0,36.0,0.0,4.0,0,0,7,0,0.6666666666666666,15.9
13,5,8.0,7,0,0,0,0,0,42.0,0.0,0.0,0,0,7,0,0.38461538461538464,4.5
7,4,8.0,5,2,2,0,0,0,30.0,16.0,8.0,0,0,9,2,0.5714285714285714,29.1
18,7,8.0,8,4,1,0,0,0,48.0,32.0,4.0,0,0,13,4,0.3888888888888889,34.9
16,7,8.0,9,5,0,0,0,0,54.0,40.0,0.0,0,0,14,5,0.4375,34.9
4,3,4.0,7,2,1,1,0,0,28.0,8.0,4.0,12,0,11,2,0.75,25.53
4,3,24.0,8,2,0,0,0,0,48.0,16.0,0.0,0,0,10,2,0.75,149.4
3,3,24.0,5,2,1,0,0,0,30.0,16.0,4.0,0,0,8,2,1.0,121.8
6,4,6.0,12,5,2,1,0,0,72.0,30.0,8.0,12,0,20,5,0.6666666666666666,59.85
6,3,5.0,14,6,2,1,0,0,70.0,30.0,8.0,12,0,23,6,0.5,41.06250000000001
5,4,5.0,12,5,1,1,0,0,60.0,25.0,4.0,12,0,19,5,0.8,38.90625
3,3,5.0,14,3,0,1,0,0,70.0,15.0,0.0,12,0,18,3,1.0,28.4375
3,3,5.0,8,3,0,1,0,0,40.0,15.0,0.0,12,0,12,3,1.0,29.750000000000004
3,1,3.0,1,1,1,1,1,4,3.0,3.0,3.0,12,4,5,2,0.3333333333333333,46.080000000000005
6,3,3.0,6,2,1,0,0,0,18.0,6.0,3.0,0,0,9,2,0.5,18.0
8,6,3.0,6,2,0,0,0,0,18.0,6.0,0.0,0,0,8,2,0.75,8.459999999999999
5,2,6.0,7,2,1,1,0,0,42.0,12.0,4.0,12,0,11,2,0.4,36.075
11,8,3.0,14,2,0,0,0,0,42.0,6.0,0.0,0,0,16,2,0.7272727272727273,11.16
9,4,3.0,8,1,0,0,0,0,24.0,3.0,0.0,0,0,9,1,0.4444444444444444,4.800000000000001
5,3,4.0,8,2,1,1,0,0,32.0,8.0,4.0,12,0,12,2,0.6,28.380000000000003
1,1,4.0,2,1,1,1,0,0,8.0,4.0,4.0,12,0,5,1,1.0,19.71
9,4,8.0,6,0,0,0,0,0,36.0,0.0,0.0,0,0,6,0,0.4444444444444444,6.4
7,2,8.0,3,2,1,1,0,0,18.0,16.0,4.0,12,0,7,2,0.2857142857142857,29.6
7,5,5.0,5,3,1,1,0,0,25.0,15.0,4.0,12,0,10,3,0.7142857142857143,37.53125
6,4,4.0,6,2,0,0,0,0,24.0,8.0,0.0,0,0,8,2,0.6666666666666666,15.12
6,6,6.0,5,0,0,1,0,0,30.0,0.0,0.0,12,0,6,0,1.0,22.875
7,6,11.0,5,3,1,1,0,0,30.0,24.0,4.0,12,0,10,3,0.8571428571428571,98.3125
4,4,7.0,4,1,0,0,0,0,24.0,7.0,0.0,0,0,5,1,1.0,4.768750000000001
10,3,9.0,4,0,0,0,0,0,24.0,0.0,0.0,0,0,4,0,0.3,2.25
5,2,15.0,2,0,0,0,0,0,12.0,0.0,0.0,0,0,2,0,0.4,1.3125
16,5,9.0,4,4,0,0,0,0,24.0,32.0,0.0,0,0,8,4,0.3125,15.58125
14,5,4.0,5,2,0,0,0,0,20.0,8.0,0.0,0,0,7,2,0.35714285714285715,4.890000000000001
6,3,5.0,7,1,0,0,0,0,35.0,5.0,0.0,0,0,8,1,0.5,3.3125000000000004
9,9,20.0,8,0,0,0,1,4,48.0,0.0,0.0,0,4,9,1,1.0,108.75
24,8,20.0,13,5,2,1,0,0,78.0,40.0,8.0,12,0,21,5,0.3333333333333333,122.75
4,3,9.0,2,0,0,0,0,0,12.0,0.0,0.0,0,0,2,0,0.75,1.40625
11,5,22.0,6,0,0,0,0,0,36.0,0.0,0.0,0,0,6,0,0.45454545454545453,9.075
5,4,10.0,6,4,1,1,0,0,36.0,32.0,4.0,12,0,12,4,0.8,60.12500000000001
4,4,6.0,5,3,1,1,0,0,30.0,18.0,4.0,12,0,10,3,1.0,23.025
3,2,12.0,3,1,1,1,0,0,18.0,8.0,4.0,12,0,6,1,0.6666666666666666,39.6
5,4,12.0,3,2,1,1,0,0,18.0,16.0,4.0,12,0,7,2,0.8,44.25
6,6,12.0,8,6,2,1,1,4,48.0,48.0,8.0,12,4,18,7,1.0,153.2325
3,2,5.0,3,2,1,1,0,0,15.0,10.0,4.0,12,0,7,2,0.6666666666666666,17.75
4,3,12.0,3,2,1,1,0,0,18.0,16.0,4.0,12,0,7,2,0.75,40.95
3,2,12.0,2,0,0,0,0,0,12.0,0.0,0.0,0,0,2,0,0.6666666666666666,1.65
4,5,6.0,5,4,1,1,0,0,30.0,24.0,4.0,12,0,11,4,1.25,26.175
3,3,5.0,5,2,1,1,0,0,25.0,10.0,4.0,12,0,9,2,1.0,17.375000000000004
3,2,12.0,3,2,1,1,0,0,18.0,16.0,4.0,12,0,7,2,0.6666666666666666,39.15
1,1,12.0,2,1,1,0,0,0,12.0,8.0,4.0,0,0,4,1,1.0,8.55
6,4,5.0,5,3,1,1,0,0,25.0,15.0,4.0,12,0,10,3,0.6666666666666666,19.9375
1,1,8.0,2,1,1,0,0,0,12.0,8.0,4.0,0,0,4,1,1.0,5.7
5,3,5.0,5,3,1,1,0,0,25.0,15.0,4.0,12,0,10,3,0.6,19.125000000000004
4,3,5.0,5,3,1,1,0,0,25.0,15.0,4.0,12,0,10,3,0.75,22.5625
15,12,18.0,16,12,12,1,0,0,96.0,96.0,48.0,12,0,41,12,0.8,153.2325
3,6,12.0,6,2,1,1,1,4,36.0,16.0,4.0,12,4,11,3,2.0,153.2325
2,4,12.0,8,4,1,1,1,4,48.0,32.0,4.0,12,4,15,5,2.0,151.5
4,6,12.0,8,6,2,1,1,4,48.0,48.0,8.0,12,4,18,7,1.5,153.2325
2,2,15.0,3,1,1,0,0,0,18.0,8.0,4.0,0,0,5,1,1.0,32.625
2,3,15.0,5,2,1,0,0,0,30.0,16.0,4.0,0,0,8,2,1.5,36.0
4,4,15.0,5,1,1,0,0,0,30.0,8.0,4.0,0,0,7,1,1.0,29.8125
3,3,15.0,4,3,1,1,1,4,24.0,24.0,4.0,12,4,10,4,1.0,153.2325
5,4,15.0,6,2,1,1,0,0,36.0,16.0,4.0,12,0,10,2,0.8,80.4375
3,2,14.0,5,2,1,1,0,0,30.0,16.0,4.0,12,0,9,2,0.6666666666666666,84.78750000000002
3,2,15.0,4,1,1,1,0,0,24.0,8.0,4.0,12,0,7,1,0.6666666666666666,65.8125
2,4,15.0,6,4,1,1,1,4,36.0,32.0,4.0,12,4,13,5,2.0,153.2325
3,3,7.0,7,2,1,1,1,4,42.0,14.0,4.0,12,4,12,3,1.0,79.36250000000001
1,2,3.0,6,2,0,0,0,0,18.0,6.0,0.0,0,0,8,2,2.0,13.92
2,2,4.0,7,2,1,1,0,0,28.0,8.0,4.0,12,0,11,2,1.0,29.64
1,2,4.0,3,1,0,0,0,0,12.0,4.0,0.0,0,0,4,1,2.0,15.93
4,4,5.0,9,3,1,1,0,0,45.0,15.0,4.0,12,0,14,3,1.0,46.375
3,2,6.0,4,1,1,0,0,0,24.0,6.0,4.0,0,0,6,1,0.6666666666666666,26.4375
4,6,5.0,14,4,2,1,0,0,70.0,20.0,8.0,12,0,21,4,1.5,48.125
6,8,11.0,9,6,4,1,1,4,54.0,48.0,16.0,12,4,21,7,1.3333333333333333,153.2325
5,3,14.0,10,4,1,1,0,0,60.0,32.0,4.0,12,0,16,4,0.6,127.05
3,3,15.0,12,3,0,1,0,0,72.0,24.0,0.0,12,0,16,3,1.0,128.0625
5,4,24.0,10,4,3,0,0,0,60.0,32.0,12.0,0,0,17,4,0.8,153.2325
23,17,3.0,19,18,4,1,0,0,57.0,54.0,12.0,12,0,42,18,0.7391304347826086,51.24000000000001
6,4,7.0,14,5,2,1,0,0,84.0,35.0,8.0,12,0,22,5,0.6666666666666666,70.2625
3,4,6.0,7,1,1,1,0,0,42.0,6.0,4.0,12,0,10,1,1.3333333333333333,23.55
3,3,16.0,5,2,1,0,0,0,30.0,16.0,4.0,0,0,8,2,1.0,42.6
8,4,12.0,3,0,0,1,0,0,18.0,0.0,0.0,12,0,4,0,0.5,56.7
6,5,12.0,3,1,0,0,0,0,18.0,8.0,0.0,0,0,4,1,0.8333333333333334,33.75
6,4,11.0,2,0,0,0,0,0,12.0,0.0,0.0,0,0,2,0,0.6666666666666666,5.0875
2,3,10.0,4,1,0,0,0,0,24.0,8.0,0.0,0,0,5,1,1.5,15.375
6,3,8.0,7,2,1,1,0,0,42.0,16.0,4.0,12,0,11,2,0.5,44.7
6,2,8.0,5,1,1,0,0,0,30.0,8.0,4.0,0,0,7,1,0.3333333333333333,19.6
7,5,8.0,4,1,0,0,0,0,24.0,8.0,0.0,0,0,5,1,0.7142857142857143,5.0
6,5,18.0,6,3,1,1,0,0,36.0,24.0,4.0,12,0,11,3,0.8333333333333334,100.9125
7,4,8.0,13,3,1,1,0,0,78.0,24.0,4.0,12,0,18,3,0.5714285714285714,59.54999999999999
7,6,11.0,1,1,1,0,0,0,6.0,8.0,4.0,0,0,3,1,0.8571428571428571,15.537499999999998
6,3,8.0,5,2,1,1,0,0,30.0,16.0,4.0,12,0,9,2,0.5,47.1
6,7,10.0,2,4,1,1,0,0,12.0,32.0,4.0,12,0,8,4,1.1666666666666667,73.87500000000001
5,7,12.0,12,5,1,1,0,0,72.0,40.0,4.0,12,0,19,5,1.4,113.775
5,6,14.0,8,2,1,0,0,0,48.0,16.0,4.0,0,0,11,2,1.2,47.25
6,2,12.0,7,1,1,1,0,0,42.0,8.0,4.0,12,0,10,1,0.3333333333333333,61.35
1,1,12.0,3,1,1,1,0,0,18.0,8.0,4.0,12,0,6,1,1.0,54.675
4,2,1.0,5,2,2,1,0,0,5.0,2.0,2.0,12,0,10,2,0.5,34.95
1,1,12.0,4,2,1,1,0,0,24.0,16.0,4.0,12,0,8,2,1.0,69.9
1,1,12.0,3,1,1,1,0,0,18.0,8.0,4.0,12,0,6,1,1.0,47.775
7,3,12.0,12,3,1,1,0,0,72.0,24.0,4.0,12,0,17,3,0.42857142857142855,99.3
3,2,10.0,4,2,1,1,0,0,24.0,16.0,4.0,12,0,8,2,0.6666666666666666,44.625
3,1,10.0,2,1,0,0,0,0,12.0,8.0,0.0,0,0,3,1,0.3333333333333333,9.5625
6,6,10.0,6,1,1,0,0,0,36.0,8.0,4.0,0,0,8,1,1.0,32.0
3,3,22.0,9,2,1,1,0,0,54.0,16.0,4.0,12,0,13,2,1.0,148.775
7,3,14.0,5,3,1,1,0,0,30.0,24.0,4.0,12,0,10,3,0.42857142857142855,64.225
7,4,9.0,8,2,1,1,0,0,48.0,16.0,4.0,12,0,12,2,0.5714285714285714,49.10625
14,20,15.0,11,3,3,1,0,0,66.0,24.0,12.0,12,0,18,3,1.4285714285714286,153.2325
10,4,4.0,6,2,2,1,0,0,24.0,8.0,8.0,12,0,11,2,0.4,39.870000000000005
10,6,8.0,8,3,1,1,0,0,48.0,24.0,4.0,12,0,13,3,0.6,72.25
8,8,9.0,7,2,0,0,0,0,42.0,16.0,0.0,0,0,9,2,1.0,37.9125
2,2,10.0,10,4,1,1,0,0,60.0,32.0,4.0,12,0,16,4,1.0,82.875
3,3,6.0,10,2,1,0,0,0,60.0,12.0,4.0,0,0,13,2,1.0,16.35
5,2,5.0,10,3,1,1,0,0,50.0,15.0,4.0,12,0,15,3,0.4,33.84375
6,3,5.0,15,4,1,1,0,0,75.0,20.0,4.0,12,0,21,4,0.5,43.9375
5,2,8.0,8,3,1,1,0,0,48.0,24.0,4.0,12,0,13,3,0.4,53.55
5,3,20.0,6,2,0,1,0,0,36.0,16.0,0.0,12,0,9,2,0.6,100.25
1,1,18.0,2,1,0,0,0,0,12.0,8.0,0.0,0,0,3,1,1.0,27.450000000000003
6,4,19.0,8,2,1,1,0,0,48.0,16.0,4.0,12,0,12,2,0.6666666666666666,122.43125
5,4,19.0,9,4,1,1,0,0,54.0,32.0,4.0,12,0,15,4,0.8,153.2325
4,4,6.0,5,0,0,1,0,0,30.0,0.0,0.0,12,0,6,0,1.0,17.175
4,3,4.0,6,0,0,0,0,0,24.0,0.0,0.0,0,0,6,0,0.75,3.48
7,4,3.0,8,0,0,1,0,0,24.0,0.0,0.0,12,0,9,0,0.5714285714285714,15.6
3,2,3.0,4,0,0,1,0,0,12.0,0.0,0.0,12,0,5,0,0.6666666666666666,13.26
7,6,2.0,1,0,0,0,0,0,2.0,0.0,0.0,0,0,1,0,0.8571428571428571,0.18
9,7,4.0,8,0,0,0,0,0,32.0,0.0,0.0,0,0,8,0,0.7777777777777778,2.4600000000000004
10,3,5.0,8,0,0,0,0,0,40.0,0.0,0.0,0,0,8,0,0.3,2.5
5,6,3.0,5,0,0,0,0,0,15.0,0.0,0.0,0,0,5,0,1.2,0.9
13,9,11.0,7,0,0,0,0,0,42.0,0.0,0.0,0,0,7,0,0.6923076923076923,2.3375000000000004
9,8,3.0,7,1,0,0,0,0,21.0,3.0,0.0,0,0,8,1,0.8888888888888888,3.120000000000001
6,5,9.0,4,0,0,0,0,0,24.0,0.0,0.0,0,0,4,0,0.8333333333333334,3.6
5,5,3.0,5,0,0,0,0,0,15.0,0.0,0.0,0,0,5,0,1.0,1.2000000000000002
10,8,4.0,4,0,0,0,0,0,16.0,0.0,0.0,0,0,4,0,0.8,5.640000000000001
8,4,4.0,5,0,0,0,0,0,20.0,0.0,0.0,0,0,5,0,0.5,1.8
23,30,3.0,40,0,2,0,0,0,120.0,0.0,6.0,0,0,42,0,1.3043478260869565,19.680000000000003
8,5,3.0,5,0,0,0,0,0,15.0,0.0,0.0,0,0,5,0,0.625,1.08
7,5,7.0,5,0,0,0,0,0,30.0,0.0,0.0,0,0,5,0,0.7142857142857143,1.70625
5,4,10.0,5,2,1,0,0,0,30.0,16.0,4.0,0,0,8,2,0.8,19.75
4,5,5.0,4,0,0,0,0,0,20.0,0.0,0.0,0,0,4,0,1.25,1.1875
4,5,5.0,3,0,0,0,0,0,15.0,0.0,0.0,0,0,3,0,1.25,0.75
6,3,12.0,2,1,1,1,0,0,12.0,8.0,4.0,12,0,5,1,0.5,51.0
8,4,12.0,2,0,1,1,0,0,12.0,0.0,4.0,12,0,4,0,0.5,40.95
12,5,12.0,4,0,1,1,0,0,24.0,0.0,4.0,12,0,6,0,0.4166666666666667,47.1
6,6,12.0,10,0,1,1,0,0,60.0,0.0,4.0,12,0,12,0,1.0,54.6
7,4,10.0,4,0,1,1,0,0,24.0,0.0,4.0,12,0,6,0,0.5714285714285714,35.0
3,3,5.0,6,1,1,1,0,0,30.0,5.0,4.0,12,0,9,1,1.0,22.062500000000004
4,3,8.0,5,0,1,1,0,0,30.0,0.0,4.0,12,0,7,0,0.75,34.7
2,2,12.0,3,0,1,0,0,0,18.0,0.0,4.0,0,0,4,0,1.0,15.75
3,3,10.0,4,2,1,1,0,0,24.0,16.0,4.0,12,0,8,2,1.0,60.75000000000001
2,3,12.0,6,2,1,1,0,0,36.0,16.0,4.0,12,0,10,2,1.5,79.5
5,5,9.0,12,3,2,1,1,4,72.0,24.0,8.0,12,4,19,4,1.0,120.54375
6,4,7.0,10,3,1,1,0,0,60.0,21.0,4.0,12,0,15,3,0.6666666666666666,55.475
6,5,4.0,9,2,0,0,0,0,36.0,8.0,0.0,0,0,11,2,0.8333333333333334,15.0
6,4,6.0,13,2,1,1,0,0,78.0,12.0,4.0,12,0,17,2,0.6666666666666666,48.0
7,5,8.0,13,4,2,1,0,0,78.0,32.0,8.0,12,0,20,4,0.7142857142857143,86.79999999999998
10,8,8.0,10,4,1,1,0,0,60.0,32.0,4.0,12,0,16,4,0.8,69.05
11,10,5.0,20,7,4,1,1,4,100.0,35.0,16.0,12,4,33,8,0.9090909090909091,104.96875
7,3,5.0,8,3,1,1,0,0,40.0,15.0,4.0,12,0,13,3,0.42857142857142855,38.87500000000001
1,1,3.0,3,1,1,0,0,0,9.0,3.0,3.0,0,0,5,1,1.0,10.95
7,4,5.0,16,5,2,1,1,4,80.0,25.0,8.0,12,4,25,6,0.5714285714285714,86.125
6,4,7.0,14,4,1,1,0,0,84.0,28.0,4.0,12,0,20,4,0.6666666666666666,53.15625
5,5,5.0,21,5,2,1,0,0,105.0,25.0,8.0,12,0,29,5,1.0,58.56250000000001
6,5,5.0,18,5,2,1,0,0,90.0,25.0,8.0,12,0,26,5,0.8333333333333334,54.18750000000001
3,2,4.0,4,2,1,1,0,0,16.0,8.0,4.0,12,0,8,2,0.6666666666666666,31.44
6,3,24.0,5,3,1,1,0,0,30.0,24.0,4.0,12,0,10,3,0.5,153.2325
5,4,24.0,8,3,1,1,0,0,48.0,24.0,4.0,12,0,13,3,0.8,153.2325
1,2,24.0,3,1,0,0,0,0,18.0,8.0,0.0,0,0,4,1,2.0,70.5
3,3,24.0,5,2,1,1,0,0,30.0,16.0,4.0,12,0,9,2,1.0,153.2325
7,5,24.0,5,2,0,1,0,0,30.0,16.0,0.0,12,0,8,2,0.7142857142857143,149.1
5,4,5.0,4,2,0,0,0,0,20.0,10.0,0.0,0,0,6,2,0.8,7.5625
2,2,0.0,3,1,0,0,0,0,0.0,0.0,0.0,0,0,4,1,1.0,1.11
3,4,7.0,10,3,1,1,0,0,60.0,21.0,4.0,12,0,15,3,1.3333333333333333,41.825
8,5,14.0,5,3,3,1,0,0,30.0,24.0,12.0,12,0,12,3,0.625,142.1
9,8,6.0,5,3,1,1,0,0,30.0,18.0,4.0,12,0,10,3,0.8888888888888888,48.075
5,4,7.0,6,3,1,1,1,4,36.0,21.0,4.0,12,4,12,4,0.8,94.2375
7,2,5.0,6,3,0,0,0,0,30.0,15.0,0.0,0,0,9,3,0.2857142857142857,19.0625
5,3,12.0,6,4,1,1,1,4,36.0,32.0,4.0,12,4,13,5,0.6,153.225
7,3,11.0,10,3,2,1,1,4,60.0,24.0,8.0,12,4,17,4,0.42857142857142855,153.2325
6,3,24.0,12,3,1,1,1,4,72.0,24.0,4.0,12,4,18,4,0.5,153.2325
6,4,24.0,7,6,2,1,1,4,42.0,48.0,8.0,12,4,17,7,0.6666666666666666,153.2325
7,3,18.0,14,3,1,1,0,0,84.0,24.0,4.0,12,0,19,3,0.42857142857142855,153.2325
7,3,24.0,12,3,1,1,1,4,72.0,24.0,4.0,12,4,18,4,0.42857142857142855,153.2325
18,8,3.0,8,4,4,1,0,0,24.0,12.0,12.0,12,0,17,4,0.4444444444444444,28.08
7,8,4.0,5,2,0,0,0,0,20.0,8.0,0.0,0,0,7,2,1.1428571428571428,10.32
10,8,4.0,5,0,0,0,0,0,20.0,0.0,0.0,0,0,5,0,0.8,0.9
7,5,2.0,5,1,0,0,0,0,10.0,2.0,0.0,0,0,6,1,0.7142857142857143,6.420000000000001
8,6,4.0,5,0,0,0,0,0,20.0,0.0,0.0,0,0,5,0,0.75,1.5
8,6,5.0,4,0,1,0,0,0,20.0,0.0,4.0,0,0,5,0,0.75,3.4375
4,4,4.0,3,0,0,0,0,0,12.0,0.0,0.0,0,0,3,0,1.0,0.81
5,5,4.0,3,0,1,0,0,0,12.0,0.0,4.0,0,0,4,0,1.0,2.52
5,4,0.0,4,0,0,0,0,0,0.0,0.0,0.0,0,0,4,0,0.8,1.2000000000000002
3,1,6.0,5,2,1,0,0,0,30.0,12.0,4.0,0,0,8,2,0.3333333333333333,18.075000000000003
18,9,1.0,15,7,2,0,0,0,15.0,7.0,2.0,0,0,24,7,0.5,43.38
6,5,0.0,4,0,0,0,0,0,0.0,0.0,0.0,0,0,4,0,0.8333333333333334,0.0
3,5,1.0,3,0,0,0,0,0,3.0,0.0,0.0,0,0,3,0,1.6666666666666667,0.9
14,6,2.0,5,0,0,0,0,0,10.0,0.0,0.0,0,0,5,0,0.42857142857142855,1.29
6,5,2.0,6,1,1,0,0,0,12.0,2.0,2.0,0,0,8,1,0.8333333333333334,7.08
14,5,1.0,6,0,0,0,0,0,6.0,0.0,0.0,0,0,6,0,0.35714285714285715,0.0
6,4,1.0,2,0,1,0,0,0,2.0,0.0,1.0,0,0,3,0,0.6666666666666666,0.0
14,5,0.0,3,0,0,0,0,0,0.0,0.0,0.0,0,0,3,0,0.35714285714285715,0.0
3,2,2.0,5,0,1,0,0,0,10.0,0.0,2.0,0,0,6,0,0.6666666666666666,3.66
8,3,5.0,7,3,1,1,0,0,35.0,15.0,4.0,12,0,12,3,0.375,28.59375
5,4,8.0,5,3,1,1,0,0,30.0,24.0,4.0,12,0,10,3,0.8,30.5
5,3,5.0,4,2,1,1,0,0,20.0,10.0,4.0,12,0,8,2,0.6,16.09375
6,3,5.0,4,2,1,1,0,0,20.0,10.0,4.0,12,0,8,2,0.5,15.250000000000002
7,3,10.0,8,3,1,1,0,0,48.0,24.0,4.0,12,0,13,3,0.42857142857142855,61.31250000000001
5,3,6.0,6,1,1,1,0,0,36.0,6.0,4.0,12,0,9,1,0.6,22.875
7,3,7.0,7,2,1,1,0,0,42.0,14.0,4.0,12,0,11,2,0.42857142857142855,29.093750000000004
6,3,4.0,5,2,1,0,0,0,20.0,8.0,4.0,0,0,8,2,0.5,6.720000000000001
5,3,7.0,4,3,1,1,0,0,24.0,21.0,4.0,12,0,9,3,0.6,24.9375
7,3,5.0,7,3,1,1,0,0,35.0,15.0,4.0,12,0,12,3,0.42857142857142855,20.40625
6,4,5.0,6,3,2,1,0,0,30.0,15.0,8.0,12,0,12,3,0.6666666666666666,23.937500000000004
9,6,4.0,9,3,2,0,0,0,36.0,12.0,8.0,0,0,14,3,0.6666666666666666,14.04
5,3,10.0,8,3,2,1,0,0,48.0,24.0,8.0,12,0,14,3,0.6,56.5
8,1,0.0,5,2,0,0,0,0,0.0,0.0,0.0,0,0,7,2,0.125,8.76
7,6,5.0,8,3,2,0,0,0,40.0,15.0,8.0,0,0,13,3,0.8571428571428571,17.75
7,2,6.0,9,3,2,1,0,0,54.0,18.0,8.0,12,0,15,3,0.2857142857142857,38.7375
5,9,12.0,24,3,2,1,1,4,144.0,24.0,8.0,12,4,31,4,1.8,153.2325
12,8,4.0,7,4,0,1,0,0,28.0,16.0,0.0,12,0,12,4,0.6666666666666666,18.15
3,2,4.0,3,0,0,0,0,0,12.0,0.0,0.0,0,0,3,0,0.6666666666666666,0.6300000000000001
20,6,0.0,13,8,1,0,0,0,0.0,0.0,0.0,0,0,22,8,0.3,20.790000000000003
15,7,3.0,7,1,0,0,0,0,21.0,3.0,0.0,0,0,8,1,0.4666666666666667,2.94
11,2,0.0,3,1,0,0,0,0,0.0,0.0,0.0,0,0,4,1,0.18181818181818182,1.7100000000000002
5,2,0.0,2,1,0,0,0,0,0.0,0.0,0.0,0,0,3,1,0.4,1.5300000000000002
8,6,0.0,7,2,0,0,0,0,0.0,0.0,0.0,0,0,9,2,0.75,3.6
2,6,12.0,14,3,1,1,1,4,84.0,24.0,4.0,12,4,20,4,3.0,153.2325
4,3,10.0,4,2,1,1,0,0,24.0,16.0,4.0,12,0,8,2,0.75,34.25
5,3,10.0,4,2,1,1,0,0,24.0,16.0,4.0,12,0,8,2,0.6,33.625
3,2,10.0,3,1,1,1,0,0,18.0,8.0,4.0,12,0,6,1,0.6666666666666666,31.375
4,4,10.0,5,3,1,1,0,0,30.0,24.0,4.0,12,0,10,3,1.0,39.0
5,3,10.0,4,2,1,1,0,0,24.0,16.0,4.0,12,0,8,2,0.6,34.375
3,2,10.0,3,1,1,0,0,0,18.0,8.0,4.0,0,0,5,1,0.6666666666666666,9.375
5,2,8.0,3,1,1,0,0,0,18.0,8.0,4.0,0,0,5,1,0.4,8.1
5,3,6.0,4,2,1,1,0,0,24.0,12.0,4.0,12,0,8,2,0.6,21.45
1,1,8.0,2,1,0,0,0,0,12.0,8.0,0.0,0,0,3,1,1.0,2.5
4,2,4.0,3,1,1,1,0,0,12.0,4.0,4.0,12,0,6,1,0.5,14.52
2,1,6.0,1,0,0,0,0,0,6.0,0.0,0.0,0,0,1,0,0.5,0.4499999999999999
3,2,10.0,3,1,0,0,0,0,18.0,8.0,0.0,0,0,4,1,0.6666666666666666,2.8750000000000004
5,5,6.0,6,3,1,1,0,0,36.0,18.0,4.0,12,0,11,3,1.0,23.475
1,1,8.0,2,1,1,0,0,0,12.0,8.0,4.0,0,0,4,1,1.0,5.7
6,4,5.0,5,2,1,1,0,0,25.0,10.0,4.0,12,0,9,2,0.6666666666666666,18.0625
5,4,4.0,7,4,2,1,0,0,28.0,16.0,8.0,12,0,14,4,0.8,42.39
7,4,3.0,6,3,0,1,0,0,18.0,9.0,0.0,12,0,10,3,0.5714285714285714,25.44
6,2,1.0,2,1,0,0,0,0,2.0,1.0,0.0,0,0,3,1,0.3333333333333333,4.38
3,3,1.0,3,0,0,0,0,0,3.0,0.0,0.0,0,0,3,0,1.0,5.16
2,3,1.0,3,2,0,0,0,0,3.0,2.0,0.0,0,0,5,2,1.5,4.5
5,4,1.0,5,0,0,0,0,0,5.0,0.0,0.0,0,0,5,0,0.8,5.640000000000001
6,5,4.0,6,4,2,1,0,0,24.0,16.0,8.0,12,0,13,4,0.8333333333333334,41.79
2,6,4.0,6,3,1,1,0,0,24.0,12.0,4.0,12,0,11,3,3.0,29.700000000000003
14,8,5.0,10,4,1,1,0,0,50.0,20.0,4.0,12,0,16,4,0.5714285714285714,25.5625
8,8,8.0,8,2,1,0,0,0,48.0,16.0,4.0,0,0,11,2,1.0,14.199999999999998
4,2,4.0,3,2,1,0,0,0,12.0,8.0,4.0,0,0,6,2,0.5,3.39
7,4,4.0,7,4,0,1,0,0,28.0,16.0,0.0,12,0,12,4,0.5714285714285714,23.76
12,4,4.0,5,1,2,0,0,0,20.0,4.0,8.0,0,0,8,1,0.3333333333333333,15.18
8,6,4.0,8,0,0,0,0,0,32.0,0.0,0.0,0,0,8,0,0.75,2.28
2,1,4.0,2,0,0,0,0,0,8.0,0.0,0.0,0,0,2,0,0.5,0.6000000000000001
7,2,5.0,4,0,0,1,0,0,20.0,0.0,0.0,12,0,5,0,0.2857142857142857,12.65625
6,2,6.0,5,1,0,1,0,0,30.0,6.0,0.0,12,0,7,1,0.3333333333333333,18.9
4,6,10.0,5,1,1,1,0,0,30.0,8.0,4.0,12,0,8,1,1.5,43.125
7,5,9.0,7,0,0,0,0,0,42.0,0.0,0.0,0,0,7,0,0.7142857142857143,6.1875
17,7,9.0,10,5,3,0,0,0,60.0,40.0,12.0,0,0,18,5,0.4117647058823529,67.21875
8,3,9.0,6,2,0,0,0,0,36.0,16.0,0.0,0,0,8,2,0.375,13.33125
10,6,9.0,7,2,0,0,0,0,42.0,16.0,0.0,0,0,9,2,0.6,16.3125
10,6,9.0,8,5,0,1,0,0,48.0,40.0,0.0,12,0,14,5,0.6,58.10625
10,6,9.0,8,3,2,0,0,0,48.0,24.0,8.0,0,0,13,3,0.6,39.65625
12,5,9.0,8,1,0,0,0,0,48.0,8.0,0.0,0,0,9,1,0.4166666666666667,11.7
11,5,2.0,9,2,1,0,0,0,18.0,4.0,2.0,0,0,12,2,0.45454545454545453,0.36
2,4,4.0,4,0,0,0,0,0,16.0,0.0,0.0,0,0,4,0,2.0,0.0
11,6,2.0,12,1,0,0,0,0,24.0,2.0,0.0,0,0,13,1,0.5454545454545454,0.36
3,8,3.0,14,6,2,1,0,0,42.0,18.0,6.0,12,0,23,6,2.6666666666666665,24.570000000000004
10,6,1.0,7,1,1,0,0,0,7.0,1.0,1.0,0,0,9,1,0.6,4.32
9,5,1.0,4,0,0,0,0,0,4.0,0.0,0.0,0,0,4,0,0.5555555555555556,3.6
14,8,0.0,3,0,0,0,0,0,0.0,0.0,0.0,0,0,3,0,0.5714285714285714,0.0
9,8,1.0,6,0,0,0,0,0,6.0,0.0,0.0,0,0,6,0,0.8888888888888888,0.9600000000000002
13,7,1.0,7,3,0,0,0,0,7.0,3.0,0.0,0,0,10,3,0.5384615384615384,2.1
8,7,5.0,8,3,1,0,0,0,40.0,15.0,4.0,0,0,12,3,0.875,12.21875
3,5,1.0,3,0,0,0,0,0,3.0,0.0,0.0,0,0,3,0,1.6666666666666667,0.6000000000000001
17,8,1.0,4,0,0,0,0,0,4.0,0.0,0.0,0,0,4,0,0.47058823529411764,0.24
10,6,1.0,4,0,0,0,0,0,4.0,0.0,0.0,0,0,4,0,0.6,3.84
11,5,1.0,4,0,0,0,0,0,4.0,0.0,0.0,0,0,4,0,0.45454545454545453,3.84
4,3,12.0,15,4,1,1,1,4,90.0,32.0,4.0,12,4,22,5,0.75,153.2325
2,3,12.0,18,3,2,1,1,4,108.0,24.0,8.0,12,4,25,4,1.5,153.2325
4,3,12.0,18,5,1,1,1,4,108.0,40.0,4.0,12,4,26,6,0.75,153.2325
5,3,12.0,16,4,2,1,1,4,96.0,32.0,8.0,12,4,24,5,0.6,153.2325
3,3,12.0,17,4,1,1,0,0,102.0,32.0,4.0,12,0,23,4,1.0,83.475
2,3,24.0,16,6,1,1,0,0,96.0,48.0,4.0,12,0,24,6,1.5,153.2325
2,3,12.0,15,3,2,1,1,4,90.0,24.0,8.0,12,4,22,4,1.5,153.15
5,3,12.0,4,3,1,1,0,0,24.0,24.0,4.0,12,0,9,3,0.6,54.675
4,2,8.0,3,1,0,0,0,0,18.0,8.0,0.0,0,0,4,1,0.5,4.65
3,2,3.0,3,1,1,0,0,0,9.0,3.0,3.0,0,0,5,1,0.6666666666666666,3.4200000000000004
5,3,6.0,5,2,1,0,0,0,30.0,12.0,4.0,0,0,8,2,0.6,11.2875
5,4,4.0,5,3,2,1,0,0,20.0,12.0,8.0,12,0,11,3,0.8,18.78
3,2,6.0,2,1,1,0,0,0,12.0,6.0,4.0,0,0,4,1,0.6666666666666666,5.4750000000000005
7,3,6.0,6,2,1,1,0,0,36.0,12.0,4.0,12,0,10,2,0.42857142857142855,23.4375
4,3,6.0,4,1,0,0,0,0,24.0,6.0,0.0,0,0,5,1,0.75,3.1500000000000004
6,3,6.0,4,2,1,0,0,0,24.0,12.0,4.0,0,0,7,2,0.5,7.0125
4,3,6.0,3,1,0,1,0,0,18.0,6.0,0.0,12,0,5,1,0.75,15.9
4,3,6.0,3,1,0,0,0,0,18.0,6.0,0.0,0,0,4,1,0.75,2.925
5,1,9.0,4,0,1,0,0,0,24.0,0.0,4.0,0,0,5,0,0.2,8.55
7,4,3.0,4,1,1,0,0,0,12.0,3.0,3.0,0,0,6,1,0.5714285714285714,5.04
3,2,6.0,3,1,0,0,0,0,18.0,6.0,0.0,0,0,4,1,0.6666666666666666,2.1000000000000005
4,4,9.0,6,2,2,1,1,4,36.0,16.0,8.0,12,4,12,3,1.0,84.15
2,2,6.0,5,2,1,1,0,0,30.0,12.0,4.0,12,0,9,2,1.0,24.4875
2,1,3.0,2,1,0,0,0,0,6.0,3.0,0.0,0,0,3,1,0.5,1.62
5,3,6.0,5,1,1,0,0,0,30.0,6.0,4.0,0,0,7,1,0.6,9.525
3,3,4.0,10,3,2,1,0,0,40.0,12.0,8.0,12,0,16,3,1.0,38.55
8,4,5.0,8,1,0,0,0,0,40.0,5.0,0.0,0,0,9,1,0.5,3.375
6,2,6.0,5,2,1,0,0,0,30.0,12.0,4.0,0,0,8,2,0.3333333333333333,12.75
2,1,7.0,2,1,1,1,0,0,12.0,7.0,4.0,12,0,5,1,0.5,26.64375
4,2,7.0,3,2,1,1,0,0,18.0,14.0,4.0,12,0,7,2,0.5,33.425
6,3,7.0,10,1,1,1,0,0,60.0,7.0,4.0,12,0,13,1,0.5,37.3625
6,3,10.0,10,2,3,0,0,0,60.0,16.0,12.0,0,0,15,2,0.5,81.25
4,3,10.0,6,4,2,1,0,0,36.0,32.0,8.0,12,0,13,4,0.75,85.50000000000001
6,17,12.0,20,3,3,1,1,4,120.0,24.0,12.0,12,4,28,4,2.8333333333333335,153.2325
7,4,8.0,6,3,1,0,0,0,36.0,24.0,4.0,0,0,10,3,0.5714285714285714,22.6
7,3,9.0,15,4,2,1,0,0,90.0,32.0,8.0,12,0,22,4,0.42857142857142855,69.52499999999999
3,3,12.0,6,2,1,1,1,4,36.0,16.0,4.0,12,4,11,3,1.0,136.05
12,7,0.0,12,2,0,0,0,0,0.0,0.0,0.0,0,0,14,2,0.5833333333333334,8.040000000000001
16,8,0.0,15,8,2,0,0,0,0.0,0.0,0.0,0,0,25,8,0.5,14.46
13,7,14.0,8,1,0,0,0,0,48.0,8.0,0.0,0,0,9,1,0.5384615384615384,17.85
5,3,19.0,4,0,0,0,0,0,24.0,0.0,0.0,0,0,4,0,0.6,12.1125
6,3,8.0,7,1,1,1,0,0,42.0,8.0,4.0,12,0,10,1,0.5,32.099999999999994
2,6,11.0,8,2,0,0,0,0,48.0,16.0,0.0,0,0,10,2,3.0,19.86875
6,6,6.0,8,3,1,0,0,0,48.0,18.0,4.0,0,0,12,3,1.0,19.35
8,3,5.0,5,1,1,0,0,0,25.0,5.0,4.0,0,0,7,1,0.375,6.75
13,25,13.0,20,2,2,0,0,0,120.0,16.0,8.0,0,0,24,2,1.9230769230769231,64.675
7,6,14.0,5,1,1,0,0,0,30.0,8.0,4.0,0,0,7,1,0.8571428571428571,22.225
7,5,5.0,10,3,1,0,0,0,50.0,15.0,4.0,0,0,14,3,0.7142857142857143,11.812500000000002
8,9,4.0,6,0,0,0,0,0,24.0,0.0,0.0,0,0,6,0,1.125,1.7100000000000002
4,8,0.0,3,1,1,0,0,0,0.0,0.0,0.0,0,0,5,1,2.0,9.06
2,3,0.0,2,0,0,0,0,0,0.0,0.0,0.0,0,0,2,0,1.5,0.0
11,6,0.0,0,0,0,0,0,0,0.0,0.0,0.0,0,0,0,0,0.5454545454545454,0.0
13,10,5.0,5,3,0,0,0,0,25.0,15.0,0.0,0,0,8,3,0.7692307692307693,7.375
14,7,0.0,0,0,0,0,0,0,0.0,0.0,0.0,0,0,0,0,0.5,0.0
16,8,6.0,6,3,0,0,0,0,36.0,18.0,0.0,0,0,9,3,0.5,11.25
11,12,5.0,10,0,0,0,0,0,50.0,0.0,0.0,0,0,10,0,1.0909090909090908,3.3125
3,4,0.0,0,0,0,0,0,0,0.0,0.0,0.0,0,0,0,0,1.3333333333333333,0.0
2,12,6.0,15,3,1,1,0,0,90.0,18.0,4.0,12,0,20,3,6.0,43.5
2,2,7.0,5,2,1,1,0,0,30.0,14.0,4.0,12,0,9,2,1.0,53.55
1,1,12.0,3,1,1,1,0,0,18.0,8.0,4.0,12,0,6,1,1.0,47.85
2,3,12.0,4,0,1,0,0,0,24.0,0.0,4.0,0,0,5,0,1.5,19.2
9,6,12.0,8,0,1,1,0,0,48.0,0.0,4.0,12,0,10,0,0.6666666666666666,48.0
2,2,6.0,2,0,0,0,0,0,12.0,0.0,0.0,0,0,2,0,1.0,1.125
3,3,20.0,3,1,0,0,0,0,18.0,8.0,0.0,0,0,4,1,1.0,22.5
4,2,20.0,3,1,0,0,0,0,18.0,8.0,0.0,0,0,4,1,0.5,20.750000000000004
3,3,20.0,3,1,0,0,0,0,18.0,8.0,0.0,0,0,4,1,1.0,20.25
6,3,20.0,5,1,1,1,0,0,30.0,8.0,4.0,12,0,8,1,0.5,98.75
4,2,10.0,3,1,1,1,0,0,18.0,8.0,4.0,12,0,6,1,0.5,45.0
6,1,20.0,3,0,1,1,0,0,18.0,0.0,4.0,12,0,5,0,0.16666666666666666,80.75000000000001
7,3,5.0,4,0,1,1,0,0,20.0,0.0,4.0,12,0,6,0,0.42857142857142855,18.75
12,8,3.0,11,0,0,0,0,0,33.0,0.0,0.0,0,0,11,0,0.6666666666666666,2.58
12,9,5.0,14,6,2,1,0,0,70.0,30.0,8.0,12,0,23,6,0.75,38.5
9,6,10.0,4,2,0,1,0,0,24.0,16.0,0.0,12,0,7,2,0.6666666666666666,56.31250000000001
9,6,10.0,5,2,2,1,0,0,30.0,16.0,8.0,12,0,10,2,0.6666666666666666,85.43750000000001
7,6,10.0,4,0,2,1,0,0,24.0,0.0,8.0,12,0,7,0,0.8571428571428571,79.0625
7,6,10.0,4,1,0,1,0,0,24.0,8.0,0.0,12,0,6,1,0.8571428571428571,40.0
9,6,10.0,4,2,1,1,0,0,24.0,16.0,4.0,12,0,8,2,0.6666666666666666,72.00000000000001
8,6,10.0,5,0,2,1,0,0,30.0,0.0,8.0,12,0,8,0,0.75,71.1875
3,6,6.0,15,4,1,1,0,0,90.0,24.0,4.0,12,0,21,4,2.0,60.225
7,4,5.0,9,3,2,1,0,0,45.0,15.0,8.0,12,0,15,3,0.5714285714285714,34.65625
5,4,7.0,8,4,2,1,0,0,48.0,28.0,8.0,12,0,15,4,0.8,65.45
7,5,0.0,9,4,2,1,0,0,0.0,0.0,0.0,12,0,16,4,0.7142857142857143,43.56
9,5,4.0,8,3,1,1,0,0,32.0,12.0,4.0,12,0,13,3,0.5555555555555556,31.260000000000005
7,4,4.0,10,4,2,1,0,0,40.0,16.0,8.0,12,0,17,4,0.5714285714285714,42.6
6,3,6.0,6,3,1,1,0,0,36.0,18.0,4.0,12,0,11,3,0.5,32.4
7,3,5.0,6,3,1,1,0,0,30.0,15.0,4.0,12,0,11,3,0.42857142857142855,28.312500000000004
3,4,10.0,8,2,1,1,0,0,48.0,16.0,4.0,12,0,12,2,1.3333333333333333,65.56250000000001
7,3,8.0,8,4,1,1,0,0,48.0,32.0,4.0,12,0,14,4,0.42857142857142855,48.75
6,3,9.0,7,3,1,1,0,0,42.0,24.0,4.0,12,0,12,3,0.5,40.837500000000006
6,3,4.0,5,3,1,1,0,0,20.0,12.0,4.0,12,0,10,3,0.5,18.24
7,4,10.0,8,4,2,1,1,4,48.0,32.0,8.0,12,4,16,5,0.5714285714285714,127.5
6,3,7.0,7,3,2,1,0,0,42.0,21.0,8.0,12,0,13,3,0.5,46.2875
7,4,5.0,7,3,1,1,1,4,35.0,15.0,4.0,12,4,13,4,0.5714285714285714,50.4375
5,2,6.0,5,2,1,1,0,0,30.0,12.0,4.0,12,0,9,2,0.4,26.625
5,3,6.0,8,3,1,1,0,0,48.0,18.0,4.0,12,0,13,3,0.6,30.15
2,9,15.0,1,2,1,0,0,0,6.0,16.0,4.0,0,0,4,2,4.5,31.78125
7,16,12.0,4,1,1,1,1,4,24.0,8.0,4.0,12,4,8,2,2.2857142857142856,144.75
10,5,12.0,3,0,0,0,0,0,18.0,0.0,0.0,0,0,3,0,0.5,4.95
10,9,24.0,5,1,1,0,0,0,30.0,8.0,4.0,0,0,7,1,0.9,50.1
6,2,5.0,6,0,1,0,0,0,30.0,0.0,4.0,0,0,7,0,0.3333333333333333,11.0625
9,12,9.0,8,3,1,1,1,4,48.0,24.0,4.0,12,4,14,4,1.3333333333333333,119.7
8,4,13.0,16,3,2,1,1,4,96.0,24.0,8.0,12,4,23,4,0.5,153.2325
4,3,4.0,5,3,1,1,0,0,20.0,12.0,4.0,12,0,10,3,0.75,21.06
5,4,4.0,6,2,1,1,0,0,24.0,8.0,4.0,12,0,10,2,0.8,15.240000000000002
5,3,4.0,5,3,1,1,0,0,20.0,12.0,4.0,12,0,10,3,0.6,16.680000000000003
1,2,8.0,3,1,1,1,0,0,18.0,8.0,4.0,12,0,6,1,2.0,24.5
4,3,4.0,4,3,1,1,0,0,16.0,12.0,4.0,12,0,9,3,0.75,21.660000000000004
1,2,8.0,2,1,1,1,0,0,12.0,8.0,4.0,12,0,5,1,2.0,22.8
3,2,4.0,3,1,1,0,0,0,12.0,4.0,4.0,0,0,5,1,0.6666666666666666,3.4200000000000004
6,4,10.0,8,4,3,1,1,4,48.0,32.0,12.0,12,4,17,5,0.6666666666666666,140.6875
5,3,10.0,4,2,1,1,0,0,24.0,16.0,4.0,12,0,8,2,0.6,31.000000000000004
6,4,5.0,6,4,1,1,0,0,30.0,20.0,4.0,12,0,12,4,0.6666666666666666,21.875
1,1,4.0,2,1,1,0,0,0,8.0,4.0,4.0,0,0,4,1,1.0,2.8800000000000003
5,3,5.0,5,3,1,1,0,0,25.0,15.0,4.0,12,0,10,3,0.6,20.062500000000004
1,2,8.0,3,1,0,0,0,0,18.0,8.0,0.0,0,0,4,1,2.0,2.4
3,3,4.0,4,2,1,1,0,0,16.0,8.0,4.0,12,0,8,2,1.0,17.880000000000003
5,4,10.0,4,2,1,1,0,0,24.0,16.0,4.0,12,0,8,2,0.8,35.875
3,4,5.0,8,3,1,1,0,0,40.0,15.0,4.0,12,0,13,3,1.3333333333333333,23.781250000000004
2,10,6.0,20,3,2,1,0,0,120.0,18.0,8.0,12,0,26,3,5.0,70.5
3,5,6.0,8,3,1,1,0,0,48.0,18.0,4.0,12,0,13,3,1.6666666666666667,37.425
8,7,3.0,5,0,1,0,0,0,15.0,0.0,3.0,0,0,6,0,0.875,9.66
3,1,6.0,4,1,1,1,0,0,24.0,6.0,4.0,12,0,7,1,0.3333333333333333,18.975
5,3,5.0,5,3,1,1,0,0,25.0,15.0,4.0,12,0,10,3,0.6,20.500000000000004
3,2,6.0,3,1,1,0,0,0,18.0,6.0,4.0,0,0,5,1,0.6666666666666666,4.95
5,3,4.0,1,0,0,0,0,0,4.0,0.0,0.0,0,0,1,0,0.6,0.18
3,3,6.0,4,2,2,1,0,0,24.0,12.0,8.0,12,0,9,2,1.0,19.875
5,2,3.0,4,1,1,1,0,0,12.0,3.0,3.0,12,0,7,1,0.4,15.0
3,2,6.0,3,1,0,1,0,0,18.0,6.0,0.0,12,0,5,1,0.6666666666666666,16.3125
3,1,5.0,3,1,1,1,0,0,15.0,5.0,4.0,12,0,6,1,0.3333333333333333,14.562500000000002
3,3,3.0,7,2,1,0,0,0,21.0,6.0,3.0,0,0,10,2,1.0,5.280000000000001
5,3,7.0,8,2,1,1,0,0,48.0,14.0,4.0,12,0,12,2,0.6,25.9875
8,3,8.0,5,2,1,1,0,0,30.0,16.0,4.0,12,0,9,2,0.375,27.95
2,1,5.0,2,0,0,0,0,0,10.0,0.0,0.0,0,0,2,0,0.5,0.5625
3,2,5.0,3,1,1,1,0,0,15.0,5.0,4.0,12,0,6,1,0.6666666666666666,15.187500000000002
3,3,7.0,8,3,1,1,0,0,48.0,21.0,4.0,12,0,13,3,1.0,22.8375
3,3,4.0,1,0,0,0,0,0,4.0,0.0,0.0,0,0,1,0,1.0,0.18
4,1,3.0,2,0,0,0,0,0,6.0,0.0,0.0,0,0,2,0,0.25,0.3
5,3,14.0,6,2,1,0,0,0,36.0,16.0,4.0,0,0,9,2,0.6,59.7625
2,4,18.0,7,4,1,1,0,0,42.0,32.0,4.0,12,0,13,4,2.0,150.52499999999998
4,4,18.0,6,4,1,1,0,0,36.0,32.0,4.0,12,0,12,4,1.0,134.4375
8,9,11.0,7,3,1,1,0,0,42.0,24.0,4.0,12,0,12,3,1.125,104.0875
4,7,10.0,5,1,1,0,0,0,30.0,8.0,4.0,0,0,7,1,1.75,32.375
5,6,15.0,9,3,0,1,0,0,54.0,24.0,0.0,12,0,13,3,1.2,103.96875
2,3,15.0,6,4,1,1,1,4,36.0,32.0,4.0,12,4,13,5,1.5,153.2325
2,2,15.0,8,2,1,1,0,0,48.0,16.0,4.0,12,0,12,2,1.0,91.3125
2,2,15.0,3,2,1,0,0,0,18.0,16.0,4.0,0,0,6,2,1.0,57.37499999999999
2,3,15.0,6,2,1,1,0,0,36.0,16.0,4.0,12,0,10,2,1.5,88.68749999999999
4,3,15.0,5,4,1,1,0,0,30.0,32.0,4.0,12,0,11,4,0.75,102.0
6,4,15.0,6,4,1,1,0,0,36.0,32.0,4.0,12,0,12,4,0.6666666666666666,110.8125
2,2,15.0,3,0,1,1,0,0,18.0,0.0,4.0,12,0,5,0,1.0,64.5
16,12,3.0,20,13,2,1,0,0,60.0,39.0,6.0,12,0,36,13,0.75,87.84
10,4,18.0,7,4,1,1,0,0,42.0,32.0,4.0,12,0,13,4,0.4,113.7375
3,4,18.0,7,3,1,1,0,0,42.0,24.0,4.0,12,0,12,3,1.3333333333333333,111.15
9,6,18.0,10,6,1,1,0,0,60.0,48.0,4.0,12,0,18,6,0.6666666666666666,147.6
9,10,12.0,20,8,1,0,0,0,120.0,64.0,4.0,0,0,29,8,1.1111111111111112,153.2325
5,13,13.0,7,5,1,0,0,0,42.0,40.0,4.0,0,0,13,5,2.6,98.15
12,3,12.0,10,3,1,1,0,0,60.0,24.0,4.0,12,0,15,3,0.25,104.4
7,3,7.0,6,3,1,1,0,0,36.0,21.0,4.0,12,0,11,3,0.42857142857142855,37.8
5,3,10.0,5,3,1,1,0,0,30.0,24.0,4.0,12,0,10,3,0.6,72.25
5,3,13.0,5,3,1,1,0,0,30.0,24.0,4.0,12,0,10,3,0.6,97.825
7,3,13.0,7,3,1,1,0,0,42.0,24.0,4.0,12,0,12,3,0.42857142857142855,106.6
6,3,10.0,5,3,0,0,0,0,30.0,24.0,0.0,0,0,8,3,0.5,14.625000000000002
7,4,14.0,4,3,1,0,0,0,24.0,24.0,4.0,0,0,8,3,0.5714285714285714,50.75
9,4,13.0,8,4,0,1,0,0,48.0,32.0,0.0,12,0,13,4,0.4444444444444444,104.975
4,1,13.0,2,1,1,0,0,0,12.0,8.0,4.0,0,0,4,1,0.25,39.0
2,5,6.0,8,1,1,1,0,0,48.0,6.0,4.0,12,0,11,1,2.5,35.962500000000006
2,1,10.0,4,1,1,1,0,0,24.0,8.0,4.0,12,0,7,1,0.5,34.0
4,2,5.0,6,2,1,1,0,0,30.0,10.0,4.0,12,0,10,2,0.5,23.875
1,1,10.0,3,1,1,1,0,0,18.0,8.0,4.0,12,0,6,1,1.0,30.625
5,2,7.0,3,1,0,0,0,0,18.0,7.0,0.0,0,0,4,1,0.4,5.862500000000001
14,5,8.0,12,3,1,0,0,0,72.0,24.0,4.0,0,0,16,3,0.35714285714285715,29.2
5,2,12.0,5,2,1,0,0,0,30.0,16.0,4.0,0,0,8,2,0.4,34.8
5,2,16.0,7,2,1,1,0,0,42.0,16.0,4.0,12,0,11,2,0.4,102.4
1,1,12.0,4,1,1,0,0,0,24.0,8.0,4.0,0,0,6,1,1.0,35.55
13,5,16.0,10,3,2,1,0,0,60.0,24.0,8.0,12,0,16,3,0.38461538461538464,119.2
9,6,10.0,5,2,0,1,0,0,30.0,16.0,0.0,12,0,8,2,0.6666666666666666,64.375
8,5,10.0,5,2,0,1,0,0,30.0,16.0,0.0,12,0,8,2,0.625,64.375
5,2,24.0,7,1,1,0,0,0,42.0,8.0,4.0,0,0,9,1,0.4,103.8
2,2,24.0,4,1,1,1,0,0,24.0,8.0,4.0,12,0,7,1,1.0,140.4
6,3,24.0,5,2,1,1,0,0,30.0,16.0,4.0,12,0,9,2,0.5,153.2325
6,3,24.0,6,1,1,1,0,0,36.0,8.0,4.0,12,0,9,1,0.5,153.2325
4,3,0.0,5,2,1,0,0,0,0.0,0.0,0.0,0,0,8,2,0.75,10.38
16,7,5.0,20,7,2,0,0,0,100.0,35.0,8.0,0,0,29,7,0.4375,29.406250000000004
2,2,5.0,2,1,1,0,0,0,10.0,5.0,4.0,0,0,4,1,1.0,5.875
5,4,12.0,5,1,1,1,0,0,30.0,8.0,4.0,12,0,8,1,0.8,79.8
5,4,0.0,5,2,1,0,0,0,0.0,0.0,0.0,0,0,8,2,0.8,0.48
6,4,24.0,6,3,1,1,1,4,36.0,24.0,4.0,12,4,12,4,0.6666666666666666,153.2325
4,3,2.0,6,1,1,0,0,0,12.0,2.0,2.0,0,0,8,1,0.75,4.319999999999999
12,7,24.0,18,8,3,1,0,0,108.0,64.0,12.0,12,0,30,8,0.5833333333333334,153.2325
8,7,10.0,4,2,0,1,0,0,24.0,16.0,0.0,12,0,7,2,0.875,64.25
8,6,10.0,4,0,1,0,0,0,24.0,0.0,4.0,0,0,5,0,0.75,14.75
10,7,10.0,4,2,1,1,0,0,24.0,16.0,4.0,12,0,8,2,0.7,65.0
8,6,9.0,4,2,0,1,0,0,24.0,16.0,0.0,12,0,7,2,0.75,51.525000000000006
10,7,10.0,4,2,0,1,0,0,24.0,16.0,0.0,12,0,7,2,0.7,56.75
9,6,10.0,4,2,0,1,0,0,24.0,16.0,0.0,12,0,7,2,0.6666666666666666,64.50000000000001
8,5,10.0,4,2,0,1,0,0,24.0,16.0,0.0,12,0,7,2,0.625,56.5
9,6,14.0,4,0,1,1,0,0,24.0,0.0,4.0,12,0,6,0,0.6666666666666666,88.6375
4,6,17.0,9,3,1,1,0,0,54.0,24.0,4.0,12,0,14,3,1.5,150.025
9,4,4.0,7,0,0,0,0,0,28.0,0.0,0.0,0,0,7,0,0.4444444444444444,4.800000000000001
6,4,10.0,6,0,0,0,0,0,36.0,0.0,0.0,0,0,6,0,0.6666666666666666,7.000000000000001
3,3,4.0,6,1,0,0,0,0,24.0,4.0,0.0,0,0,7,1,1.0,5.460000000000001
4,3,4.0,6,0,0,0,0,0,24.0,0.0,0.0,0,0,6,0,0.75,3.84
3,3,7.0,5,0,0,0,0,0,30.0,0.0,0.0,0,0,5,0,1.0,4.9
7,6,14.0,12,4,1,1,0,0,72.0,32.0,4.0,12,0,18,4,0.8571428571428571,74.025
15,8,1.0,13,8,1,1,0,0,13.0,8.0,1.0,12,0,23,8,0.5333333333333333,25.860000000000003
6,2,5.0,2,1,1,1,0,0,10.0,5.0,4.0,12,0,5,1,0.3333333333333333,18.875
6,4,15.0,4,2,1,1,0,0,24.0,16.0,4.0,12,0,8,2,0.6666666666666666,97.40625
7,2,4.0,5,1,1,1,0,0,20.0,4.0,4.0,12,0,8,1,0.2857142857142857,15.240000000000002
11,7,0.0,6,0,0,0,0,0,0.0,0.0,0.0,0,0,6,0,0.6363636363636364,3.54
12,8,0.0,4,0,0,0,0,0,0.0,0.0,0.0,0,0,4,0,0.6666666666666666,1.98
9,6,0.0,6,0,0,0,0,0,0.0,0.0,0.0,0,0,6,0,0.6666666666666666,3.12
9,4,16.0,4,0,0,0,0,0,24.0,0.0,0.0,0,0,4,0,0.4444444444444444,9.2
2,3,13.0,4,0,0,0,0,0,24.0,0.0,0.0,0,0,4,0,1.5,6.175
13,5,0.0,0,0,0,0,0,0,0.0,0.0,0.0,0,0,0,0,0.38461538461538464,0.36
4,3,0.0,0,0,0,0,0,0,0.0,0.0,0.0,0,0,0,0,0.75,0.36
6,5,0.0,0,0,0,0,0,0,0.0,0.0,0.0,0,0,0,0,0.8333333333333334,0.3
4,5,0.0,0,0,0,0,0,0,0.0,0.0,0.0,0,0,0,0,1.25,0.42
8,5,0.0,0,0,0,0,0,0,0.0,0.0,0.0,0,0,0,0,0.625,0.36
4,3,0.0,0,0,0,0,0,0,0.0,0.0,0.0,0,0,0,0,0.75,0.24
20,6,3.0,11,4,0,0,0,0,33.0,12.0,0.0,0,0,15,4,0.3,8.13
18,7,3.0,9,0,0,0,0,0,27.0,0.0,0.0,0,0,9,0,0.3888888888888889,2.58
5,3,3.0,5,1,0,0,0,0,15.0,3.0,0.0,0,0,6,1,0.6,2.16
5,4,3.0,5,2,0,0,0,0,15.0,6.0,0.0,0,0,7,2,0.8,3.24
11,5,10.0,10,5,1,1,1,4,60.0,40.0,4.0,12,4,18,6,0.45454545454545453,138.875
4,3,4.0,5,2,0,0,0,0,20.0,8.0,0.0,0,0,7,2,0.75,4.08
18,7,4.0,8,2,0,0,0,0,32.0,8.0,0.0,0,0,10,2,0.3888888888888889,5.640000000000001
5,4,3.0,6,1,1,1,0,0,18.0,3.0,3.0,12,0,9,1,0.8,22.950000000000003
9,5,4.0,15,6,2,1,0,0,60.0,24.0,8.0,12,0,24,6,0.5555555555555556,45.18000000000001
6,4,5.0,8,4,2,1,0,0,40.0,20.0,8.0,12,0,15,4,0.6666666666666666,38.65625000000001
1,2,0.0,4,0,0,0,0,0,0.0,0.0,0.0,0,0,4,0,2.0,1.2000000000000002
11,9,0.0,4,0,0,0,0,0,0.0,0.0,0.0,0,0,4,0,0.8181818181818182,3.18
6,4,0.0,6,0,0,0,0,0,0.0,0.0,0.0,0,0,6,0,0.6666666666666666,0.0
4,3,0.0,5,0,0,0,0,0,0.0,0.0,0.0,0,0,5,0,0.75,0.0
5,6,0.0,5,0,0,0,0,0,0.0,0.0,0.0,0,0,5,0,1.2,0.0
2,3,0.0,7,1,0,0,0,0,0.0,0.0,0.0,0,0,8,1,1.5,0.0
5,3,0.0,6,0,0,0,0,0,0.0,0.0,0.0,0,0,6,0,0.6,0.0
5,4,4.0,5,1,1,1,0,0,20.0,4.0,4.0,12,0,8,1,0.8,16.26
5,4,5.0,6,2,1,0,0,0,30.0,10.0,4.0,0,0,9,2,0.8,5.625
10,7,0.0,7,0,0,0,0,0,0.0,0.0,0.0,0,0,7,0,0.7,2.76
18,5,4.0,8,0,0,0,0,0,32.0,0.0,0.0,0,0,8,0,0.2777777777777778,2.64
1,2,4.0,5,0,0,0,0,0,20.0,0.0,0.0,0,0,5,0,2.0,1.56
1,2,0.0,4,1,0,0,0,0,0.0,0.0,0.0,0,0,5,1,2.0,2.04
7,4,0.0,0,0,0,0,0,0,0.0,0.0,0.0,0,0,0,0,0.5714285714285714,0.0
5,2,5.0,10,3,2,1,0,0,50.0,15.0,8.0,12,0,16,3,0.4,41.0
7,5,6.0,16,5,4,1,0,0,96.0,30.0,16.0,12,0,26,5,0.7142857142857143,82.3875
6,4,4.0,16,4,1,1,0,0,64.0,16.0,4.0,12,0,22,4,0.6666666666666666,28.89
6,8,24.0,13,6,1,1,1,4,78.0,48.0,4.0,12,4,22,7,1.3333333333333333,153.2325
4,4,0.0,8,3,1,1,0,0,0.0,0.0,0.0,12,0,13,3,1.0,30.420000000000005
8,4,11.0,8,1,0,1,0,0,48.0,8.0,0.0,12,0,10,1,0.5,43.725
5,3,6.0,7,1,0,0,0,0,42.0,6.0,0.0,0,0,8,1,0.6,7.875
3,2,4.0,6,1,1,0,0,0,24.0,4.0,4.0,0,0,8,1,0.6666666666666666,4.260000000000001
2,4,6.0,8,4,1,1,1,4,48.0,24.0,4.0,12,4,15,5,2.0,72.75
2,3,4.0,4,2,1,1,0,0,16.0,8.0,4.0,12,0,8,2,1.5,23.52
2,2,2.0,4,2,1,1,0,0,8.0,4.0,2.0,12,0,8,2,1.0,17.040000000000003
4,4,2.0,6,4,1,1,1,4,12.0,8.0,2.0,12,4,13,5,1.0,43.8
2,3,4.0,4,0,1,1,0,0,16.0,0.0,4.0,12,0,6,0,1.5,19.08
5,3,8.0,8,2,2,1,0,0,48.0,16.0,8.0,12,0,13,2,0.6,68.85
29,8,8.0,12,9,9,1,0,0,72.0,72.0,36.0,12,0,31,9,0.27586206896551724,148.2
9,8,4.0,15,0,1,1,0,0,60.0,0.0,4.0,12,0,17,0,0.8888888888888888,22.44
5,17,15.0,20,4,2,1,1,4,120.0,32.0,8.0,12,4,28,5,3.4,153.2325
4,3,9.0,6,2,1,0,0,0,36.0,16.0,4.0,0,0,9,2,0.75,29.025
8,7,12.0,21,4,1,1,0,0,126.0,32.0,4.0,12,0,27,4,0.875,102.45000000000002
13,6,4.0,20,7,2,1,0,0,80.0,28.0,8.0,12,0,30,7,0.46153846153846156,44.16
12,7,6.0,17,6,3,1,0,0,102.0,36.0,12.0,12,0,27,6,0.5833333333333334,98.175
2,3,2.0,9,3,2,1,0,0,18.0,6.0,4.0,12,0,15,3,1.5,37.02
6,5,5.0,9,3,1,0,0,0,45.0,15.0,4.0,0,0,13,3,0.8333333333333334,10.531250000000002
4,3,20.0,8,1,1,1,0,0,48.0,8.0,4.0,12,0,11,1,0.75,129.00000000000003
2,1,8.0,4,2,1,1,0,0,24.0,16.0,4.0,12,0,8,2,0.5,27.6
5,2,6.0,6,3,1,1,0,0,36.0,18.0,4.0,12,0,11,3,0.4,36.6
6,5,4.0,21,5,1,1,0,0,84.0,20.0,4.0,12,0,28,5,0.8333333333333334,32.22
9,8,7.0,14,4,2,0,0,0,84.0,28.0,8.0,0,0,20,4,0.8888888888888888,40.6
11,10,10.0,12,9,2,1,0,0,72.0,72.0,8.0,12,0,24,9,0.9090909090909091,153.2325
7,4,8.0,13,5,2,1,1,4,78.0,40.0,8.0,12,4,22,6,0.5714285714285714,119.7
4,3,5.0,4,2,1,1,0,0,20.0,10.0,4.0,12,0,8,2,0.75,31.156250000000004
2,3,5.0,14,3,1,0,0,0,70.0,15.0,4.0,0,0,18,3,1.5,25.5625
35,15,12.0,30,16,10,1,0,0,180.0,128.0,40.0,12,0,57,16,0.42857142857142855,153.2325
13,7,12.0,15,4,4,1,0,0,90.0,32.0,16.0,12,0,24,4,0.5384615384615384,153.2325
9,6,12.0,9,4,2,1,0,0,54.0,32.0,8.0,12,0,16,4,0.6666666666666666,129.9
11,8,6.0,4,7,3,1,0,0,24.0,42.0,12.0,12,0,15,7,0.7272727272727273,56.85
12,9,3.0,14,2,2,0,0,0,42.0,6.0,6.0,0,0,18,2,0.75,12.420000000000002
5,4,5.0,10,1,1,1,0,0,50.0,5.0,4.0,12,0,13,1,0.8,23.5625
13,6,12.0,6,4,4,1,0,0,36.0,32.0,16.0,12,0,15,4,0.46153846153846156,153.2325
11,7,12.0,7,2,1,1,0,0,42.0,16.0,4.0,12,0,11,2,0.6363636363636364,88.65
10,5,12.0,15,5,4,1,0,0,90.0,40.0,16.0,12,0,25,5,0.5,134.39999999999998
2,2,12.0,5,2,1,1,0,0,30.0,16.0,4.0,12,0,9,2,1.0,101.55
5,3,10.0,9,3,1,1,0,0,54.0,24.0,4.0,12,0,14,3,0.6,69.62500000000001
5,3,10.0,5,2,2,1,0,0,30.0,16.0,8.0,12,0,10,2,0.6,65.625
11,5,7.0,8,5,2,1,0,0,48.0,35.0,8.0,12,0,16,5,0.45454545454545453,38.325
9,3,5.0,7,3,1,1,0,0,35.0,15.0,4.0,12,0,12,3,0.3333333333333333,38.53125
2,5,12.0,16,3,1,1,1,4,96.0,24.0,4.0,12,4,22,4,2.5,148.35
2,12,0.0,3,1,1,0,0,0,0.0,0.0,0.0,0,0,5,1,6.0,19.200000000000003
4,3,5.0,8,5,1,1,0,0,40.0,25.0,4.0,12,0,15,5,0.75,37.21875
9,5,7.0,15,4,3,1,0,0,90.0,28.0,12.0,12,0,23,4,0.5555555555555556,73.67500000000001
8,7,6.0,15,6,2,1,1,4,90.0,36.0,8.0,12,4,25,7,0.875,110.475
6,5,5.0,18,7,1,1,0,0,90.0,35.0,4.0,12,0,27,7,0.8333333333333334,55.875000000000014
10,5,3.0,15,3,1,0,0,0,45.0,9.0,3.0,0,0,19,3,0.5,18.36
9,6,7.0,18,6,4,1,1,4,108.0,42.0,16.0,12,4,30,7,0.6666666666666666,153.2325
8,6,4.0,18,7,2,1,0,0,72.0,28.0,8.0,12,0,28,7,0.75,64.2
11,5,6.0,16,7,4,1,1,4,96.0,42.0,16.0,12,4,29,8,0.45454545454545453,139.5
4,5,8.0,15,5,3,1,0,0,90.0,40.0,12.0,12,0,24,5,1.25,127.09999999999998
1,3,7.0,8,3,2,1,0,0,48.0,21.0,8.0,12,0,14,3,3.0,57.400000000000006
11,3,1.0,5,3,1,1,0,0,5.0,3.0,1.0,12,0,10,3,0.2727272727272727,20.22
7,8,12.0,8,3,2,1,0,0,48.0,24.0,8.0,12,0,14,3,1.1428571428571428,108.15
9,4,9.0,7,4,1,1,0,0,42.0,32.0,4.0,12,0,13,4,0.4444444444444444,65.8125
12,6,19.0,23,7,3,1,1,4,138.0,56.0,12.0,12,4,35,8,0.5,153.2325
2,2,1.0,7,1,1,1,0,0,7.0,1.0,1.0,12,0,10,1,1.0,24.480000000000004
5,3,5.0,8,3,1,1,0,0,40.0,15.0,4.0,12,0,13,3,0.6,31.875
4,4,5.0,6,2,1,1,0,0,30.0,10.0,4.0,12,0,10,2,1.0,30.5625
6,4,20.0,7,2,1,0,0,0,42.0,16.0,4.0,0,0,10,2,0.6666666666666666,72.49999999999999
7,4,22.0,8,3,2,1,0,0,48.0,24.0,8.0,12,0,14,3,0.5714285714285714,153.2325
7,5,7.0,8,4,2,1,0,0,48.0,28.0,8.0,12,0,15,4,0.7142857142857143,60.06875
3,4,5.0,8,4,1,1,0,0,40.0,20.0,4.0,12,0,14,4,1.3333333333333333,38.50000000000001
5,4,4.0,10,2,1,1,0,0,40.0,8.0,4.0,12,0,14,2,0.8,26.82
5,3,17.0,7,3,1,1,0,0,42.0,24.0,4.0,12,0,12,3,0.6,129.4125
3,3,12.0,17,4,2,1,1,4,102.0,32.0,8.0,12,4,25,5,1.0,153.2325
6,8,6.0,6,3,1,0,0,0,36.0,18.0,4.0,0,0,10,3,1.3333333333333333,15.6375
5,6,3.0,5,0,1,0,0,0,15.0,0.0,3.0,0,0,6,0,1.2,3.0
2,14,3.0,3,0,0,0,0,0,9.0,0.0,0.0,0,0,3,0,7.0,4.74
5,3,11.0,6,2,1,1,0,0,36.0,16.0,4.0,12,0,10,2,0.6,63.79999999999999
5,5,5.0,6,1,0,0,0,0,30.0,5.0,0.0,0,0,7,1,1.0,3.1875000000000004
7,4,12.0,8,3,2,1,0,0,48.0,24.0,8.0,12,0,14,3,0.5714285714285714,96.225
3,4,12.0,8,3,1,1,0,0,48.0,24.0,4.0,12,0,13,3,1.3333333333333333,117.0
6,3,14.0,12,5,1,0,1,4,72.0,40.0,4.0,0,4,19,6,0.5,153.2325
6,4,7.0,6,2,1,0,0,0,36.0,14.0,4.0,0,0,9,2,0.6666666666666666,36.575
6,4,10.0,8,3,1,1,0,0,48.0,24.0,4.0,12,0,13,3,0.6666666666666666,48.375
4,3,6.0,14,4,2,1,0,0,84.0,24.0,8.0,12,0,21,4,0.75,53.85
10,8,1.0,8,5,1,1,0,0,8.0,5.0,1.0,12,0,15,5,0.8,21.180000000000003
12,9,4.0,10,7,1,0,0,0,40.0,28.0,4.0,0,0,18,7,0.75,18.78
5,2,2.0,2,2,1,0,0,0,4.0,4.0,2.0,0,0,5,2,0.4,4.83
4,4,6.0,6,3,1,1,0,0,36.0,18.0,4.0,12,0,11,3,1.0,27.45
7,5,6.0,10,2,1,0,0,0,60.0,12.0,4.0,0,0,13,2,0.7142857142857143,26.625
3,2,4.0,1,1,1,0,0,0,4.0,4.0,4.0,0,0,3,1,0.6666666666666666,3.3600000000000003
5,4,12.0,6,6,3,1,1,4,36.0,48.0,12.0,12,4,17,7,0.8,153.2325
8,15,12.0,26,8,3,1,1,4,156.0,64.0,12.0,12,4,39,9,1.875,153.2325
3,3,5.0,8,5,2,1,0,0,40.0,25.0,8.0,12,0,16,5,1.0,40.90625
5,6,3.0,16,5,4,1,0,0,48.0,15.0,12.0,12,0,26,5,1.2,52.260000000000005
4,3,4.0,6,4,1,1,0,0,24.0,16.0,4.0,12,0,12,4,0.75,32.88
5,6,8.0,4,2,1,1,0,0,24.0,16.0,4.0,12,0,8,2,1.2,57.2
3,4,3.0,18,4,2,1,0,0,54.0,12.0,6.0,12,0,25,4,1.3333333333333333,45.57
15,5,6.0,15,5,3,1,0,0,90.0,30.0,12.0,12,0,24,5,0.3333333333333333,70.95
4,3,8.0,6,2,1,0,0,0,36.0,16.0,4.0,0,0,9,2,0.75,20.4
4,2,4.0,8,2,1,0,0,0,32.0,8.0,4.0,0,0,11,2,0.5,18.72
2,24,8.0,10,3,1,1,1,4,60.0,24.0,4.0,12,4,16,4,12.0,132.4
6,8,8.0,13,4,1,1,0,0,78.0,32.0,4.0,12,0,19,4,1.3333333333333333,73.44999999999999
6,7,5.0,9,2,2,0,0,0,45.0,10.0,8.0,0,0,13,2,1.1666666666666667,17.28125
2,2,5.0,4,2,1,1,1,4,20.0,10.0,4.0,12,4,9,3,1.0,56.93750000000001
6,5,10.0,6,1,1,1,1,4,36.0,8.0,4.0,12,4,10,2,0.8333333333333334,108.5
4,4,5.0,16,5,1,1,0,0,80.0,25.0,4.0,12,0,23,5,1.0,50.9375
1,1,10.0,4,1,1,1,1,4,24.0,8.0,4.0,12,4,8,2,1.0,91.625
10,8,8.0,10,4,1,1,0,0,60.0,32.0,4.0,12,0,16,4,0.8,68.05
5,9,11.0,4,1,0,0,0,0,24.0,8.0,0.0,0,0,5,1,1.8,18.0125
5,5,11.0,3,1,1,1,0,0,18.0,8.0,4.0,12,0,6,1,1.0,58.025
4,3,4.0,15,4,2,1,0,0,60.0,16.0,8.0,12,0,22,4,0.75,36.96
4,4,4.0,20,3,1,1,0,0,80.0,12.0,4.0,12,0,25,3,1.0,45.06
3,4,4.0,17,4,2,1,0,0,68.0,16.0,8.0,12,0,24,4,1.3333333333333333,54.18
7,12,15.0,25,6,3,1,1,4,150.0,48.0,12.0,12,4,36,7,1.7142857142857142,153.2325
5,4,6.0,16,5,3,1,1,4,96.0,30.0,12.0,12,4,26,6,0.8,115.125
10,3,10.0,6,1,1,1,0,0,36.0,8.0,4.0,12,0,9,1,0.3,58.0
2,1,10.0,4,2,1,0,0,0,24.0,16.0,4.0,0,0,7,2,0.5,35.25
6,3,5.0,6,2,2,1,0,0,30.0,10.0,8.0,12,0,11,2,0.5,23.312500000000004
7,1,12.0,5,2,1,1,0,0,30.0,16.0,4.0,12,0,9,2,0.14285714285714285,86.25
2,2,2.0,4,1,1,1,0,0,8.0,2.0,2.0,12,0,7,1,1.0,23.52
7,8,8.0,7,2,1,0,0,0,42.0,16.0,4.0,0,0,10,2,1.1428571428571428,29.349999999999994
9,4,8.0,6,2,1,0,0,0,36.0,16.0,4.0,0,0,9,2,0.4444444444444444,23.8
14,7,8.0,4,2,1,1,0,0,24.0,16.0,4.0,12,0,8,2,0.5,29.6
6,4,5.0,4,4,1,1,0,0,20.0,20.0,4.0,12,0,10,4,0.6666666666666666,35.37500000000001
7,7,6.0,13,4,4,1,0,0,78.0,24.0,16.0,12,0,22,4,1.0,48.75000000000001
5,4,7.0,6,1,1,0,0,0,36.0,7.0,4.0,0,0,8,1,0.8,5.075
11,11,9.0,9,4,2,1,1,4,54.0,32.0,8.0,12,4,17,5,1.0,137.19375000000002
11,6,6.0,15,5,3,1,0,0,90.0,30.0,12.0,12,0,24,5,0.5454545454545454,78.4875
