hierarchical_cluster,household_size,number_of_rooms,daily_supply_hours,light_bulb_count,fan_count,television_count,fridge_count,ac_count,average_ac_usage_hours,estimated_monthly_kwh
0,7.14622641509434,4.75501179245283,6.759139150943396,6.582252358490566,1.7992334905660377,0.7688679245283019,0.39946933962264153,0.00029481132075471697,0.0011792452830188679,31.889293558372643
1,5.260869565217392,5.27536231884058,12.115942028985508,9.801932367149758,3.3091787439613527,1.6376811594202898,0.961352657004831,1.0,4.0,170.4688768115942
