kmeans_cluster,household_size,number_of_rooms,daily_supply_hours,light_bulb_count,fan_count,television_count,fridge_count,ac_count,average_ac_usage_hours,estimated_monthly_kwh
0,6.960352422907489,6.1629955947136565,12.273127753303966,10.863436123348018,4.0176211453744495,1.9647577092511013,0.960352422907489,0.9162995594713657,3.6651982378854626,178.85121696035242
1,7.0430011862396205,4.692170818505338,6.716785290628707,6.491696322657177,1.7425860023724793,0.7416963226571768,0.3962040332147094,0.0,0.0,30.503059015421115
