Model,MAE,MSE,RMSE,R2 Score
Gradient Boosting Regressor,8.78257015281778,265.13754782777573,16.28304479597645,0.9231176987389247
Random Forest Regressor,8.966310093715036,325.81157092781245,18.05025127048963,0.9055239683868264
Linear Regression,18.193937032379605,783.7279424612938,27.995141408131765,0.7727413251246809
Decision Tree Regressor,11.901329063310103,821.5090433262196,28.66197905459809,0.7617858870795229
