state,estimated_monthly_kwh
Rivers,68.74660274621213
Kogi,66.48324218750001
Federal Capital Territory,62.50533627717391
Nassarawa,48.361231617647064
Edo,47.01369791666667
Niger,46.8318612132353
Akwa Ibom,44.19446748878924
Delta,23.298725
Kaduna,16.413840625
Kano,15.6442625
Zamfara,14.543515625
Katsina,11.82622869318182
