zone,estimated_monthly_kwh
North Central,56.70138229166667
South South,48.14822351959967
North West,14.736802083333332
